"","LC016","LC017","LC019","LC020","LC022","LC023","LC025","LC026"
"ENSMUSG00000000001",2,1,14,18,15,6,12,25
"ENSMUSG00000000056",4,5,17,14,16,8,17,18
"ENSMUSG00000000058",0,0,9,16,9,1,7,13
"ENSMUSG00000000078",4,3,14,33,11,19,7,40
"ENSMUSG00000000085",18,18,63,73,50,31,53,92
"ENSMUSG00000000088",39,13,88,142,110,48,122,148
"ENSMUSG00000000126",0,0,1,5,1,0,1,5
"ENSMUSG00000000127",4,9,12,15,10,15,17,20
"ENSMUSG00000000131",7,3,14,13,17,8,10,21
"ENSMUSG00000000134",1,4,2,3,9,3,5,5
"ENSMUSG00000000148",4,0,1,2,2,2,5,7
"ENSMUSG00000000149",1,1,16,12,20,5,12,9
"ENSMUSG00000000168",10,8,22,18,24,24,23,42
"ENSMUSG00000000171",4,3,15,17,13,9,16,26
"ENSMUSG00000000184",10,4,17,11,32,11,22,22
"ENSMUSG00000000194",6,5,18,24,10,12,12,27
"ENSMUSG00000000197",11,4,12,12,16,11,31,14
"ENSMUSG00000000202",23,16,52,73,91,50,67,79
"ENSMUSG00000000223",2,3,10,6,7,3,4,14
"ENSMUSG00000000247",3,0,13,6,10,7,16,11
"ENSMUSG00000000253",8,6,6,15,5,4,12,21
"ENSMUSG00000000266",4,4,11,10,11,1,4,12
"ENSMUSG00000000275",1,2,5,21,1,5,1,26
"ENSMUSG00000000276",1,1,7,10,8,9,7,12
"ENSMUSG00000000278",1,0,9,6,7,3,7,6
"ENSMUSG00000000295",13,5,24,24,19,21,11,44
"ENSMUSG00000000296",14,5,14,22,14,16,16,32
"ENSMUSG00000000305",2,1,33,8,25,4,28,12
"ENSMUSG00000000308",7,7,19,11,13,8,21,11
"ENSMUSG00000000325",4,0,0,7,6,2,3,5
"ENSMUSG00000000326",22,18,68,66,73,34,55,98
"ENSMUSG00000000339",3,10,14,14,8,11,13,26
"ENSMUSG00000000340",4,8,19,12,11,15,4,28
"ENSMUSG00000000346",1,1,16,26,21,11,19,23
"ENSMUSG00000000355",4,1,18,35,16,11,11,42
"ENSMUSG00000000374",4,5,13,13,18,12,16,19
"ENSMUSG00000000378",6,3,14,20,13,16,16,20
"ENSMUSG00000000386",0,0,0,4,0,1,2,19
"ENSMUSG00000000392",0,1,2,1,2,1,1,1
"ENSMUSG00000000399",9,0,22,18,21,9,25,24
"ENSMUSG00000000402",0,0,0,0,0,3,1,0
"ENSMUSG00000000416",22,18,35,32,35,39,58,72
"ENSMUSG00000000420",14,13,55,55,36,26,18,44
"ENSMUSG00000000439",1,0,4,4,5,6,7,6
"ENSMUSG00000000440",2,2,1,0,4,5,5,6
"ENSMUSG00000000441",16,4,28,19,22,18,16,45
"ENSMUSG00000000486",1,0,2,4,6,0,8,8
"ENSMUSG00000000489",0,1,1,1,4,0,6,1
"ENSMUSG00000000530",0,1,0,1,1,0,0,1
"ENSMUSG00000000531",6,0,10,4,4,4,9,10
"ENSMUSG00000000532",5,1,8,14,6,13,9,11
"ENSMUSG00000000538",29,6,69,57,82,34,54,66
"ENSMUSG00000000552",2,0,1,6,4,3,10,6
"ENSMUSG00000000555",0,2,2,13,0,2,2,12
"ENSMUSG00000000560",12,7,66,47,61,29,78,59
"ENSMUSG00000000561",2,0,8,9,3,8,5,12
"ENSMUSG00000000563",28,12,94,105,58,46,123,108
"ENSMUSG00000000567",13,8,22,63,33,23,16,66
"ENSMUSG00000000568",5,3,9,13,9,6,10,12
"ENSMUSG00000000581",8,6,23,27,18,11,22,30
"ENSMUSG00000000594",7,14,51,53,49,21,37,37
"ENSMUSG00000000600",17,18,55,47,59,50,67,86
"ENSMUSG00000000605",9,9,21,22,17,15,32,34
"ENSMUSG00000000627",2,0,0,0,1,2,9,2
"ENSMUSG00000000628",0,7,2,37,2,22,1,39
"ENSMUSG00000000631",16,29,112,91,66,65,47,138
"ENSMUSG00000000632",7,1,11,16,8,4,18,8
"ENSMUSG00000000686",8,10,16,27,7,26,9,36
"ENSMUSG00000000708",7,5,20,22,23,12,14,14
"ENSMUSG00000000711",14,6,42,34,28,25,47,77
"ENSMUSG00000000743",5,3,12,29,14,7,9,22
"ENSMUSG00000000751",4,3,21,6,10,4,17,11
"ENSMUSG00000000759",0,1,7,8,6,6,5,9
"ENSMUSG00000000766",2,2,6,4,7,12,12,10
"ENSMUSG00000000776",2,2,3,12,5,4,4,16
"ENSMUSG00000000787",5,8,29,27,16,22,24,26
"ENSMUSG00000000794",3,6,12,13,16,14,11,17
"ENSMUSG00000000804",16,10,49,65,48,54,34,110
"ENSMUSG00000000805",3,1,5,5,4,5,7,7
"ENSMUSG00000000826",14,14,42,52,44,31,54,63
"ENSMUSG00000000827",5,3,17,19,16,8,17,32
"ENSMUSG00000000838",4,1,13,18,17,11,15,23
"ENSMUSG00000000861",7,5,15,28,11,20,28,30
"ENSMUSG00000000876",3,2,16,13,16,6,10,23
"ENSMUSG00000000881",5,1,10,8,9,6,3,4
"ENSMUSG00000000884",4,1,0,6,4,0,2,5
"ENSMUSG00000000902",1,1,17,17,12,5,13,15
"ENSMUSG00000000915",5,2,11,17,17,11,5,24
"ENSMUSG00000000948",0,2,2,4,5,1,4,3
"ENSMUSG00000000959",5,4,26,27,18,14,30,41
"ENSMUSG00000000976",2,4,11,9,7,6,8,7
"ENSMUSG00000000982",0,0,0,13,1,2,0,10
"ENSMUSG00000001016",17,8,23,34,23,30,23,51
"ENSMUSG00000001017",6,9,21,24,21,14,24,30
"ENSMUSG00000001018",9,4,15,31,24,12,13,34
"ENSMUSG00000001025",1,5,7,33,19,9,9,18
"ENSMUSG00000001034",3,2,3,1,5,2,7,6
"ENSMUSG00000001036",8,9,34,11,22,13,25,29
"ENSMUSG00000001039",5,0,3,14,8,4,3,12
"ENSMUSG00000001052",7,7,14,15,19,16,12,29
"ENSMUSG00000001054",1,3,9,11,5,9,10,19
"ENSMUSG00000001056",4,6,23,37,26,12,11,37
"ENSMUSG00000001062",2,4,8,5,7,5,11,13
"ENSMUSG00000001082",2,3,2,14,11,4,6,17
"ENSMUSG00000001089",17,13,39,53,35,36,34,73
"ENSMUSG00000001098",1,2,5,4,1,7,1,5
"ENSMUSG00000001100",7,2,15,20,14,15,18,28
"ENSMUSG00000001105",18,5,47,51,30,38,36,67
"ENSMUSG00000001119",0,2,0,3,2,1,4,2
"ENSMUSG00000001120",4,10,8,31,7,14,10,43
"ENSMUSG00000001123",0,0,1,7,0,2,2,7
"ENSMUSG00000001127",22,7,41,65,42,27,49,51
"ENSMUSG00000001131",0,3,1,29,0,5,0,12
"ENSMUSG00000001138",2,3,10,8,13,7,13,12
"ENSMUSG00000001143",4,4,19,17,11,4,11,9
"ENSMUSG00000001150",0,1,9,1,5,0,5,6
"ENSMUSG00000001151",1,2,5,8,5,5,7,10
"ENSMUSG00000001156",1,2,3,4,3,6,2,8
"ENSMUSG00000001157",9,4,31,31,36,25,46,52
"ENSMUSG00000001158",5,11,38,43,19,14,13,42
"ENSMUSG00000001173",26,20,64,55,40,53,45,83
"ENSMUSG00000001175",119,53,277,444,257,149,334,417
"ENSMUSG00000001211",16,12,42,35,32,24,31,53
"ENSMUSG00000001227",12,5,14,17,9,23,9,20
"ENSMUSG00000001229",1,1,5,4,8,5,13,11
"ENSMUSG00000001240",16,17,29,38,10,21,18,48
"ENSMUSG00000001247",0,0,0,0,3,0,1,0
"ENSMUSG00000001248",6,3,17,14,17,14,17,19
"ENSMUSG00000001260",12,6,31,33,28,23,17,43
"ENSMUSG00000001270",68,46,198,281,250,126,352,273
"ENSMUSG00000001280",4,6,10,8,8,7,7,14
"ENSMUSG00000001288",0,7,14,13,6,7,1,25
"ENSMUSG00000001289",26,13,85,117,51,30,68,98
"ENSMUSG00000001300",1,3,3,4,4,2,7,9
"ENSMUSG00000001305",5,2,3,3,3,2,0,5
"ENSMUSG00000001313",3,0,8,7,5,1,5,8
"ENSMUSG00000001323",14,12,46,24,39,23,20,42
"ENSMUSG00000001334",4,2,11,9,11,6,6,20
"ENSMUSG00000001366",15,10,32,33,26,14,25,37
"ENSMUSG00000001376",23,15,34,45,62,52,32,90
"ENSMUSG00000001380",6,6,19,14,17,12,22,29
"ENSMUSG00000001383",18,11,43,75,53,29,52,94
"ENSMUSG00000001415",9,14,27,22,19,16,21,47
"ENSMUSG00000001416",8,2,20,23,10,10,33,31
"ENSMUSG00000001418",9,8,16,22,25,16,22,20
"ENSMUSG00000001419",11,6,36,23,19,12,26,35
"ENSMUSG00000001424",4,6,14,16,17,13,15,41
"ENSMUSG00000001436",2,1,1,5,5,1,3,6
"ENSMUSG00000001440",3,2,11,18,17,12,16,17
"ENSMUSG00000001441",21,15,60,81,57,40,71,103
"ENSMUSG00000001445",1,2,13,13,3,11,12,28
"ENSMUSG00000001467",10,9,20,22,18,15,14,27
"ENSMUSG00000001518",6,4,10,8,2,6,16,21
"ENSMUSG00000001520",2,0,0,0,2,2,2,1
"ENSMUSG00000001521",30,38,87,101,87,99,50,167
"ENSMUSG00000001524",3,1,4,10,5,1,6,3
"ENSMUSG00000001525",13,8,26,52,41,26,75,66
"ENSMUSG00000001542",4,5,6,13,9,17,3,40
"ENSMUSG00000001552",2,1,14,7,9,6,7,4
"ENSMUSG00000001558",0,1,9,3,6,1,3,13
"ENSMUSG00000001569",6,4,6,5,7,6,8,21
"ENSMUSG00000001576",3,5,28,23,20,14,23,31
"ENSMUSG00000001627",12,23,50,73,37,48,21,80
"ENSMUSG00000001630",2,6,12,28,22,5,11,25
"ENSMUSG00000001642",0,0,5,8,2,2,5,4
"ENSMUSG00000001666",2,2,17,18,15,7,20,19
"ENSMUSG00000001674",5,7,12,15,9,8,13,34
"ENSMUSG00000001687",8,12,28,42,43,32,33,31
"ENSMUSG00000001700",4,5,44,20,42,21,22,36
"ENSMUSG00000001707",7,1,15,24,20,8,16,22
"ENSMUSG00000001729",1,2,5,9,5,8,7,16
"ENSMUSG00000001741",0,0,0,1,1,0,7,1
"ENSMUSG00000001750",1,3,8,10,2,4,2,7
"ENSMUSG00000001755",1,0,5,4,2,2,7,10
"ENSMUSG00000001763",1,0,1,3,7,2,2,6
"ENSMUSG00000001767",2,0,4,6,5,6,4,9
"ENSMUSG00000001768",18,16,39,75,28,63,9,153
"ENSMUSG00000001774",5,1,13,22,9,7,13,26
"ENSMUSG00000001783",5,2,16,16,11,12,19,21
"ENSMUSG00000001786",2,2,3,4,13,5,11,16
"ENSMUSG00000001794",10,7,18,33,27,18,23,31
"ENSMUSG00000001802",1,2,6,4,11,5,6,8
"ENSMUSG00000001827",0,0,2,6,0,0,3,0
"ENSMUSG00000001829",3,2,16,18,6,3,12,18
"ENSMUSG00000001833",27,15,109,104,88,41,95,110
"ENSMUSG00000001844",7,4,13,7,8,3,9,11
"ENSMUSG00000001847",13,15,41,60,33,19,50,46
"ENSMUSG00000001855",7,3,17,20,10,13,18,19
"ENSMUSG00000001865",0,0,1,2,0,0,0,0
"ENSMUSG00000001870",7,5,15,9,21,9,9,9
"ENSMUSG00000001891",7,11,58,42,62,25,44,45
"ENSMUSG00000001909",1,3,11,13,16,7,16,24
"ENSMUSG00000001910",2,2,8,5,8,2,5,12
"ENSMUSG00000001911",13,7,42,40,36,15,46,43
"ENSMUSG00000001924",3,5,19,15,16,9,12,32
"ENSMUSG00000001946",0,0,0,0,0,0,1,1
"ENSMUSG00000001962",0,0,5,3,10,2,3,7
"ENSMUSG00000001964",1,1,4,7,6,4,7,7
"ENSMUSG00000001983",1,1,5,2,4,3,4,11
"ENSMUSG00000001985",2,0,7,15,10,4,9,12
"ENSMUSG00000001986",18,9,46,35,29,31,46,45
"ENSMUSG00000001988",2,0,3,2,0,0,1,2
"ENSMUSG00000001995",2,0,4,1,2,1,10,6
"ENSMUSG00000001998",3,6,13,12,12,6,7,20
"ENSMUSG00000001999",4,0,5,16,5,11,6,13
"ENSMUSG00000002006",2,3,11,5,5,13,16,20
"ENSMUSG00000002010",4,2,12,27,24,10,25,29
"ENSMUSG00000002012",3,1,9,3,6,2,5,9
"ENSMUSG00000002014",10,11,37,48,40,26,30,62
"ENSMUSG00000002015",11,4,17,42,25,20,25,37
"ENSMUSG00000002017",3,4,14,13,8,7,12,27
"ENSMUSG00000002028",10,4,13,19,21,9,22,35
"ENSMUSG00000002031",8,3,12,12,11,10,12,11
"ENSMUSG00000002032",2,1,3,4,9,5,12,12
"ENSMUSG00000002043",2,3,5,9,9,5,9,6
"ENSMUSG00000002052",10,8,28,29,22,36,22,47
"ENSMUSG00000002055",19,12,89,60,50,39,36,69
"ENSMUSG00000002058",0,2,3,11,10,9,6,11
"ENSMUSG00000002059",30,17,84,78,114,56,58,135
"ENSMUSG00000002064",19,32,56,63,56,45,52,93
"ENSMUSG00000002102",3,5,11,30,23,7,15,21
"ENSMUSG00000002103",3,0,13,8,6,7,11,16
"ENSMUSG00000002105",5,5,11,10,15,4,15,12
"ENSMUSG00000002107",142,118,277,188,338,239,373,392
"ENSMUSG00000002109",11,4,21,11,17,17,13,34
"ENSMUSG00000002111",0,0,0,2,1,1,1,1
"ENSMUSG00000002129",8,3,14,11,12,8,8,24
"ENSMUSG00000002190",0,0,1,5,1,2,2,3
"ENSMUSG00000002205",2,1,8,13,9,3,9,17
"ENSMUSG00000002210",2,4,9,16,16,12,10,12
"ENSMUSG00000002222",10,1,22,12,13,10,17,35
"ENSMUSG00000002233",1,0,2,11,2,5,6,6
"ENSMUSG00000002250",5,10,28,24,13,27,14,44
"ENSMUSG00000002265",5,7,15,10,19,10,19,22
"ENSMUSG00000002279",2,1,7,11,10,10,8,14
"ENSMUSG00000002280",5,0,10,4,8,3,10,14
"ENSMUSG00000002289",6,4,1,12,8,4,3,20
"ENSMUSG00000002308",5,5,8,15,17,10,16,18
"ENSMUSG00000002319",2,2,7,8,10,3,4,8
"ENSMUSG00000002325",0,4,2,37,3,20,5,61
"ENSMUSG00000002326",7,6,34,25,33,13,19,37
"ENSMUSG00000002329",4,5,16,14,17,4,8,17
"ENSMUSG00000002332",3,2,10,44,8,14,12,52
"ENSMUSG00000002341",27,18,102,58,93,51,55,76
"ENSMUSG00000002342",3,3,9,15,16,10,6,15
"ENSMUSG00000002343",3,0,11,7,3,3,7,16
"ENSMUSG00000002345",3,0,10,9,10,5,15,10
"ENSMUSG00000002346",9,3,7,6,17,5,9,18
"ENSMUSG00000002365",2,0,9,4,8,9,6,19
"ENSMUSG00000002372",3,4,12,10,9,10,5,21
"ENSMUSG00000002379",20,9,52,77,38,26,35,55
"ENSMUSG00000002395",14,7,21,40,25,11,25,40
"ENSMUSG00000002396",1,5,20,24,6,1,11,29
"ENSMUSG00000002413",17,13,39,59,41,35,49,75
"ENSMUSG00000002416",3,7,21,42,20,17,19,31
"ENSMUSG00000002428",3,1,4,2,1,1,5,6
"ENSMUSG00000002455",13,9,30,23,26,16,16,59
"ENSMUSG00000002459",38,90,288,331,234,223,123,437
"ENSMUSG00000002475",26,18,56,70,59,34,33,58
"ENSMUSG00000002477",9,8,20,26,17,8,26,25
"ENSMUSG00000002489",3,1,2,7,3,5,8,12
"ENSMUSG00000002496",1,1,5,1,10,2,4,3
"ENSMUSG00000002504",0,1,6,3,0,3,1,2
"ENSMUSG00000002524",10,5,23,22,17,7,24,29
"ENSMUSG00000002546",5,3,5,7,12,5,4,15
"ENSMUSG00000002550",0,0,3,5,11,9,5,9
"ENSMUSG00000002578",1,3,3,11,3,8,2,14
"ENSMUSG00000002580",17,11,56,66,38,21,36,62
"ENSMUSG00000002602",2,3,22,15,15,14,6,23
"ENSMUSG00000002617",3,2,7,9,9,10,4,12
"ENSMUSG00000002625",18,6,46,42,68,26,44,78
"ENSMUSG00000002635",3,1,19,9,10,10,18,25
"ENSMUSG00000002658",1,0,8,10,5,6,6,9
"ENSMUSG00000002660",23,20,53,73,52,42,43,80
"ENSMUSG00000002679",11,8,10,14,20,15,16,29
"ENSMUSG00000002688",52,60,115,132,87,101,44,208
"ENSMUSG00000002718",3,7,6,14,10,6,10,16
"ENSMUSG00000002728",5,7,16,30,25,25,24,51
"ENSMUSG00000002732",9,4,9,9,9,7,1,23
"ENSMUSG00000002733",6,2,8,7,5,2,4,8
"ENSMUSG00000002741",2,1,12,16,9,8,13,19
"ENSMUSG00000002748",4,5,15,16,13,7,22,27
"ENSMUSG00000002771",0,0,2,3,2,1,4,1
"ENSMUSG00000002778",6,6,24,51,38,17,35,54
"ENSMUSG00000002797",1,4,4,6,4,1,5,12
"ENSMUSG00000002803",3,3,6,4,10,3,8,6
"ENSMUSG00000002808",12,13,36,48,40,31,18,53
"ENSMUSG00000002812",1,5,6,8,7,6,6,13
"ENSMUSG00000002820",6,2,9,21,13,13,9,25
"ENSMUSG00000002825",7,3,16,13,19,1,6,37
"ENSMUSG00000002833",6,3,13,16,16,12,10,23
"ENSMUSG00000002844",3,6,10,14,18,16,9,20
"ENSMUSG00000002846",3,5,25,19,17,8,15,31
"ENSMUSG00000002847",0,0,0,0,0,0,2,1
"ENSMUSG00000002871",2,0,5,4,11,6,9,7
"ENSMUSG00000002881",0,3,10,5,6,4,3,11
"ENSMUSG00000002897",0,5,2,17,5,11,5,12
"ENSMUSG00000002900",0,0,1,1,1,0,2,2
"ENSMUSG00000002908",1,0,3,3,0,1,1,4
"ENSMUSG00000002910",13,9,51,80,10,22,4,145
"ENSMUSG00000002949",10,3,12,10,21,17,18,25
"ENSMUSG00000002957",18,6,22,49,27,21,37,40
"ENSMUSG00000002963",7,4,14,15,12,6,12,28
"ENSMUSG00000002968",9,5,21,14,17,5,10,22
"ENSMUSG00000002981",10,10,29,53,36,20,32,27
"ENSMUSG00000002983",0,5,2,30,2,14,1,26
"ENSMUSG00000002984",15,4,34,34,33,25,44,69
"ENSMUSG00000002985",726,606,1509,3415,2057,1448,1225,2067
"ENSMUSG00000002996",3,3,5,11,12,5,4,15
"ENSMUSG00000002997",3,2,5,5,5,6,6,8
"ENSMUSG00000003033",1,0,4,16,9,6,9,24
"ENSMUSG00000003038",3,1,13,23,14,5,19,21
"ENSMUSG00000003039",12,5,54,59,34,11,42,73
"ENSMUSG00000003062",4,4,15,24,7,7,6,14
"ENSMUSG00000003068",4,3,15,22,14,6,13,24
"ENSMUSG00000003072",44,20,87,114,76,47,100,106
"ENSMUSG00000003099",7,5,21,21,18,7,19,24
"ENSMUSG00000003119",20,10,30,28,31,22,25,54
"ENSMUSG00000003123",11,7,18,18,6,16,13,38
"ENSMUSG00000003131",13,3,39,41,39,15,27,35
"ENSMUSG00000003134",5,1,4,14,2,8,5,6
"ENSMUSG00000003135",0,2,2,6,6,4,12,6
"ENSMUSG00000003153",11,7,19,19,10,10,21,27
"ENSMUSG00000003161",4,5,16,19,8,10,14,20
"ENSMUSG00000003184",3,5,20,20,12,17,10,17
"ENSMUSG00000003199",1,1,8,13,6,3,8,11
"ENSMUSG00000003200",6,7,12,20,15,15,14,25
"ENSMUSG00000003208",0,5,13,13,9,8,5,18
"ENSMUSG00000003226",5,3,15,10,19,14,11,19
"ENSMUSG00000003228",5,1,7,5,4,3,8,10
"ENSMUSG00000003233",0,0,3,6,2,5,2,5
"ENSMUSG00000003234",1,1,5,8,8,6,6,8
"ENSMUSG00000003235",0,6,7,8,12,4,6,7
"ENSMUSG00000003269",4,6,7,18,8,11,9,14
"ENSMUSG00000003271",2,1,6,1,1,3,4,4
"ENSMUSG00000003273",12,5,19,29,22,13,38,29
"ENSMUSG00000003279",121,87,333,185,306,156,367,341
"ENSMUSG00000003282",0,0,0,0,1,2,2,3
"ENSMUSG00000003283",0,0,0,3,0,0,0,3
"ENSMUSG00000003299",11,8,26,28,22,22,20,38
"ENSMUSG00000003308",2,6,15,10,5,9,21,22
"ENSMUSG00000003316",20,5,53,34,43,17,46,67
"ENSMUSG00000003344",1,1,6,4,5,8,9,7
"ENSMUSG00000003345",1,2,3,4,6,1,6,6
"ENSMUSG00000003346",4,3,15,39,13,10,19,29
"ENSMUSG00000003352",7,1,19,23,13,7,17,29
"ENSMUSG00000003354",2,0,0,2,0,2,3,2
"ENSMUSG00000003360",0,4,6,7,8,8,8,17
"ENSMUSG00000003363",9,4,26,39,34,23,36,39
"ENSMUSG00000003378",7,4,34,27,31,21,34,49
"ENSMUSG00000003380",33,19,76,124,75,44,60,96
"ENSMUSG00000003382",0,0,4,2,3,3,4,2
"ENSMUSG00000003402",3,9,22,25,14,9,10,25
"ENSMUSG00000003410",9,9,26,18,41,16,72,33
"ENSMUSG00000003411",3,3,11,16,12,5,7,16
"ENSMUSG00000003420",0,1,6,8,10,3,5,4
"ENSMUSG00000003421",1,2,6,10,9,3,5,9
"ENSMUSG00000003429",18,2,67,81,49,22,43,85
"ENSMUSG00000003435",4,3,17,11,7,2,16,12
"ENSMUSG00000003437",1,0,5,5,3,4,5,4
"ENSMUSG00000003438",0,1,5,7,7,5,4,4
"ENSMUSG00000003452",16,6,46,39,43,33,42,61
"ENSMUSG00000003458",5,4,11,11,10,4,4,11
"ENSMUSG00000003464",7,5,18,34,23,21,19,38
"ENSMUSG00000003469",5,4,21,17,22,9,28,25
"ENSMUSG00000003500",1,1,5,1,1,3,4,4
"ENSMUSG00000003518",7,9,36,37,31,21,36,40
"ENSMUSG00000003526",34,27,66,58,73,57,32,126
"ENSMUSG00000003527",2,2,3,10,7,5,5,10
"ENSMUSG00000003531",8,2,25,34,15,18,18,33
"ENSMUSG00000003534",13,9,19,40,37,27,22,35
"ENSMUSG00000003541",2,4,5,43,3,19,3,39
"ENSMUSG00000003549",2,2,9,6,5,2,8,15
"ENSMUSG00000003575",3,6,9,5,13,6,13,17
"ENSMUSG00000003581",7,1,20,15,17,16,16,24
"ENSMUSG00000003585",3,5,16,19,11,20,11,22
"ENSMUSG00000003604",4,0,3,1,3,3,3,9
"ENSMUSG00000003617",4,4,8,45,10,13,4,26
"ENSMUSG00000003623",8,7,19,41,31,9,6,45
"ENSMUSG00000003657",0,0,0,5,1,2,7,0
"ENSMUSG00000003660",4,0,9,10,7,10,12,20
"ENSMUSG00000003662",5,0,8,13,6,6,8,11
"ENSMUSG00000003680",3,4,10,17,20,13,11,21
"ENSMUSG00000003721",16,9,24,31,20,16,22,55
"ENSMUSG00000003731",3,4,14,16,9,13,13,28
"ENSMUSG00000003746",8,14,10,60,10,18,17,53
"ENSMUSG00000003762",0,6,20,19,8,11,12,26
"ENSMUSG00000003778",6,9,14,22,20,9,20,26
"ENSMUSG00000003808",4,8,13,23,11,17,17,25
"ENSMUSG00000003809",2,0,6,14,4,9,5,19
"ENSMUSG00000003810",8,11,24,39,21,32,30,53
"ENSMUSG00000003813",0,1,5,10,13,8,6,16
"ENSMUSG00000003814",12,26,79,108,67,38,93,65
"ENSMUSG00000003847",25,24,90,60,68,68,61,96
"ENSMUSG00000003848",7,4,18,20,17,13,14,38
"ENSMUSG00000003863",2,4,9,10,4,6,14,21
"ENSMUSG00000003865",14,11,40,42,24,23,29,37
"ENSMUSG00000003872",5,6,14,28,15,6,25,33
"ENSMUSG00000003873",8,12,44,40,33,12,18,54
"ENSMUSG00000003923",7,5,11,12,7,3,14,21
"ENSMUSG00000003929",1,0,4,4,5,2,6,2
"ENSMUSG00000003934",6,5,13,8,7,8,16,9
"ENSMUSG00000003948",11,8,39,70,28,30,30,53
"ENSMUSG00000003949",7,6,33,32,48,5,29,36
"ENSMUSG00000003955",4,4,36,40,28,14,23,41
"ENSMUSG00000003970",38,27,132,188,89,61,94,184
"ENSMUSG00000003974",50,31,337,76,210,32,122,129
"ENSMUSG00000003992",26,17,83,46,78,34,60,86
"ENSMUSG00000004018",2,3,6,7,5,8,1,7
"ENSMUSG00000004031",5,12,17,15,13,19,23,28
"ENSMUSG00000004032",23,21,66,113,65,57,38,92
"ENSMUSG00000004040",10,42,32,154,21,122,16,210
"ENSMUSG00000004056",2,5,35,18,23,15,24,36
"ENSMUSG00000004069",7,6,19,20,16,14,19,28
"ENSMUSG00000004070",4,5,24,29,17,16,25,25
"ENSMUSG00000004071",27,28,68,71,78,75,35,124
"ENSMUSG00000004096",7,4,15,39,21,19,22,32
"ENSMUSG00000004100",2,0,4,5,6,6,3,12
"ENSMUSG00000004105",3,3,4,0,3,4,1,5
"ENSMUSG00000004110",10,5,16,8,15,12,31,21
"ENSMUSG00000004113",5,5,10,9,9,17,18,18
"ENSMUSG00000004127",4,1,11,13,3,9,9,9
"ENSMUSG00000004151",9,5,30,23,37,17,36,25
"ENSMUSG00000004187",9,4,20,28,16,10,24,20
"ENSMUSG00000004207",79,66,236,337,245,126,282,246
"ENSMUSG00000004221",7,6,14,25,9,16,3,30
"ENSMUSG00000004233",1,2,9,14,11,13,8,12
"ENSMUSG00000004264",9,2,14,28,11,6,27,28
"ENSMUSG00000004267",21,12,40,64,53,31,61,60
"ENSMUSG00000004268",10,4,20,21,13,12,17,25
"ENSMUSG00000004270",26,20,49,35,37,44,31,72
"ENSMUSG00000004285",31,17,73,122,42,41,73,123
"ENSMUSG00000004296",0,0,0,1,0,1,0,1
"ENSMUSG00000004317",8,6,10,9,15,9,11,20
"ENSMUSG00000004319",23,9,55,69,60,43,45,60
"ENSMUSG00000004328",91,66,117,141,119,163,16,239
"ENSMUSG00000004347",2,2,10,16,11,3,23,26
"ENSMUSG00000004356",3,0,8,7,2,5,4,6
"ENSMUSG00000004360",46,35,135,73,66,35,37,101
"ENSMUSG00000004364",6,5,14,28,15,7,8,26
"ENSMUSG00000004366",14,12,49,88,50,23,59,50
"ENSMUSG00000004383",41,30,101,86,96,93,93,154
"ENSMUSG00000004393",2,0,6,4,3,5,8,4
"ENSMUSG00000004394",12,7,36,35,34,22,22,39
"ENSMUSG00000004415",1,0,1,1,0,0,1,1
"ENSMUSG00000004451",1,4,8,14,7,10,5,15
"ENSMUSG00000004455",2,6,22,32,32,21,28,49
"ENSMUSG00000004460",11,4,23,24,14,22,20,31
"ENSMUSG00000004500",3,3,5,1,2,4,3,7
"ENSMUSG00000004508",11,25,17,56,22,49,21,116
"ENSMUSG00000004530",6,1,7,15,8,9,10,5
"ENSMUSG00000004535",5,8,30,25,22,20,35,29
"ENSMUSG00000004558",49,30,179,125,207,70,120,167
"ENSMUSG00000004561",2,0,6,4,8,8,6,9
"ENSMUSG00000004562",5,7,15,26,22,30,13,44
"ENSMUSG00000004565",0,1,5,3,6,4,10,11
"ENSMUSG00000004567",2,0,4,3,6,2,0,1
"ENSMUSG00000004568",9,3,19,9,13,8,6,15
"ENSMUSG00000004591",12,5,21,22,22,16,11,29
"ENSMUSG00000004626",1,0,1,3,2,1,1,1
"ENSMUSG00000004631",4,9,21,15,20,12,32,19
"ENSMUSG00000004633",3,2,3,4,11,3,40,13
"ENSMUSG00000004637",44,57,97,151,121,112,108,143
"ENSMUSG00000004642",10,1,12,20,26,12,17,16
"ENSMUSG00000004661",0,1,1,2,3,0,1,1
"ENSMUSG00000004667",11,6,26,21,19,9,21,25
"ENSMUSG00000004677",2,1,6,6,11,3,6,18
"ENSMUSG00000004698",2,0,16,10,8,7,11,5
"ENSMUSG00000004730",0,0,1,1,1,0,3,0
"ENSMUSG00000004748",7,1,12,23,11,7,16,13
"ENSMUSG00000004768",1,3,3,8,5,2,3,11
"ENSMUSG00000004771",7,3,37,45,22,22,39,32
"ENSMUSG00000004788",2,2,9,22,8,18,6,31
"ENSMUSG00000004789",6,10,32,30,27,17,18,48
"ENSMUSG00000004791",0,0,2,17,2,4,4,9
"ENSMUSG00000004798",22,14,44,46,42,27,48,68
"ENSMUSG00000004815",2,1,4,2,6,1,0,6
"ENSMUSG00000004843",3,2,23,22,7,6,10,17
"ENSMUSG00000004849",17,6,47,45,32,26,35,53
"ENSMUSG00000004865",4,4,20,18,23,14,20,33
"ENSMUSG00000004892",56,56,248,194,322,184,132,244
"ENSMUSG00000004894",5,4,1,9,10,6,11,11
"ENSMUSG00000004895",1,0,2,4,3,3,2,2
"ENSMUSG00000004896",10,6,34,20,27,15,31,44
"ENSMUSG00000004897",5,3,17,31,16,12,24,37
"ENSMUSG00000004902",6,1,44,12,26,5,27,19
"ENSMUSG00000004933",8,6,19,17,26,22,25,53
"ENSMUSG00000004934",5,6,17,21,19,6,9,16
"ENSMUSG00000004936",21,11,65,47,58,33,60,78
"ENSMUSG00000004937",4,3,12,17,21,10,17,24
"ENSMUSG00000004945",4,1,19,19,10,5,7,23
"ENSMUSG00000004951",2,1,1,20,0,6,5,23
"ENSMUSG00000004952",0,0,1,3,0,0,0,1
"ENSMUSG00000004961",5,3,12,14,9,5,7,13
"ENSMUSG00000004980",17,15,90,87,81,58,86,104
"ENSMUSG00000004988",4,1,7,14,7,9,3,16
"ENSMUSG00000004996",2,0,5,6,7,6,8,10
"ENSMUSG00000005034",24,9,46,45,30,16,46,59
"ENSMUSG00000005045",7,2,19,18,10,8,16,11
"ENSMUSG00000005054",10,4,14,37,24,14,20,22
"ENSMUSG00000005057",3,7,4,7,6,6,5,22
"ENSMUSG00000005069",2,1,3,4,4,0,1,6
"ENSMUSG00000005078",22,13,41,37,53,28,37,66
"ENSMUSG00000005087",1,12,4,65,1,17,2,32
"ENSMUSG00000005089",356,408,1479,1410,1077,894,565,1904
"ENSMUSG00000005102",2,2,6,9,5,3,4,8
"ENSMUSG00000005103",5,1,3,15,13,3,5,18
"ENSMUSG00000005107",2,0,2,3,0,1,1,1
"ENSMUSG00000005124",0,0,1,0,1,3,1,4
"ENSMUSG00000005125",2,3,1,5,7,0,4,4
"ENSMUSG00000005142",3,2,6,6,8,5,14,12
"ENSMUSG00000005148",1,2,0,8,0,5,1,7
"ENSMUSG00000005150",12,2,12,9,11,11,16,25
"ENSMUSG00000005161",16,13,51,92,40,23,72,74
"ENSMUSG00000005198",10,8,8,29,17,33,22,61
"ENSMUSG00000005237",3,1,8,3,8,3,3,1
"ENSMUSG00000005262",7,11,25,24,20,18,23,40
"ENSMUSG00000005267",6,0,5,4,8,4,5,6
"ENSMUSG00000005299",4,4,13,10,8,7,10,9
"ENSMUSG00000005312",5,9,21,23,19,6,26,36
"ENSMUSG00000005338",7,6,20,21,19,10,31,34
"ENSMUSG00000005354",12,9,41,42,41,26,43,61
"ENSMUSG00000005357",0,0,1,4,0,0,2,3
"ENSMUSG00000005360",308,340,1077,1314,774,821,403,1736
"ENSMUSG00000005362",3,6,12,19,7,8,18,18
"ENSMUSG00000005364",0,0,0,0,0,0,0,0
"ENSMUSG00000005371",12,23,63,55,48,30,53,68
"ENSMUSG00000005378",3,2,4,10,7,9,10,6
"ENSMUSG00000005417",15,19,21,35,23,28,34,52
"ENSMUSG00000005442",2,3,10,13,4,9,11,16
"ENSMUSG00000005469",9,2,20,13,19,17,21,30
"ENSMUSG00000005481",1,1,3,4,0,2,3,7
"ENSMUSG00000005483",1,1,8,11,3,3,9,11
"ENSMUSG00000005501",20,29,45,80,28,57,19,143
"ENSMUSG00000005505",2,4,2,5,7,4,12,17
"ENSMUSG00000005506",25,26,73,61,64,49,59,100
"ENSMUSG00000005510",16,6,40,42,37,14,34,54
"ENSMUSG00000005514",22,21,70,56,55,36,31,75
"ENSMUSG00000005533",27,25,56,96,51,79,50,122
"ENSMUSG00000005534",13,9,38,26,27,24,30,33
"ENSMUSG00000005540",1,1,1,4,2,1,3,8
"ENSMUSG00000005566",3,3,5,6,8,6,6,8
"ENSMUSG00000005575",7,5,7,13,6,6,13,6
"ENSMUSG00000005580",9,15,30,40,41,29,31,70
"ENSMUSG00000005583",63,43,188,184,172,100,126,207
"ENSMUSG00000005609",2,1,9,7,17,5,6,22
"ENSMUSG00000005610",5,7,46,62,32,25,34,61
"ENSMUSG00000005615",5,1,12,17,11,8,16,24
"ENSMUSG00000005621",9,3,29,14,16,6,19,16
"ENSMUSG00000005625",11,5,28,34,24,19,37,42
"ENSMUSG00000005656",4,2,12,18,19,10,17,21
"ENSMUSG00000005667",10,8,9,11,6,14,6,13
"ENSMUSG00000005672",0,0,3,2,3,2,5,1
"ENSMUSG00000005674",5,2,10,11,10,5,11,23
"ENSMUSG00000005682",2,4,14,10,5,3,10,15
"ENSMUSG00000005683",13,18,74,51,67,34,36,88
"ENSMUSG00000005686",10,20,11,53,16,31,5,51
"ENSMUSG00000005687",15,8,36,31,19,20,24,44
"ENSMUSG00000005698",6,1,11,16,14,9,6,11
"ENSMUSG00000005699",4,6,14,25,15,4,12,16
"ENSMUSG00000005705",3,4,28,23,14,10,10,17
"ENSMUSG00000005716",26,3,33,55,41,23,79,74
"ENSMUSG00000005732",8,2,33,44,34,19,21,38
"ENSMUSG00000005779",6,6,22,15,11,9,18,25
"ENSMUSG00000005802",5,8,18,10,9,15,13,12
"ENSMUSG00000005804",1,0,9,7,1,7,6,12
"ENSMUSG00000005813",2,1,4,6,3,2,9,11
"ENSMUSG00000005823",9,1,10,18,22,14,21,25
"ENSMUSG00000005846",5,2,14,17,12,9,16,23
"ENSMUSG00000005871",19,19,80,67,83,42,59,70
"ENSMUSG00000005873",22,22,97,122,85,66,87,113
"ENSMUSG00000005881",9,7,28,32,19,13,21,25
"ENSMUSG00000005882",11,13,30,37,30,34,26,63
"ENSMUSG00000005886",11,11,36,28,27,25,25,36
"ENSMUSG00000005893",13,10,30,26,21,16,23,34
"ENSMUSG00000005897",3,0,11,12,6,9,10,17
"ENSMUSG00000005899",0,0,2,2,2,6,2,4
"ENSMUSG00000005907",5,5,12,14,5,8,9,12
"ENSMUSG00000005936",1,6,10,9,6,4,9,8
"ENSMUSG00000005949",3,6,14,14,9,12,5,16
"ENSMUSG00000005958",3,1,14,5,9,1,8,8
"ENSMUSG00000005973",1,2,2,8,6,1,6,4
"ENSMUSG00000005981",7,3,5,8,3,4,7,5
"ENSMUSG00000005986",0,2,9,3,11,4,6,7
"ENSMUSG00000006005",14,9,42,31,31,21,22,75
"ENSMUSG00000006010",3,1,6,10,10,5,8,18
"ENSMUSG00000006014",0,0,0,0,1,0,0,1
"ENSMUSG00000006021",5,1,16,10,11,14,16,15
"ENSMUSG00000006024",8,11,29,49,38,18,39,59
"ENSMUSG00000006050",14,15,24,46,25,47,27,82
"ENSMUSG00000006057",31,11,97,159,61,43,87,142
"ENSMUSG00000006058",4,1,30,35,19,15,22,43
"ENSMUSG00000006095",2,3,14,23,21,8,26,30
"ENSMUSG00000006127",2,0,8,6,6,10,10,11
"ENSMUSG00000006134",0,1,6,6,6,5,4,5
"ENSMUSG00000006169",1,8,11,30,12,6,9,12
"ENSMUSG00000006191",18,7,42,33,41,19,24,53
"ENSMUSG00000006205",175,160,314,478,338,351,166,534
"ENSMUSG00000006215",5,1,5,6,6,6,12,18
"ENSMUSG00000006241",3,2,2,10,8,3,4,20
"ENSMUSG00000006262",5,1,14,1,8,10,13,18
"ENSMUSG00000006273",19,16,86,80,65,38,69,92
"ENSMUSG00000006276",12,12,50,26,47,17,34,55
"ENSMUSG00000006288",4,1,10,11,15,6,11,26
"ENSMUSG00000006289",2,0,5,4,13,2,8,14
"ENSMUSG00000006299",8,10,21,27,13,16,24,26
"ENSMUSG00000006301",17,29,39,95,37,111,28,161
"ENSMUSG00000006304",11,14,43,44,38,30,52,65
"ENSMUSG00000006307",3,1,5,10,4,1,4,8
"ENSMUSG00000006315",8,13,37,46,26,14,39,34
"ENSMUSG00000006333",32,19,115,175,69,41,66,104
"ENSMUSG00000006335",2,0,7,4,2,1,9,8
"ENSMUSG00000006356",11,8,46,64,41,45,33,69
"ENSMUSG00000006362",0,0,2,3,1,3,6,2
"ENSMUSG00000006373",27,15,68,105,57,34,77,74
"ENSMUSG00000006386",1,1,6,4,1,4,1,6
"ENSMUSG00000006390",4,3,10,11,7,13,7,24
"ENSMUSG00000006392",4,4,9,7,4,8,3,7
"ENSMUSG00000006403",2,3,4,11,1,5,4,9
"ENSMUSG00000006412",18,18,56,89,45,23,47,109
"ENSMUSG00000006418",10,1,20,18,20,9,22,34
"ENSMUSG00000006423",6,9,18,20,13,20,8,36
"ENSMUSG00000006435",2,1,14,12,10,1,17,10
"ENSMUSG00000006442",1,2,5,13,7,4,5,8
"ENSMUSG00000006463",0,0,3,5,6,5,1,3
"ENSMUSG00000006471",1,1,2,0,2,1,2,1
"ENSMUSG00000006476",13,6,39,43,41,28,31,44
"ENSMUSG00000006494",2,2,7,5,8,4,5,17
"ENSMUSG00000006498",0,0,6,8,2,2,2,10
"ENSMUSG00000006519",0,1,7,17,5,3,7,3
"ENSMUSG00000006522",15,11,53,52,59,15,40,62
"ENSMUSG00000006526",9,4,19,13,12,8,19,15
"ENSMUSG00000006527",5,8,21,25,12,11,13,21
"ENSMUSG00000006575",13,4,34,40,27,23,44,51
"ENSMUSG00000006576",3,3,20,13,16,9,13,18
"ENSMUSG00000006586",5,9,13,15,13,17,33,23
"ENSMUSG00000006589",4,3,10,23,8,8,17,30
"ENSMUSG00000006599",6,1,6,12,11,5,12,13
"ENSMUSG00000006641",1,0,8,5,2,0,2,4
"ENSMUSG00000006651",40,33,139,124,178,123,174,170
"ENSMUSG00000006673",11,16,30,51,39,21,31,57
"ENSMUSG00000006675",11,2,22,26,29,10,26,42
"ENSMUSG00000006676",7,2,17,14,16,11,16,20
"ENSMUSG00000006678",4,1,6,5,7,5,8,8
"ENSMUSG00000006699",26,14,73,98,49,42,76,92
"ENSMUSG00000006705",2,2,4,7,4,3,4,3
"ENSMUSG00000006711",3,1,3,6,5,4,10,11
"ENSMUSG00000006717",12,5,23,34,26,11,31,32
"ENSMUSG00000006728",4,0,9,6,13,8,10,19
"ENSMUSG00000006731",2,1,8,9,11,14,12,13
"ENSMUSG00000006732",2,3,6,8,10,3,5,14
"ENSMUSG00000006736",9,4,33,41,25,19,12,32
"ENSMUSG00000006740",16,26,82,76,72,42,43,96
"ENSMUSG00000006763",2,2,1,2,0,2,5,7
"ENSMUSG00000006782",12,8,36,30,47,14,67,36
"ENSMUSG00000006800",9,6,14,16,11,11,10,10
"ENSMUSG00000006818",5,6,29,65,19,26,28,72
"ENSMUSG00000006850",6,6,16,23,13,16,6,24
"ENSMUSG00000006906",1,3,5,4,9,2,8,9
"ENSMUSG00000006920",9,3,11,16,12,15,6,16
"ENSMUSG00000006930",0,0,1,6,2,1,6,10
"ENSMUSG00000006932",9,6,27,31,21,5,28,29
"ENSMUSG00000006941",32,5,55,91,57,41,52,119
"ENSMUSG00000006958",0,0,2,2,1,5,4,6
"ENSMUSG00000006998",5,2,18,24,16,10,15,17
"ENSMUSG00000007021",9,2,18,27,25,10,31,26
"ENSMUSG00000007029",2,1,2,4,7,3,1,7
"ENSMUSG00000007036",9,12,24,35,24,15,26,37
"ENSMUSG00000007038",5,2,9,14,10,15,12,17
"ENSMUSG00000007041",2,5,3,27,3,5,8,13
"ENSMUSG00000007050",0,2,13,10,4,4,6,16
"ENSMUSG00000007097",243,203,882,714,755,545,453,960
"ENSMUSG00000007107",1,1,0,1,1,3,2,5
"ENSMUSG00000007207",14,8,23,31,35,19,31,45
"ENSMUSG00000007279",0,0,0,0,0,1,1,1
"ENSMUSG00000007338",8,1,8,13,10,12,10,24
"ENSMUSG00000007411",27,33,95,61,59,60,67,119
"ENSMUSG00000007415",9,1,33,13,14,10,6,14
"ENSMUSG00000007458",6,1,15,23,19,20,20,26
"ENSMUSG00000007564",14,7,26,40,37,23,34,34
"ENSMUSG00000007570",8,5,9,12,7,19,8,29
"ENSMUSG00000007594",4,0,18,14,8,9,13,13
"ENSMUSG00000007603",1,0,8,7,6,7,14,10
"ENSMUSG00000007610",1,0,8,9,8,3,5,6
"ENSMUSG00000007613",4,2,13,5,14,8,6,9
"ENSMUSG00000007617",9,8,36,22,24,14,22,32
"ENSMUSG00000007646",1,0,1,1,1,0,5,7
"ENSMUSG00000007653",5,5,7,4,8,9,35,9
"ENSMUSG00000007655",0,2,2,2,0,0,0,2
"ENSMUSG00000007656",37,22,101,162,112,53,83,142
"ENSMUSG00000007659",20,20,36,85,31,53,30,114
"ENSMUSG00000007670",0,1,12,8,7,4,4,9
"ENSMUSG00000007682",14,22,16,45,23,58,10,90
"ENSMUSG00000007721",9,7,19,31,29,20,23,36
"ENSMUSG00000007739",3,4,14,22,10,8,24,19
"ENSMUSG00000007777",1,1,14,13,11,14,13,19
"ENSMUSG00000007783",7,8,8,11,14,10,7,11
"ENSMUSG00000007812",1,2,6,5,6,3,4,14
"ENSMUSG00000007815",11,7,41,48,36,16,48,56
"ENSMUSG00000007817",9,12,64,84,41,48,42,108
"ENSMUSG00000007827",0,4,6,3,6,3,10,3
"ENSMUSG00000007836",4,3,9,15,7,6,15,15
"ENSMUSG00000007850",6,12,27,31,24,13,22,21
"ENSMUSG00000007867",5,5,6,12,10,7,11,15
"ENSMUSG00000007872",17,3,74,113,76,47,85,115
"ENSMUSG00000007877",1,0,1,0,1,0,1,1
"ENSMUSG00000007880",10,9,25,38,18,15,22,27
"ENSMUSG00000007891",19,25,80,107,69,60,60,88
"ENSMUSG00000007892",80,46,258,496,141,89,186,301
"ENSMUSG00000007908",2,3,13,10,9,2,18,13
"ENSMUSG00000007944",17,8,57,116,36,35,38,72
"ENSMUSG00000007950",9,4,26,49,26,19,39,26
"ENSMUSG00000007987",7,4,12,27,11,6,12,17
"ENSMUSG00000007989",0,4,3,6,7,6,6,11
"ENSMUSG00000008028",0,0,1,0,0,2,1,3
"ENSMUSG00000008035",7,2,14,17,36,9,28,15
"ENSMUSG00000008036",21,6,51,83,49,24,55,68
"ENSMUSG00000008129",0,2,6,1,7,3,4,6
"ENSMUSG00000008136",8,4,9,15,13,11,10,24
"ENSMUSG00000008140",25,15,72,104,52,37,80,84
"ENSMUSG00000008153",8,9,23,23,15,18,39,16
"ENSMUSG00000008167",4,2,4,8,5,7,1,10
"ENSMUSG00000008200",1,4,19,19,15,12,11,26
"ENSMUSG00000008206",5,8,13,12,13,10,11,15
"ENSMUSG00000008226",0,4,5,5,5,7,9,13
"ENSMUSG00000008301",9,6,19,18,11,11,17,36
"ENSMUSG00000008305",1,3,11,25,17,19,8,42
"ENSMUSG00000008318",2,0,6,5,2,2,2,5
"ENSMUSG00000008333",1,1,8,18,12,6,11,15
"ENSMUSG00000008348",18,9,60,60,40,25,137,82
"ENSMUSG00000008373",3,4,12,25,16,6,18,26
"ENSMUSG00000008393",3,2,3,13,11,10,1,10
"ENSMUSG00000008398",1,1,1,5,3,1,4,5
"ENSMUSG00000008429",7,6,9,15,12,16,6,19
"ENSMUSG00000008435",1,2,8,6,6,3,8,9
"ENSMUSG00000008450",3,4,8,10,12,6,9,17
"ENSMUSG00000008475",14,5,34,48,13,16,25,54
"ENSMUSG00000008489",8,3,15,13,14,9,15,31
"ENSMUSG00000008496",2,1,4,3,2,4,3,7
"ENSMUSG00000008575",60,40,189,119,165,82,149,129
"ENSMUSG00000008604",3,2,6,8,7,2,5,7
"ENSMUSG00000008658",47,40,65,79,99,85,247,143
"ENSMUSG00000008668",5,2,9,16,7,9,9,23
"ENSMUSG00000008682",3,2,11,4,6,7,6,19
"ENSMUSG00000008683",4,2,16,30,7,10,13,19
"ENSMUSG00000008690",3,4,17,13,21,9,13,25
"ENSMUSG00000008730",5,3,16,43,11,14,12,27
"ENSMUSG00000008734",20,8,88,42,91,26,62,47
"ENSMUSG00000008763",5,13,27,27,23,7,35,40
"ENSMUSG00000008822",2,1,7,10,7,7,9,20
"ENSMUSG00000008855",2,1,8,5,11,1,11,9
"ENSMUSG00000008859",4,4,18,22,11,5,14,20
"ENSMUSG00000008892",10,5,27,44,26,13,38,29
"ENSMUSG00000008958",6,9,16,18,18,8,14,32
"ENSMUSG00000009013",96,47,305,329,205,115,199,295
"ENSMUSG00000009030",1,2,2,6,6,2,6,9
"ENSMUSG00000009035",8,4,20,12,17,10,24,34
"ENSMUSG00000009073",3,11,10,21,17,16,15,39
"ENSMUSG00000009076",5,4,22,19,14,5,11,24
"ENSMUSG00000009079",16,5,23,26,18,13,20,43
"ENSMUSG00000009090",3,3,9,14,5,5,18,16
"ENSMUSG00000009112",9,6,28,29,14,22,8,50
"ENSMUSG00000009207",7,11,16,27,24,18,33,52
"ENSMUSG00000009216",3,1,13,9,8,4,8,17
"ENSMUSG00000009291",13,20,29,52,23,26,16,32
"ENSMUSG00000009292",0,2,4,0,1,1,2,4
"ENSMUSG00000009293",2,2,7,14,3,3,7,11
"ENSMUSG00000009376",0,2,3,8,0,2,1,4
"ENSMUSG00000009378",1,1,0,0,0,1,1,2
"ENSMUSG00000009394",26,13,68,41,62,25,74,63
"ENSMUSG00000009406",4,2,6,11,3,5,7,10
"ENSMUSG00000009418",3,2,13,17,10,7,16,22
"ENSMUSG00000009470",11,5,31,30,25,25,23,72
"ENSMUSG00000009535",1,2,8,5,6,4,11,15
"ENSMUSG00000009545",9,10,33,16,28,18,24,43
"ENSMUSG00000009549",31,17,97,119,79,31,51,112
"ENSMUSG00000009555",3,2,10,5,6,7,7,9
"ENSMUSG00000009563",4,4,13,20,21,12,13,24
"ENSMUSG00000009569",24,20,54,66,51,67,39,95
"ENSMUSG00000009575",13,7,47,44,37,19,44,53
"ENSMUSG00000009596",1,2,9,3,12,3,3,10
"ENSMUSG00000009621",0,0,1,1,1,2,4,2
"ENSMUSG00000009630",7,2,18,21,6,9,14,20
"ENSMUSG00000009633",3,1,10,6,6,2,5,7
"ENSMUSG00000009640",3,0,3,4,7,4,5,3
"ENSMUSG00000009647",24,23,71,58,65,32,36,77
"ENSMUSG00000009670",0,1,2,2,5,1,4,2
"ENSMUSG00000009681",6,6,23,31,19,11,14,28
"ENSMUSG00000009687",0,1,1,1,0,1,5,1
"ENSMUSG00000009733",8,5,32,18,29,15,17,41
"ENSMUSG00000009734",2,0,2,1,2,1,4,4
"ENSMUSG00000009739",4,9,28,25,20,14,17,23
"ENSMUSG00000009741",3,4,9,11,6,4,13,14
"ENSMUSG00000009828",4,3,18,11,11,13,12,14
"ENSMUSG00000009863",12,13,51,57,30,23,41,57
"ENSMUSG00000009894",13,11,41,32,28,19,42,57
"ENSMUSG00000009905",10,9,15,29,12,12,10,22
"ENSMUSG00000009907",4,4,5,14,7,7,13,8
"ENSMUSG00000009927",29,16,119,197,80,44,72,142
"ENSMUSG00000009995",7,10,31,31,36,22,25,41
"ENSMUSG00000010021",3,0,3,3,2,2,3,6
"ENSMUSG00000010025",2,1,7,3,7,5,6,14
"ENSMUSG00000010045",3,2,15,13,12,7,10,22
"ENSMUSG00000010054",7,4,27,34,21,12,17,27
"ENSMUSG00000010057",2,3,3,12,8,5,4,14
"ENSMUSG00000010064",18,15,75,45,90,40,35,69
"ENSMUSG00000010066",0,2,3,3,5,1,8,6
"ENSMUSG00000010067",2,4,4,8,6,14,2,21
"ENSMUSG00000010086",3,5,5,10,12,14,15,15
"ENSMUSG00000010095",26,27,45,110,58,69,54,154
"ENSMUSG00000010097",15,8,39,42,53,34,40,62
"ENSMUSG00000010110",14,12,29,32,32,24,28,59
"ENSMUSG00000010122",0,0,1,0,1,0,0,0
"ENSMUSG00000010136",0,2,1,4,0,0,1,1
"ENSMUSG00000010175",0,0,7,2,1,1,5,0
"ENSMUSG00000010205",2,1,9,13,5,12,5,17
"ENSMUSG00000010277",9,6,25,16,24,16,17,44
"ENSMUSG00000010358",1,2,3,15,0,4,1,30
"ENSMUSG00000010376",30,21,88,117,66,44,73,113
"ENSMUSG00000010392",3,2,13,14,8,6,4,24
"ENSMUSG00000010406",9,5,20,39,18,14,20,28
"ENSMUSG00000010453",8,7,30,23,29,21,26,46
"ENSMUSG00000010461",5,0,13,6,13,2,5,4
"ENSMUSG00000010492",0,2,9,8,5,3,3,8
"ENSMUSG00000010505",0,0,0,0,3,0,6,3
"ENSMUSG00000010517",20,12,34,30,35,17,41,61
"ENSMUSG00000010538",0,2,1,6,14,6,2,12
"ENSMUSG00000010554",10,8,19,12,16,6,14,43
"ENSMUSG00000010607",4,6,17,32,19,16,14,35
"ENSMUSG00000010608",20,16,49,52,51,47,64,104
"ENSMUSG00000010609",3,4,7,6,4,5,2,4
"ENSMUSG00000010663",20,16,40,39,43,61,38,82
"ENSMUSG00000010721",9,7,20,16,19,19,11,27
"ENSMUSG00000010755",2,2,6,13,12,7,11,21
"ENSMUSG00000010797",0,0,0,0,0,0,0,3
"ENSMUSG00000010803",15,14,33,30,26,33,63,52
"ENSMUSG00000010911",0,0,6,5,7,3,2,6
"ENSMUSG00000010914",7,5,20,10,22,17,16,31
"ENSMUSG00000011096",4,5,17,19,13,9,11,9
"ENSMUSG00000011114",3,1,9,13,8,6,8,13
"ENSMUSG00000011148",0,1,2,3,1,2,6,9
"ENSMUSG00000011158",3,6,15,4,13,7,11,11
"ENSMUSG00000011179",2,2,7,12,3,11,2,11
"ENSMUSG00000011256",1,0,3,2,1,1,1,1
"ENSMUSG00000011257",3,1,11,24,13,7,9,7
"ENSMUSG00000011306",8,0,13,8,16,9,11,32
"ENSMUSG00000011589",5,2,10,4,6,4,5,8
"ENSMUSG00000011751",6,2,15,6,7,5,23,7
"ENSMUSG00000011752",29,23,88,140,65,48,110,138
"ENSMUSG00000011831",11,7,34,25,34,26,30,41
"ENSMUSG00000011832",6,3,11,17,13,6,11,15
"ENSMUSG00000011837",2,1,1,9,4,1,9,14
"ENSMUSG00000011877",5,2,9,19,9,9,10,10
"ENSMUSG00000011884",0,2,8,13,4,3,7,4
"ENSMUSG00000011958",1,0,1,6,7,4,4,12
"ENSMUSG00000011960",14,9,34,19,25,32,26,56
"ENSMUSG00000012076",3,7,21,29,24,18,24,41
"ENSMUSG00000012114",12,13,40,51,31,38,25,70
"ENSMUSG00000012117",14,9,38,15,31,21,24,43
"ENSMUSG00000012126",1,2,4,6,6,9,5,15
"ENSMUSG00000012296",2,0,15,7,9,5,8,15
"ENSMUSG00000012405",6,4,15,22,14,7,18,22
"ENSMUSG00000012422",14,9,38,38,33,24,38,62
"ENSMUSG00000012428",0,0,0,24,0,1,0,7
"ENSMUSG00000012429",2,1,5,3,9,1,5,7
"ENSMUSG00000012483",3,1,10,7,7,6,12,11
"ENSMUSG00000012535",15,8,28,28,26,25,15,36
"ENSMUSG00000012609",8,4,22,17,14,6,16,12
"ENSMUSG00000012640",1,0,3,2,1,2,4,7
"ENSMUSG00000012819",2,2,4,15,7,8,11,8
"ENSMUSG00000012848",18,12,76,133,68,31,64,100
"ENSMUSG00000013033",18,19,67,56,50,35,61,61
"ENSMUSG00000013076",2,7,8,25,12,20,9,37
"ENSMUSG00000013089",9,5,38,18,38,15,24,38
"ENSMUSG00000013150",7,3,21,46,12,28,10,90
"ENSMUSG00000013160",14,9,36,46,45,36,60,65
"ENSMUSG00000013236",14,15,56,61,48,51,65,61
"ENSMUSG00000013275",8,12,16,49,10,37,12,36
"ENSMUSG00000013367",3,1,9,4,1,2,3,5
"ENSMUSG00000013418",2,2,7,2,3,1,1,5
"ENSMUSG00000013419",5,3,11,11,6,6,7,15
"ENSMUSG00000013465",9,5,23,26,20,11,24,39
"ENSMUSG00000013495",10,16,34,17,26,14,31,49
"ENSMUSG00000013523",1,3,8,20,8,3,16,10
"ENSMUSG00000013539",7,15,32,30,22,17,26,34
"ENSMUSG00000013584",0,0,0,0,0,0,0,1
"ENSMUSG00000013593",9,3,26,23,16,23,32,41
"ENSMUSG00000013622",31,23,90,126,85,52,70,109
"ENSMUSG00000013646",0,4,3,10,7,5,10,14
"ENSMUSG00000013662",11,7,25,64,31,22,37,48
"ENSMUSG00000013663",17,4,18,52,25,28,30,59
"ENSMUSG00000013698",24,10,49,54,60,32,31,69
"ENSMUSG00000013701",7,6,24,25,26,21,18,62
"ENSMUSG00000013736",2,1,7,4,5,2,6,10
"ENSMUSG00000013766",0,0,1,0,0,0,0,1
"ENSMUSG00000013787",3,8,15,8,8,8,12,13
"ENSMUSG00000013822",5,5,30,22,22,17,18,31
"ENSMUSG00000013833",0,1,3,6,2,3,2,6
"ENSMUSG00000013858",3,2,20,15,10,8,11,15
"ENSMUSG00000013878",4,3,7,7,9,4,12,10
"ENSMUSG00000013921",14,13,32,55,32,25,27,72
"ENSMUSG00000013973",1,2,4,6,5,3,6,10
"ENSMUSG00000013997",7,5,18,11,12,11,17,49
"ENSMUSG00000014039",1,5,4,7,9,1,7,10
"ENSMUSG00000014074",1,0,5,8,7,6,11,17
"ENSMUSG00000014075",3,1,12,17,7,5,14,10
"ENSMUSG00000014077",9,6,29,24,24,24,26,36
"ENSMUSG00000014164",0,1,2,1,0,4,2,5
"ENSMUSG00000014177",9,3,16,32,24,13,23,40
"ENSMUSG00000014195",10,14,26,41,32,23,37,47
"ENSMUSG00000014226",13,3,16,36,23,10,34,31
"ENSMUSG00000014232",0,0,2,10,8,5,10,9
"ENSMUSG00000014243",10,9,16,17,14,10,9,42
"ENSMUSG00000014245",2,3,14,9,9,8,6,21
"ENSMUSG00000014294",24,8,94,136,80,46,67,111
"ENSMUSG00000014303",3,1,13,11,8,8,4,11
"ENSMUSG00000014313",42,22,132,235,119,67,135,155
"ENSMUSG00000014329",5,3,13,16,14,8,12,19
"ENSMUSG00000014349",6,1,4,12,4,3,13,8
"ENSMUSG00000014353",1,9,11,35,9,31,17,34
"ENSMUSG00000014355",3,3,16,18,15,11,12,21
"ENSMUSG00000014361",126,103,333,216,301,197,87,441
"ENSMUSG00000014402",10,8,25,30,29,13,20,34
"ENSMUSG00000014418",0,0,2,4,4,3,4,3
"ENSMUSG00000014426",2,1,5,5,2,5,5,8
"ENSMUSG00000014470",1,2,10,13,14,10,14,12
"ENSMUSG00000014496",5,12,30,36,24,15,24,52
"ENSMUSG00000014498",3,2,9,8,4,7,6,11
"ENSMUSG00000014504",12,4,24,32,22,14,17,41
"ENSMUSG00000014547",4,3,15,9,12,15,10,27
"ENSMUSG00000014550",1,2,4,3,8,3,7,8
"ENSMUSG00000014551",6,2,19,23,15,13,21,18
"ENSMUSG00000014554",3,4,10,8,8,4,17,15
"ENSMUSG00000014592",42,60,58,148,84,166,88,243
"ENSMUSG00000014599",2,5,5,23,7,12,4,33
"ENSMUSG00000014601",4,1,9,5,10,4,8,6
"ENSMUSG00000014602",19,13,74,85,52,50,88,98
"ENSMUSG00000014606",6,5,24,21,26,17,27,32
"ENSMUSG00000014633",7,7,17,21,13,8,13,23
"ENSMUSG00000014668",8,3,10,15,10,10,15,27
"ENSMUSG00000014748",5,0,21,20,26,12,11,24
"ENSMUSG00000014763",13,15,34,41,37,29,21,60
"ENSMUSG00000014769",19,8,48,58,41,26,49,61
"ENSMUSG00000014786",1,1,2,0,1,1,4,2
"ENSMUSG00000014813",0,1,0,0,0,0,0,1
"ENSMUSG00000014846",4,1,4,15,6,6,10,10
"ENSMUSG00000014850",3,2,10,13,3,10,6,14
"ENSMUSG00000014856",12,14,41,54,42,22,38,66
"ENSMUSG00000014859",1,1,11,3,6,4,5,8
"ENSMUSG00000014867",2,6,11,18,17,12,12,18
"ENSMUSG00000014873",2,2,9,12,7,7,12,18
"ENSMUSG00000014905",6,2,40,50,28,14,19,30
"ENSMUSG00000014932",3,6,14,19,9,12,10,14
"ENSMUSG00000014956",15,13,69,79,42,27,52,64
"ENSMUSG00000014959",4,1,12,13,10,7,11,11
"ENSMUSG00000014980",5,3,8,6,9,2,11,10
"ENSMUSG00000015002",11,5,40,42,28,25,33,30
"ENSMUSG00000015027",1,0,4,5,3,4,4,7
"ENSMUSG00000015087",17,10,55,37,46,27,39,89
"ENSMUSG00000015090",42,18,103,100,68,75,57,108
"ENSMUSG00000015092",16,18,59,92,48,25,53,72
"ENSMUSG00000015094",19,18,66,85,58,65,73,122
"ENSMUSG00000015095",3,4,5,17,8,13,10,16
"ENSMUSG00000015112",7,6,4,15,1,18,5,34
"ENSMUSG00000015120",7,6,22,22,15,15,12,27
"ENSMUSG00000015126",5,2,13,15,17,8,6,20
"ENSMUSG00000015127",2,2,4,2,4,1,0,4
"ENSMUSG00000015133",1,3,2,4,4,0,5,3
"ENSMUSG00000015143",5,2,10,10,9,7,7,12
"ENSMUSG00000015149",11,7,32,35,26,21,29,54
"ENSMUSG00000015165",7,10,19,22,18,16,13,65
"ENSMUSG00000015176",1,2,6,11,16,4,13,20
"ENSMUSG00000015189",5,5,20,11,10,7,10,7
"ENSMUSG00000015202",6,11,9,19,10,8,11,27
"ENSMUSG00000015214",9,11,27,21,22,16,13,36
"ENSMUSG00000015217",4,0,10,14,14,4,6,12
"ENSMUSG00000015222",45,38,133,122,130,110,152,158
"ENSMUSG00000015224",8,6,42,28,26,29,16,31
"ENSMUSG00000015243",17,45,32,116,35,77,23,130
"ENSMUSG00000015289",11,8,22,22,24,7,20,26
"ENSMUSG00000015290",4,2,7,11,6,1,5,12
"ENSMUSG00000015291",5,6,25,22,45,16,39,38
"ENSMUSG00000015305",24,26,92,74,77,61,56,105
"ENSMUSG00000015312",2,1,2,15,4,4,5,14
"ENSMUSG00000015316",0,0,0,1,0,3,0,0
"ENSMUSG00000015335",1,2,6,14,6,11,9,12
"ENSMUSG00000015337",8,1,11,22,7,13,7,20
"ENSMUSG00000015340",0,0,1,0,0,0,0,0
"ENSMUSG00000015341",5,8,18,31,21,12,14,38
"ENSMUSG00000015342",1,0,1,5,0,3,2,3
"ENSMUSG00000015354",5,1,4,4,9,11,6,10
"ENSMUSG00000015357",14,14,21,41,19,34,17,40
"ENSMUSG00000015363",3,1,11,4,7,4,6,10
"ENSMUSG00000015377",3,1,17,9,7,10,8,15
"ENSMUSG00000015396",3,2,2,5,2,1,2,7
"ENSMUSG00000015461",5,4,10,17,8,11,11,16
"ENSMUSG00000015474",10,1,15,16,20,18,14,20
"ENSMUSG00000015476",4,2,10,17,8,4,15,10
"ENSMUSG00000015478",1,6,12,19,25,8,9,27
"ENSMUSG00000015484",0,1,22,1,12,0,1,2
"ENSMUSG00000015488",4,2,14,21,13,12,16,15
"ENSMUSG00000015501",23,45,79,151,66,105,71,197
"ENSMUSG00000015522",11,6,24,16,22,14,18,26
"ENSMUSG00000015536",11,4,31,31,26,19,22,38
"ENSMUSG00000015542",0,0,4,9,4,3,5,8
"ENSMUSG00000015568",1,1,0,3,1,1,4,4
"ENSMUSG00000015575",27,27,77,112,55,49,19,96
"ENSMUSG00000015597",3,0,3,4,5,3,6,16
"ENSMUSG00000015599",1,3,10,6,5,0,2,5
"ENSMUSG00000015605",0,1,4,2,2,3,1,3
"ENSMUSG00000015653",2,0,3,1,1,2,1,2
"ENSMUSG00000015656",34,24,105,201,106,67,198,185
"ENSMUSG00000015659",1,3,5,5,8,1,8,8
"ENSMUSG00000015668",9,4,8,21,20,14,15,30
"ENSMUSG00000015671",9,7,25,41,21,8,23,32
"ENSMUSG00000015672",6,2,19,15,14,7,12,24
"ENSMUSG00000015697",3,4,9,12,14,14,22,16
"ENSMUSG00000015709",18,8,47,22,26,38,32,67
"ENSMUSG00000015711",4,4,4,4,5,6,6,12
"ENSMUSG00000015714",8,7,27,19,17,13,20,22
"ENSMUSG00000015733",16,13,47,75,30,26,30,74
"ENSMUSG00000015745",3,2,13,9,14,5,16,15
"ENSMUSG00000015747",2,5,10,6,9,7,9,9
"ENSMUSG00000015748",4,4,13,15,12,6,9,32
"ENSMUSG00000015749",11,2,20,29,24,14,20,40
"ENSMUSG00000015750",8,7,18,23,17,16,13,20
"ENSMUSG00000015755",1,10,21,20,23,11,7,13
"ENSMUSG00000015757",4,4,10,25,19,6,14,32
"ENSMUSG00000015759",7,13,57,63,38,22,38,56
"ENSMUSG00000015766",17,7,60,41,56,23,40,60
"ENSMUSG00000015776",1,0,1,7,7,2,8,3
"ENSMUSG00000015790",5,3,12,18,11,8,19,19
"ENSMUSG00000015804",8,7,30,44,35,18,27,49
"ENSMUSG00000015806",8,3,14,17,24,4,21,35
"ENSMUSG00000015829",0,10,19,11,35,26,44,21
"ENSMUSG00000015837",5,8,11,29,11,21,29,37
"ENSMUSG00000015839",10,13,32,41,29,9,19,51
"ENSMUSG00000015850",5,13,5,41,9,37,3,50
"ENSMUSG00000015852",0,1,1,1,0,1,0,1
"ENSMUSG00000015869",3,3,15,10,15,5,22,23
"ENSMUSG00000015879",1,0,19,3,15,5,8,2
"ENSMUSG00000015882",7,12,27,14,25,24,16,46
"ENSMUSG00000015889",1,1,5,3,1,1,7,4
"ENSMUSG00000015932",2,3,15,10,4,2,10,11
"ENSMUSG00000015937",3,4,15,26,17,7,23,15
"ENSMUSG00000015942",5,0,10,4,4,8,2,7
"ENSMUSG00000015943",5,3,10,22,10,9,7,13
"ENSMUSG00000015944",8,3,17,22,12,12,15,16
"ENSMUSG00000015947",0,0,6,0,0,1,1,0
"ENSMUSG00000015950",0,0,1,2,1,1,0,5
"ENSMUSG00000015961",4,4,10,17,11,8,12,23
"ENSMUSG00000015968",17,8,11,33,13,19,27,42
"ENSMUSG00000015971",2,0,3,8,8,8,11,12
"ENSMUSG00000015981",6,7,15,24,12,13,16,21
"ENSMUSG00000015994",6,4,16,18,22,10,28,15
"ENSMUSG00000016018",6,8,10,17,7,10,10,23
"ENSMUSG00000016024",0,3,1,11,3,1,2,3
"ENSMUSG00000016087",0,0,0,0,1,1,1,0
"ENSMUSG00000016150",7,3,9,15,9,15,58,20
"ENSMUSG00000016179",1,0,1,4,4,2,3,3
"ENSMUSG00000016181",1,1,1,2,1,3,4,5
"ENSMUSG00000016194",17,2,33,29,49,11,45,30
"ENSMUSG00000016200",1,2,4,4,9,3,7,4
"ENSMUSG00000016252",27,14,104,128,80,49,90,121
"ENSMUSG00000016253",1,0,11,7,4,5,6,9
"ENSMUSG00000016256",12,6,24,55,30,15,16,33
"ENSMUSG00000016257",3,2,12,19,8,6,9,16
"ENSMUSG00000016308",7,11,17,22,15,6,17,37
"ENSMUSG00000016319",13,16,46,70,30,33,79,82
"ENSMUSG00000016344",7,1,14,20,18,12,20,28
"ENSMUSG00000016346",6,3,18,17,14,11,18,14
"ENSMUSG00000016349",6,4,19,21,23,18,40,43
"ENSMUSG00000016382",12,5,29,18,24,17,27,25
"ENSMUSG00000016386",11,12,31,10,54,10,39,32
"ENSMUSG00000016409",2,2,7,10,6,1,15,10
"ENSMUSG00000016427",8,5,25,52,30,16,40,43
"ENSMUSG00000016477",2,2,17,6,11,6,7,13
"ENSMUSG00000016481",3,4,12,16,10,8,15,12
"ENSMUSG00000016487",2,2,3,4,9,3,5,3
"ENSMUSG00000016493",4,3,20,14,10,17,9,26
"ENSMUSG00000016494",3,0,5,10,4,4,10,22
"ENSMUSG00000016495",8,6,19,11,13,10,6,13
"ENSMUSG00000016496",0,3,0,17,0,5,0,23
"ENSMUSG00000016510",1,2,4,5,5,4,9,5
"ENSMUSG00000016520",2,0,2,0,3,1,1,2
"ENSMUSG00000016526",1,1,2,10,2,3,1,2
"ENSMUSG00000016528",3,2,2,9,6,6,5,10
"ENSMUSG00000016534",19,33,65,93,40,59,41,108
"ENSMUSG00000016541",30,17,62,72,59,50,79,109
"ENSMUSG00000016552",1,1,6,3,2,3,6,4
"ENSMUSG00000016554",4,4,10,8,9,2,11,10
"ENSMUSG00000016559",51,27,119,211,100,103,107,234
"ENSMUSG00000016619",3,3,5,11,12,4,10,8
"ENSMUSG00000016664",3,4,7,16,2,4,7,8
"ENSMUSG00000016763",5,5,9,5,6,7,14,15
"ENSMUSG00000016831",1,6,14,15,17,9,16,21
"ENSMUSG00000016833",1,2,10,13,12,6,10,17
"ENSMUSG00000016918",0,5,4,21,2,7,6,15
"ENSMUSG00000016921",10,3,18,25,14,15,20,36
"ENSMUSG00000016933",4,6,25,19,14,5,9,29
"ENSMUSG00000016946",12,5,13,15,17,17,12,33
"ENSMUSG00000016995",2,0,5,8,1,5,8,12
"ENSMUSG00000017009",31,42,90,354,65,115,29,283
"ENSMUSG00000017057",0,5,1,27,3,11,0,26
"ENSMUSG00000017119",8,11,18,26,31,23,22,34
"ENSMUSG00000017132",3,3,19,15,14,18,18,32
"ENSMUSG00000017144",1,1,5,9,4,0,6,7
"ENSMUSG00000017167",4,1,4,9,3,2,7,3
"ENSMUSG00000017176",1,2,8,5,10,5,4,5
"ENSMUSG00000017188",23,10,43,81,43,28,40,79
"ENSMUSG00000017210",2,2,11,8,7,5,8,10
"ENSMUSG00000017221",5,4,5,18,12,10,18,20
"ENSMUSG00000017264",4,6,15,10,7,7,10,21
"ENSMUSG00000017286",6,8,13,18,13,12,14,24
"ENSMUSG00000017288",5,3,11,10,8,6,11,23
"ENSMUSG00000017291",16,18,49,50,45,32,37,61
"ENSMUSG00000017299",6,1,5,8,5,6,6,18
"ENSMUSG00000017307",3,1,11,13,7,7,7,10
"ENSMUSG00000017314",5,0,6,3,8,7,9,17
"ENSMUSG00000017344",0,1,0,10,1,3,13,0
"ENSMUSG00000017376",17,32,58,51,71,33,78,87
"ENSMUSG00000017390",39,32,103,216,130,99,151,229
"ENSMUSG00000017400",1,1,1,4,2,2,11,9
"ENSMUSG00000017404",58,41,188,265,118,57,134,201
"ENSMUSG00000017412",16,20,40,33,39,41,103,68
"ENSMUSG00000017417",2,2,6,4,5,2,8,6
"ENSMUSG00000017421",7,6,32,25,37,21,21,43
"ENSMUSG00000017428",12,14,44,42,36,30,42,61
"ENSMUSG00000017466",7,11,43,36,15,23,32,40
"ENSMUSG00000017485",5,6,26,22,20,17,12,23
"ENSMUSG00000017491",0,1,16,7,9,5,3,21
"ENSMUSG00000017493",4,5,14,15,16,10,15,20
"ENSMUSG00000017548",7,6,33,22,20,18,23,36
"ENSMUSG00000017550",3,0,3,4,9,5,5,11
"ENSMUSG00000017561",9,6,50,21,43,12,30,34
"ENSMUSG00000017615",3,2,12,13,7,1,11,15
"ENSMUSG00000017631",115,71,269,172,205,148,134,355
"ENSMUSG00000017639",12,2,21,10,13,7,19,7
"ENSMUSG00000017664",1,4,7,4,9,7,8,16
"ENSMUSG00000017670",6,6,12,21,11,13,21,33
"ENSMUSG00000017677",7,9,29,27,16,26,18,52
"ENSMUSG00000017679",2,0,6,9,0,6,5,6
"ENSMUSG00000017686",15,10,52,33,42,30,27,79
"ENSMUSG00000017692",7,9,12,36,10,24,9,39
"ENSMUSG00000017707",11,13,30,54,48,39,32,53
"ENSMUSG00000017715",4,3,12,14,5,8,12,27
"ENSMUSG00000017721",4,3,23,21,28,13,27,26
"ENSMUSG00000017724",2,5,36,16,26,18,24,38
"ENSMUSG00000017734",5,7,12,39,17,17,14,52
"ENSMUSG00000017740",14,9,36,37,23,31,38,51
"ENSMUSG00000017754",1,1,12,24,4,2,8,1
"ENSMUSG00000017760",4,3,20,20,27,11,18,30
"ENSMUSG00000017774",2,2,8,11,0,8,4,33
"ENSMUSG00000017776",7,8,21,31,16,18,18,29
"ENSMUSG00000017778",28,13,106,169,112,70,122,128
"ENSMUSG00000017781",13,10,34,49,29,24,39,82
"ENSMUSG00000017801",2,3,2,8,1,2,9,8
"ENSMUSG00000017802",5,9,13,13,13,8,23,19
"ENSMUSG00000017831",2,3,6,7,5,2,7,19
"ENSMUSG00000017843",20,15,51,46,41,47,34,73
"ENSMUSG00000017858",11,8,14,28,18,21,12,45
"ENSMUSG00000017897",0,0,5,2,1,1,5,0
"ENSMUSG00000017929",1,4,9,21,12,22,10,22
"ENSMUSG00000017943",2,1,5,9,9,1,9,13
"ENSMUSG00000017978",3,8,15,14,18,18,41,22
"ENSMUSG00000017999",0,0,7,6,8,8,5,16
"ENSMUSG00000018001",0,1,10,4,7,8,7,16
"ENSMUSG00000018012",2,2,9,11,6,3,9,9
"ENSMUSG00000018040",8,3,12,17,16,6,12,22
"ENSMUSG00000018042",0,0,9,7,5,4,4,4
"ENSMUSG00000018068",4,2,10,9,12,10,5,14
"ENSMUSG00000018076",14,12,27,47,23,28,23,61
"ENSMUSG00000018102",2,2,14,29,11,8,16,12
"ENSMUSG00000018160",9,9,27,25,21,18,21,43
"ENSMUSG00000018166",1,0,3,0,2,0,4,1
"ENSMUSG00000018167",2,2,10,12,10,7,12,13
"ENSMUSG00000018171",59,46,219,298,132,113,172,242
"ENSMUSG00000018189",10,3,23,21,20,10,18,20
"ENSMUSG00000018196",11,9,31,27,19,10,28,30
"ENSMUSG00000018199",12,3,36,30,25,17,20,31
"ENSMUSG00000018209",3,4,7,3,7,1,6,4
"ENSMUSG00000018217",6,13,34,45,57,43,28,50
"ENSMUSG00000018239",3,4,8,7,4,3,5,8
"ENSMUSG00000018286",10,8,28,41,20,20,37,54
"ENSMUSG00000018287",5,2,20,28,18,18,20,31
"ENSMUSG00000018293",20,12,47,115,39,16,15,59
"ENSMUSG00000018322",4,1,14,20,15,6,10,23
"ENSMUSG00000018326",27,16,62,64,54,26,62,75
"ENSMUSG00000018334",5,6,22,17,14,4,6,27
"ENSMUSG00000018339",0,0,2,5,1,0,1,5
"ENSMUSG00000018340",9,6,21,21,24,9,12,19
"ENSMUSG00000018363",10,6,29,26,26,18,21,33
"ENSMUSG00000018372",8,7,31,16,19,7,20,26
"ENSMUSG00000018377",2,1,12,9,12,8,3,12
"ENSMUSG00000018378",23,21,78,61,84,50,46,119
"ENSMUSG00000018379",11,9,32,30,66,21,36,44
"ENSMUSG00000018395",2,1,5,7,6,1,10,9
"ENSMUSG00000018398",10,21,29,40,28,38,54,77
"ENSMUSG00000018401",3,3,6,11,6,2,5,5
"ENSMUSG00000018411",30,13,113,61,107,59,135,120
"ENSMUSG00000018412",44,30,112,106,111,61,87,130
"ENSMUSG00000018415",5,5,29,14,20,8,16,32
"ENSMUSG00000018417",0,2,7,5,3,0,8,4
"ENSMUSG00000018425",2,5,16,16,6,11,10,21
"ENSMUSG00000018427",12,3,17,7,15,5,29,9
"ENSMUSG00000018428",1,1,4,2,7,1,12,9
"ENSMUSG00000018433",1,1,6,12,12,12,10,22
"ENSMUSG00000018442",6,2,23,26,21,13,14,26
"ENSMUSG00000018446",8,4,15,24,23,13,19,40
"ENSMUSG00000018449",2,3,12,25,5,16,12,32
"ENSMUSG00000018451",36,20,88,134,86,43,55,146
"ENSMUSG00000018470",5,9,7,19,6,25,6,42
"ENSMUSG00000018474",16,4,35,27,18,10,24,31
"ENSMUSG00000018476",2,11,12,32,14,32,10,47
"ENSMUSG00000018481",10,4,13,24,18,20,16,32
"ENSMUSG00000018500",5,4,10,37,54,20,16,68
"ENSMUSG00000018501",28,22,92,85,81,73,77,117
"ENSMUSG00000018507",3,1,0,1,0,3,6,2
"ENSMUSG00000018509",3,2,10,4,5,6,8,15
"ENSMUSG00000018537",0,1,1,1,4,2,7,2
"ENSMUSG00000018541",2,2,7,6,6,5,7,5
"ENSMUSG00000018547",2,3,14,15,14,11,25,27
"ENSMUSG00000018548",19,14,52,36,56,26,43,37
"ENSMUSG00000018559",0,0,6,4,6,3,9,7
"ENSMUSG00000018565",11,3,19,31,19,8,11,24
"ENSMUSG00000018567",28,11,87,112,67,37,72,93
"ENSMUSG00000018572",1,0,7,5,5,0,6,8
"ENSMUSG00000018574",5,3,4,8,9,6,7,11
"ENSMUSG00000018581",0,3,6,14,7,6,8,10
"ENSMUSG00000018583",6,4,13,19,12,6,10,25
"ENSMUSG00000018585",10,5,40,47,31,15,22,40
"ENSMUSG00000018589",2,1,4,9,0,4,6,7
"ENSMUSG00000018593",6,10,31,44,26,23,37,28
"ENSMUSG00000018634",1,2,0,1,5,2,8,2
"ENSMUSG00000018648",3,0,11,14,20,6,8,16
"ENSMUSG00000018651",3,9,25,15,23,18,18,37
"ENSMUSG00000018654",0,0,0,1,1,0,0,1
"ENSMUSG00000018659",0,2,4,9,6,5,5,10
"ENSMUSG00000018661",1,2,2,3,8,1,6,10
"ENSMUSG00000018666",5,7,17,18,11,18,17,38
"ENSMUSG00000018669",1,5,12,9,18,11,15,26
"ENSMUSG00000018677",3,1,3,2,9,5,4,12
"ENSMUSG00000018697",1,4,10,10,17,8,12,22
"ENSMUSG00000018707",18,11,39,52,32,27,42,65
"ENSMUSG00000018736",17,11,41,42,39,32,28,51
"ENSMUSG00000018750",3,6,12,12,14,3,15,16
"ENSMUSG00000018761",7,4,20,38,27,15,23,33
"ENSMUSG00000018765",4,7,18,14,6,7,15,18
"ENSMUSG00000018770",32,11,64,116,44,32,84,104
"ENSMUSG00000018796",3,2,8,7,11,11,20,15
"ENSMUSG00000018800",7,3,6,28,8,13,10,23
"ENSMUSG00000018809",6,4,14,7,14,11,14,10
"ENSMUSG00000018820",8,8,20,19,12,19,18,38
"ENSMUSG00000018821",11,5,10,17,12,4,8,20
"ENSMUSG00000018841",6,1,7,8,5,2,5,8
"ENSMUSG00000018846",5,1,10,13,11,5,8,9
"ENSMUSG00000018848",1,0,11,9,4,7,9,9
"ENSMUSG00000018849",8,25,84,45,66,21,38,84
"ENSMUSG00000018858",2,0,11,17,19,6,23,24
"ENSMUSG00000018861",0,5,9,4,7,4,3,6
"ENSMUSG00000018865",18,10,50,76,51,31,54,75
"ENSMUSG00000018882",2,2,8,11,11,8,13,23
"ENSMUSG00000018899",1,11,4,68,4,56,0,114
"ENSMUSG00000018900",1,1,7,5,3,1,3,9
"ENSMUSG00000018909",17,8,27,23,42,28,15,44
"ENSMUSG00000018930",0,2,0,14,0,7,0,10
"ENSMUSG00000018931",0,1,5,5,8,6,10,9
"ENSMUSG00000018932",2,3,2,6,7,7,4,12
"ENSMUSG00000018965",65,18,126,164,167,92,197,258
"ENSMUSG00000018974",2,1,4,4,8,3,3,12
"ENSMUSG00000018995",3,2,7,8,10,3,9,13
"ENSMUSG00000018999",0,2,7,8,8,8,6,10
"ENSMUSG00000019027",0,1,1,2,0,1,3,6
"ENSMUSG00000019039",3,3,19,21,23,14,19,24
"ENSMUSG00000019054",17,3,67,72,44,28,52,78
"ENSMUSG00000019082",5,3,8,14,11,7,16,18
"ENSMUSG00000019087",20,16,40,70,28,40,62,54
"ENSMUSG00000019122",0,0,0,4,0,2,0,3
"ENSMUSG00000019124",7,5,14,16,15,13,26,33
"ENSMUSG00000019132",2,7,16,20,17,8,23,20
"ENSMUSG00000019139",0,0,1,5,1,4,2,1
"ENSMUSG00000019143",2,1,9,7,9,7,4,7
"ENSMUSG00000019146",4,2,10,5,9,8,21,21
"ENSMUSG00000019158",14,11,36,34,35,16,25,45
"ENSMUSG00000019173",15,4,18,35,19,17,23,35
"ENSMUSG00000019179",17,18,30,74,35,15,68,58
"ENSMUSG00000019188",13,9,19,21,29,15,23,31
"ENSMUSG00000019189",3,3,15,17,8,13,21,25
"ENSMUSG00000019194",14,10,70,89,73,39,92,132
"ENSMUSG00000019210",39,24,72,115,74,48,99,120
"ENSMUSG00000019235",2,2,0,3,1,3,8,9
"ENSMUSG00000019254",3,3,5,9,7,4,5,6
"ENSMUSG00000019256",1,2,3,5,1,3,1,4
"ENSMUSG00000019261",4,3,8,2,8,6,5,15
"ENSMUSG00000019295",5,6,13,10,12,15,10,14
"ENSMUSG00000019297",4,6,5,16,8,12,14,31
"ENSMUSG00000019302",34,15,55,74,49,68,67,114
"ENSMUSG00000019338",5,5,17,7,11,22,4,23
"ENSMUSG00000019362",21,9,44,75,43,25,44,73
"ENSMUSG00000019370",36,20,106,174,74,48,88,181
"ENSMUSG00000019373",7,9,20,26,27,25,21,45
"ENSMUSG00000019428",19,10,45,52,51,33,46,75
"ENSMUSG00000019432",2,6,20,15,18,16,15,36
"ENSMUSG00000019433",9,6,17,13,17,8,16,34
"ENSMUSG00000019437",18,16,58,35,87,29,28,49
"ENSMUSG00000019467",7,2,15,11,8,5,10,14
"ENSMUSG00000019471",9,4,15,27,10,6,23,30
"ENSMUSG00000019494",8,2,16,32,24,12,21,24
"ENSMUSG00000019505",84,45,195,274,102,81,315,185
"ENSMUSG00000019518",2,2,7,14,11,15,12,23
"ENSMUSG00000019558",5,3,6,14,3,6,13,11
"ENSMUSG00000019578",5,6,19,21,13,8,19,21
"ENSMUSG00000019579",6,11,20,38,29,34,29,46
"ENSMUSG00000019590",0,3,10,20,7,2,7,14
"ENSMUSG00000019647",19,10,24,35,30,30,26,46
"ENSMUSG00000019659",21,14,41,44,42,32,33,82
"ENSMUSG00000019689",10,3,26,33,25,10,16,37
"ENSMUSG00000019699",17,21,81,43,64,31,60,49
"ENSMUSG00000019710",0,2,12,8,5,3,10,17
"ENSMUSG00000019715",11,2,37,37,46,45,39,64
"ENSMUSG00000019718",1,0,2,3,6,1,3,6
"ENSMUSG00000019726",9,10,17,17,7,19,10,26
"ENSMUSG00000019731",0,1,2,6,2,2,5,5
"ENSMUSG00000019738",2,1,4,6,6,1,10,7
"ENSMUSG00000019761",1,1,5,5,4,5,8,12
"ENSMUSG00000019763",11,5,25,10,25,13,23,18
"ENSMUSG00000019768",2,0,0,1,2,0,0,3
"ENSMUSG00000019772",9,2,12,41,10,7,10,37
"ENSMUSG00000019775",15,6,11,26,11,23,22,38
"ENSMUSG00000019777",5,4,14,12,14,9,21,20
"ENSMUSG00000019782",3,3,28,35,16,9,21,22
"ENSMUSG00000019785",2,2,7,13,6,2,13,10
"ENSMUSG00000019787",2,0,4,3,1,1,2,4
"ENSMUSG00000019790",9,10,22,23,32,21,28,35
"ENSMUSG00000019791",6,1,25,15,19,14,12,35
"ENSMUSG00000019792",3,2,9,7,16,10,9,13
"ENSMUSG00000019795",23,13,58,71,40,24,60,89
"ENSMUSG00000019796",5,7,33,32,17,18,25,33
"ENSMUSG00000019797",5,1,4,12,4,3,5,11
"ENSMUSG00000019802",6,7,24,29,16,20,13,29
"ENSMUSG00000019804",9,14,43,67,50,35,51,73
"ENSMUSG00000019806",16,15,34,51,36,31,64,52
"ENSMUSG00000019809",2,4,11,15,12,5,16,13
"ENSMUSG00000019810",4,4,15,15,11,15,7,9
"ENSMUSG00000019813",5,4,11,3,13,9,15,24
"ENSMUSG00000019814",1,2,3,7,4,6,3,4
"ENSMUSG00000019818",7,3,26,30,24,20,9,23
"ENSMUSG00000019820",11,9,46,28,41,13,51,37
"ENSMUSG00000019826",2,1,9,6,5,6,3,7
"ENSMUSG00000019828",5,3,7,3,2,8,31,10
"ENSMUSG00000019831",13,6,19,25,23,17,32,31
"ENSMUSG00000019837",2,0,7,9,6,1,9,2
"ENSMUSG00000019838",0,2,3,1,2,1,4,3
"ENSMUSG00000019841",6,25,21,71,18,46,28,99
"ENSMUSG00000019842",7,10,31,36,22,14,15,47
"ENSMUSG00000019843",9,8,33,39,37,35,26,59
"ENSMUSG00000019846",2,1,0,4,3,1,3,4
"ENSMUSG00000019849",1,3,2,3,1,4,4,3
"ENSMUSG00000019850",0,0,2,4,0,3,0,4
"ENSMUSG00000019852",3,1,7,3,7,8,14,8
"ENSMUSG00000019854",6,1,13,11,17,15,9,15
"ENSMUSG00000019856",20,6,52,16,27,18,19,24
"ENSMUSG00000019861",6,6,14,14,16,11,15,17
"ENSMUSG00000019863",1,4,11,7,9,4,4,13
"ENSMUSG00000019868",3,1,7,12,15,13,22,24
"ENSMUSG00000019872",16,6,39,54,46,22,27,41
"ENSMUSG00000019873",6,12,38,50,37,40,25,54
"ENSMUSG00000019876",4,1,4,2,5,3,16,11
"ENSMUSG00000019877",42,50,157,183,109,85,155,187
"ENSMUSG00000019878",1,4,12,10,16,8,14,7
"ENSMUSG00000019880",2,3,6,5,7,3,3,7
"ENSMUSG00000019883",35,19,49,67,41,54,41,101
"ENSMUSG00000019888",11,8,49,10,59,21,57,35
"ENSMUSG00000019889",8,12,10,49,21,42,19,43
"ENSMUSG00000019890",0,0,1,2,0,0,2,0
"ENSMUSG00000019891",0,1,5,4,4,1,7,7
"ENSMUSG00000019892",2,2,8,12,6,4,4,5
"ENSMUSG00000019894",0,1,8,8,7,2,8,7
"ENSMUSG00000019897",3,5,22,16,24,16,14,43
"ENSMUSG00000019899",47,28,156,56,107,61,56,93
"ENSMUSG00000019906",10,3,11,18,20,8,32,23
"ENSMUSG00000019907",17,25,42,56,61,37,40,70
"ENSMUSG00000019916",15,15,46,27,38,24,18,45
"ENSMUSG00000019917",2,0,3,4,3,4,4,4
"ENSMUSG00000019920",9,19,57,58,42,37,31,63
"ENSMUSG00000019923",36,33,123,140,127,69,113,147
"ENSMUSG00000019927",9,2,18,16,8,7,16,15
"ENSMUSG00000019929",0,2,0,1,1,0,2,0
"ENSMUSG00000019943",28,30,136,122,95,83,155,173
"ENSMUSG00000019944",2,0,6,8,2,1,4,5
"ENSMUSG00000019947",10,8,24,36,22,11,20,37
"ENSMUSG00000019948",1,0,12,5,6,1,4,8
"ENSMUSG00000019951",5,7,13,23,11,11,11,26
"ENSMUSG00000019952",2,1,2,6,9,6,6,4
"ENSMUSG00000019960",4,5,3,15,10,8,6,15
"ENSMUSG00000019961",3,1,7,11,10,5,4,11
"ENSMUSG00000019966",1,0,2,5,5,3,9,5
"ENSMUSG00000019969",4,3,11,17,12,11,15,26
"ENSMUSG00000019970",10,4,15,25,13,16,15,38
"ENSMUSG00000019971",4,3,12,9,9,6,18,17
"ENSMUSG00000019975",8,3,6,13,17,9,9,25
"ENSMUSG00000019977",4,1,10,17,8,4,8,17
"ENSMUSG00000019978",8,1,25,13,19,12,21,10
"ENSMUSG00000019979",4,3,9,14,5,15,4,18
"ENSMUSG00000019982",0,0,0,0,1,1,1,1
"ENSMUSG00000019984",1,1,6,3,11,1,5,11
"ENSMUSG00000019986",13,20,36,46,33,39,47,71
"ENSMUSG00000019990",40,15,66,26,48,22,46,91
"ENSMUSG00000019996",14,6,23,21,15,11,38,36
"ENSMUSG00000019997",0,0,1,1,1,0,0,1
"ENSMUSG00000019998",16,7,33,40,36,14,41,50
"ENSMUSG00000020000",0,0,1,0,2,0,0,0
"ENSMUSG00000020003",0,2,9,11,8,14,16,10
"ENSMUSG00000020009",1,0,5,12,7,8,5,8
"ENSMUSG00000020014",6,8,15,25,24,15,21,17
"ENSMUSG00000020015",10,7,30,40,25,17,32,43
"ENSMUSG00000020019",4,2,7,4,8,4,6,4
"ENSMUSG00000020021",10,7,46,19,33,11,17,42
"ENSMUSG00000020022",5,7,20,29,21,15,20,29
"ENSMUSG00000020023",33,21,94,68,56,51,32,129
"ENSMUSG00000020024",5,5,15,14,14,5,11,21
"ENSMUSG00000020027",1,1,5,27,4,24,13,30
"ENSMUSG00000020029",7,4,13,18,15,10,13,19
"ENSMUSG00000020032",3,2,10,15,11,3,14,11
"ENSMUSG00000020034",1,5,11,8,4,4,12,10
"ENSMUSG00000020037",25,21,114,61,92,46,54,100
"ENSMUSG00000020038",4,2,15,8,5,5,3,10
"ENSMUSG00000020042",1,1,2,3,4,1,4,4
"ENSMUSG00000020044",17,12,60,29,60,25,25,34
"ENSMUSG00000020048",11,9,57,53,41,35,57,48
"ENSMUSG00000020053",0,1,4,0,0,0,0,5
"ENSMUSG00000020056",5,3,15,11,10,2,10,9
"ENSMUSG00000020057",2,0,3,5,3,1,3,7
"ENSMUSG00000020059",23,19,75,54,59,33,34,51
"ENSMUSG00000020061",0,0,0,2,0,2,19,1
"ENSMUSG00000020063",4,1,3,3,4,3,13,5
"ENSMUSG00000020064",13,14,30,21,27,22,24,52
"ENSMUSG00000020067",0,0,0,1,0,0,0,1
"ENSMUSG00000020069",21,18,46,40,57,29,29,90
"ENSMUSG00000020070",3,7,17,15,12,11,16,16
"ENSMUSG00000020072",3,5,6,8,4,3,6,8
"ENSMUSG00000020074",12,14,62,52,39,25,36,90
"ENSMUSG00000020075",4,5,4,11,7,5,3,20
"ENSMUSG00000020076",12,14,40,46,30,23,29,69
"ENSMUSG00000020077",0,2,2,17,2,4,0,10
"ENSMUSG00000020078",4,1,12,18,7,2,12,19
"ENSMUSG00000020079",3,4,2,6,1,5,3,9
"ENSMUSG00000020080",2,0,4,3,3,5,0,3
"ENSMUSG00000020083",1,2,8,11,8,4,11,10
"ENSMUSG00000020086",7,4,4,22,4,13,7,27
"ENSMUSG00000020088",5,4,14,18,9,10,31,23
"ENSMUSG00000020089",9,5,9,27,17,10,24,30
"ENSMUSG00000020091",2,4,13,8,12,14,8,14
"ENSMUSG00000020097",5,0,11,11,5,6,5,12
"ENSMUSG00000020099",2,0,1,1,3,2,6,1
"ENSMUSG00000020101",1,2,4,2,6,1,4,2
"ENSMUSG00000020102",0,2,1,2,3,4,5,4
"ENSMUSG00000020107",16,12,41,49,28,33,32,84
"ENSMUSG00000020108",11,9,12,18,10,16,9,39
"ENSMUSG00000020109",3,0,10,13,7,9,5,16
"ENSMUSG00000020111",13,7,31,31,32,17,22,44
"ENSMUSG00000020114",7,5,19,13,17,4,14,21
"ENSMUSG00000020115",6,2,9,20,13,17,12,30
"ENSMUSG00000020116",0,1,5,7,5,2,3,3
"ENSMUSG00000020120",2,1,4,3,6,4,2,7
"ENSMUSG00000020121",7,5,29,16,17,12,25,27
"ENSMUSG00000020122",14,23,59,58,56,23,25,72
"ENSMUSG00000020124",2,7,8,3,7,5,9,16
"ENSMUSG00000020128",2,3,22,15,6,7,13,24
"ENSMUSG00000020130",2,2,6,13,6,7,7,7
"ENSMUSG00000020132",2,4,5,4,2,6,3,7
"ENSMUSG00000020133",6,4,17,13,16,6,14,16
"ENSMUSG00000020134",4,7,22,13,18,24,17,32
"ENSMUSG00000020135",2,1,7,9,9,5,15,5
"ENSMUSG00000020137",9,8,25,23,25,11,14,27
"ENSMUSG00000020140",0,0,0,1,0,0,1,0
"ENSMUSG00000020142",23,17,43,76,67,58,22,83
"ENSMUSG00000020149",18,16,40,44,36,34,41,53
"ENSMUSG00000020151",6,3,6,12,12,6,26,35
"ENSMUSG00000020152",7,3,31,37,38,26,31,59
"ENSMUSG00000020153",10,2,21,53,31,25,26,32
"ENSMUSG00000020154",0,0,2,1,1,0,2,2
"ENSMUSG00000020156",3,1,4,2,8,6,6,8
"ENSMUSG00000020160",8,5,19,12,19,8,19,24
"ENSMUSG00000020163",17,14,82,139,65,44,57,101
"ENSMUSG00000020166",9,3,18,22,13,13,18,27
"ENSMUSG00000020167",4,3,4,7,10,4,11,5
"ENSMUSG00000020170",10,4,16,12,23,15,16,30
"ENSMUSG00000020171",5,1,20,10,11,9,14,15
"ENSMUSG00000020173",3,2,9,3,13,5,20,12
"ENSMUSG00000020175",3,4,8,3,16,4,16,18
"ENSMUSG00000020176",4,1,4,3,4,3,13,7
"ENSMUSG00000020178",0,1,2,0,0,1,5,0
"ENSMUSG00000020180",8,4,14,26,17,14,10,30
"ENSMUSG00000020181",31,23,38,16,87,58,138,54
"ENSMUSG00000020182",0,2,1,1,1,3,2,3
"ENSMUSG00000020183",0,2,7,7,3,2,5,9
"ENSMUSG00000020184",7,6,22,20,16,11,15,31
"ENSMUSG00000020189",12,11,14,34,34,11,29,40
"ENSMUSG00000020191",3,0,3,2,2,1,3,3
"ENSMUSG00000020196",9,12,20,24,17,21,17,50
"ENSMUSG00000020198",5,1,6,13,7,8,7,14
"ENSMUSG00000020205",7,3,12,14,13,4,10,26
"ENSMUSG00000020216",1,0,5,5,4,0,6,5
"ENSMUSG00000020219",29,13,75,73,55,36,47,79
"ENSMUSG00000020220",13,10,36,27,30,31,23,48
"ENSMUSG00000020224",7,6,19,36,20,14,19,38
"ENSMUSG00000020225",15,9,24,54,32,35,22,36
"ENSMUSG00000020230",4,3,7,15,12,12,9,9
"ENSMUSG00000020231",3,3,4,5,7,4,10,7
"ENSMUSG00000020232",4,3,16,18,14,9,10,28
"ENSMUSG00000020235",2,1,6,13,9,6,10,6
"ENSMUSG00000020238",4,4,10,12,13,9,6,11
"ENSMUSG00000020246",0,2,5,5,2,3,6,9
"ENSMUSG00000020248",2,1,10,8,5,4,5,12
"ENSMUSG00000020250",1,6,7,22,9,15,12,30
"ENSMUSG00000020251",2,0,1,3,2,2,7,0
"ENSMUSG00000020257",5,4,8,5,7,4,15,24
"ENSMUSG00000020260",4,3,10,8,11,9,11,12
"ENSMUSG00000020261",2,0,3,11,4,5,6,5
"ENSMUSG00000020262",4,7,8,28,7,14,26,42
"ENSMUSG00000020263",18,8,82,43,50,22,44,46
"ENSMUSG00000020265",14,2,36,41,25,20,28,39
"ENSMUSG00000020267",59,33,106,175,86,55,123,216
"ENSMUSG00000020271",12,17,34,60,32,30,28,52
"ENSMUSG00000020272",0,3,6,5,2,2,4,7
"ENSMUSG00000020273",1,2,8,3,5,7,9,3
"ENSMUSG00000020277",4,3,11,13,11,8,15,15
"ENSMUSG00000020280",3,0,13,13,7,7,10,19
"ENSMUSG00000020282",11,10,8,36,7,37,3,60
"ENSMUSG00000020283",14,9,30,29,24,19,17,28
"ENSMUSG00000020284",2,3,1,13,8,4,8,10
"ENSMUSG00000020287",3,9,8,27,8,26,8,38
"ENSMUSG00000020288",2,4,6,8,4,1,5,15
"ENSMUSG00000020289",12,7,26,16,28,14,17,31
"ENSMUSG00000020290",11,2,22,17,13,7,19,21
"ENSMUSG00000020297",10,10,41,41,40,26,43,29
"ENSMUSG00000020300",7,6,31,29,26,16,23,23
"ENSMUSG00000020305",2,7,22,19,15,20,19,19
"ENSMUSG00000020307",1,2,6,8,7,5,5,5
"ENSMUSG00000020308",8,4,16,34,14,7,17,14
"ENSMUSG00000020309",3,1,9,13,11,6,11,8
"ENSMUSG00000020311",5,2,22,21,10,6,17,16
"ENSMUSG00000020312",2,2,6,1,6,5,5,7
"ENSMUSG00000020315",33,23,124,96,75,55,112,103
"ENSMUSG00000020319",10,9,26,17,20,25,17,21
"ENSMUSG00000020321",52,37,98,146,111,61,187,194
"ENSMUSG00000020326",10,10,15,27,19,22,8,45
"ENSMUSG00000020328",3,2,13,7,16,11,14,21
"ENSMUSG00000020329",5,1,12,9,12,10,5,14
"ENSMUSG00000020331",0,3,5,11,13,5,20,7
"ENSMUSG00000020333",33,23,108,80,85,53,54,106
"ENSMUSG00000020334",1,0,4,22,4,7,8,9
"ENSMUSG00000020340",12,11,66,64,41,19,53,58
"ENSMUSG00000020346",2,1,5,8,13,6,3,9
"ENSMUSG00000020349",19,8,35,48,36,7,41,35
"ENSMUSG00000020354",132,224,142,726,100,391,90,1031
"ENSMUSG00000020358",5,4,11,11,13,3,6,17
"ENSMUSG00000020359",0,0,7,6,4,4,5,12
"ENSMUSG00000020361",16,16,41,34,29,20,39,71
"ENSMUSG00000020362",33,20,95,150,65,37,93,128
"ENSMUSG00000020366",11,5,16,21,24,15,16,26
"ENSMUSG00000020368",17,16,92,97,66,43,60,75
"ENSMUSG00000020372",6,9,27,40,23,12,24,42
"ENSMUSG00000020374",1,1,1,3,2,4,4,7
"ENSMUSG00000020375",8,7,26,15,23,20,27,37
"ENSMUSG00000020376",12,13,37,33,34,22,33,44
"ENSMUSG00000020377",0,0,0,0,3,0,1,0
"ENSMUSG00000020380",5,0,7,4,12,1,4,7
"ENSMUSG00000020381",3,1,7,3,3,3,5,7
"ENSMUSG00000020385",8,6,23,27,17,14,16,33
"ENSMUSG00000020386",11,4,37,46,38,12,29,47
"ENSMUSG00000020387",2,3,12,13,6,8,10,15
"ENSMUSG00000020388",7,8,15,60,25,44,10,82
"ENSMUSG00000020389",9,7,9,12,21,14,11,9
"ENSMUSG00000020392",4,3,7,4,8,4,5,7
"ENSMUSG00000020393",1,5,9,12,10,8,6,27
"ENSMUSG00000020396",1,1,3,6,3,2,9,6
"ENSMUSG00000020397",4,1,4,13,12,4,8,15
"ENSMUSG00000020400",1,1,5,13,7,7,8,10
"ENSMUSG00000020402",20,16,59,96,49,28,68,77
"ENSMUSG00000020409",1,3,7,17,7,8,13,12
"ENSMUSG00000020412",2,0,7,6,3,7,9,8
"ENSMUSG00000020422",3,4,28,10,22,12,14,20
"ENSMUSG00000020423",3,1,9,8,9,6,10,16
"ENSMUSG00000020427",0,1,3,2,3,0,0,4
"ENSMUSG00000020428",0,0,0,0,0,1,24,0
"ENSMUSG00000020431",11,12,45,38,31,13,49,19
"ENSMUSG00000020432",5,4,20,13,9,11,17,13
"ENSMUSG00000020435",7,5,13,15,10,15,18,23
"ENSMUSG00000020436",10,7,16,20,27,14,37,29
"ENSMUSG00000020440",20,18,64,102,50,28,44,101
"ENSMUSG00000020441",3,1,6,11,11,4,8,13
"ENSMUSG00000020444",18,16,41,60,31,18,28,43
"ENSMUSG00000020448",7,7,15,19,7,9,6,28
"ENSMUSG00000020451",4,13,42,27,39,28,32,57
"ENSMUSG00000020453",4,0,11,12,22,4,13,16
"ENSMUSG00000020454",3,4,13,7,10,7,12,19
"ENSMUSG00000020455",4,4,4,2,7,5,2,10
"ENSMUSG00000020456",13,11,39,34,39,26,25,45
"ENSMUSG00000020457",18,19,96,121,77,38,62,201
"ENSMUSG00000020458",43,37,182,212,113,107,175,243
"ENSMUSG00000020459",9,9,66,50,29,29,41,113
"ENSMUSG00000020460",47,22,127,227,85,53,105,161
"ENSMUSG00000020462",11,5,23,22,18,16,19,34
"ENSMUSG00000020463",5,10,19,15,16,19,12,38
"ENSMUSG00000020464",7,7,8,21,15,11,11,32
"ENSMUSG00000020467",5,1,9,18,6,10,8,11
"ENSMUSG00000020473",1,2,3,5,0,0,1,3
"ENSMUSG00000020476",3,5,12,18,18,12,15,21
"ENSMUSG00000020477",14,7,29,46,30,22,30,49
"ENSMUSG00000020481",6,4,29,25,14,6,27,31
"ENSMUSG00000020482",5,1,12,16,13,4,8,23
"ENSMUSG00000020483",28,20,78,102,78,37,79,92
"ENSMUSG00000020484",1,4,28,15,8,8,12,13
"ENSMUSG00000020485",6,2,25,33,20,7,23,36
"ENSMUSG00000020486",11,4,27,28,54,38,84,33
"ENSMUSG00000020496",22,11,56,83,61,25,85,77
"ENSMUSG00000020513",0,0,5,3,3,0,5,8
"ENSMUSG00000020514",9,1,7,17,5,5,7,8
"ENSMUSG00000020515",5,4,16,11,14,11,21,34
"ENSMUSG00000020516",17,9,45,44,48,34,24,67
"ENSMUSG00000020520",0,1,7,2,2,1,3,2
"ENSMUSG00000020521",8,2,12,25,15,6,14,19
"ENSMUSG00000020522",5,12,14,23,13,7,21,34
"ENSMUSG00000020523",2,2,8,6,3,1,11,4
"ENSMUSG00000020524",14,16,50,41,27,45,158,62
"ENSMUSG00000020525",5,2,4,8,8,2,11,12
"ENSMUSG00000020526",2,2,12,18,19,7,11,36
"ENSMUSG00000020527",2,2,4,4,8,5,4,8
"ENSMUSG00000020528",4,3,10,8,6,5,9,11
"ENSMUSG00000020530",18,17,48,66,43,35,43,84
"ENSMUSG00000020532",15,29,46,58,55,66,32,123
"ENSMUSG00000020536",1,2,5,11,17,6,10,7
"ENSMUSG00000020537",3,1,6,3,7,3,7,13
"ENSMUSG00000020538",7,8,26,32,28,27,19,25
"ENSMUSG00000020541",10,5,41,9,37,5,20,28
"ENSMUSG00000020542",0,0,1,1,8,0,13,12
"ENSMUSG00000020544",7,7,25,19,15,5,12,37
"ENSMUSG00000020546",10,8,21,7,21,5,15,23
"ENSMUSG00000020547",6,2,12,15,12,11,13,17
"ENSMUSG00000020561",2,2,4,5,0,2,3,5
"ENSMUSG00000020564",9,9,32,22,24,20,33,33
"ENSMUSG00000020570",9,13,23,35,19,13,26,22
"ENSMUSG00000020571",5,3,20,23,19,17,41,23
"ENSMUSG00000020572",2,2,8,8,5,2,3,17
"ENSMUSG00000020576",12,7,12,18,14,17,12,21
"ENSMUSG00000020577",8,9,42,58,32,26,41,37
"ENSMUSG00000020580",5,11,19,36,25,17,25,30
"ENSMUSG00000020585",60,46,150,253,147,92,89,161
"ENSMUSG00000020589",7,10,27,28,27,19,22,32
"ENSMUSG00000020590",4,3,23,18,13,12,19,22
"ENSMUSG00000020591",49,44,233,269,385,205,160,345
"ENSMUSG00000020593",4,1,8,3,8,6,10,6
"ENSMUSG00000020594",10,3,33,32,19,17,29,41
"ENSMUSG00000020598",76,111,236,369,249,264,178,547
"ENSMUSG00000020599",2,3,40,19,12,4,11,9
"ENSMUSG00000020601",4,1,9,2,7,2,8,7
"ENSMUSG00000020604",0,0,5,2,5,1,7,8
"ENSMUSG00000020607",2,2,8,9,4,5,5,9
"ENSMUSG00000020608",10,7,26,16,20,15,24,51
"ENSMUSG00000020610",5,4,13,13,12,8,8,21
"ENSMUSG00000020611",14,7,24,25,21,27,15,50
"ENSMUSG00000020612",11,5,44,48,44,28,63,48
"ENSMUSG00000020614",13,8,45,37,28,19,21,34
"ENSMUSG00000020620",5,1,3,3,4,5,8,8
"ENSMUSG00000020621",4,7,29,29,36,12,34,36
"ENSMUSG00000020623",78,19,138,29,97,22,52,68
"ENSMUSG00000020627",4,4,9,35,16,14,27,31
"ENSMUSG00000020628",6,5,21,12,16,16,15,34
"ENSMUSG00000020630",3,0,5,3,9,6,7,13
"ENSMUSG00000020634",6,2,10,23,11,5,12,24
"ENSMUSG00000020635",4,0,6,6,4,2,8,10
"ENSMUSG00000020638",0,0,3,9,4,3,1,4
"ENSMUSG00000020640",24,8,37,27,40,25,16,52
"ENSMUSG00000020641",1,10,0,58,1,41,2,34
"ENSMUSG00000020642",4,24,29,62,20,54,26,97
"ENSMUSG00000020644",33,48,117,351,102,165,84,369
"ENSMUSG00000020646",42,24,45,41,32,57,31,80
"ENSMUSG00000020647",27,21,113,102,93,50,81,106
"ENSMUSG00000020650",3,7,16,22,12,15,18,26
"ENSMUSG00000020651",0,0,1,0,0,1,2,0
"ENSMUSG00000020654",3,7,18,6,11,9,13,10
"ENSMUSG00000020657",5,6,12,21,30,20,19,34
"ENSMUSG00000020658",72,110,121,386,85,301,56,596
"ENSMUSG00000020659",7,1,4,13,10,6,12,17
"ENSMUSG00000020661",22,14,76,53,74,48,68,81
"ENSMUSG00000020664",11,6,34,19,25,24,22,25
"ENSMUSG00000020668",9,12,24,22,26,13,26,32
"ENSMUSG00000020669",2,1,1,2,1,0,1,5
"ENSMUSG00000020671",17,17,58,50,56,29,42,95
"ENSMUSG00000020672",2,2,3,10,1,6,4,23
"ENSMUSG00000020674",2,2,6,3,3,7,5,12
"ENSMUSG00000020676",0,0,0,1,0,0,0,1
"ENSMUSG00000020677",4,8,18,14,19,13,12,23
"ENSMUSG00000020680",11,7,20,20,28,10,22,39
"ENSMUSG00000020684",3,1,9,11,4,4,7,6
"ENSMUSG00000020687",9,5,23,22,22,11,23,29
"ENSMUSG00000020691",9,4,17,15,19,10,11,26
"ENSMUSG00000020692",2,1,6,4,3,3,3,4
"ENSMUSG00000020694",12,9,30,37,16,11,14,44
"ENSMUSG00000020695",1,1,1,2,1,0,0,3
"ENSMUSG00000020696",3,0,12,5,15,5,23,16
"ENSMUSG00000020697",2,1,8,3,5,6,10,11
"ENSMUSG00000020700",7,5,18,23,19,14,18,35
"ENSMUSG00000020704",109,105,162,190,173,177,165,384
"ENSMUSG00000020705",11,15,35,31,28,25,28,60
"ENSMUSG00000020708",11,5,25,25,24,16,30,48
"ENSMUSG00000020709",1,3,1,1,0,0,1,5
"ENSMUSG00000020715",5,7,10,9,9,8,10,22
"ENSMUSG00000020716",21,15,77,66,38,35,60,90
"ENSMUSG00000020717",0,0,5,6,5,1,2,3
"ENSMUSG00000020719",45,24,136,160,105,86,103,188
"ENSMUSG00000020720",5,2,26,19,15,16,27,39
"ENSMUSG00000020721",11,9,33,16,15,15,14,24
"ENSMUSG00000020723",5,2,2,5,10,6,5,19
"ENSMUSG00000020728",8,2,23,16,10,10,12,21
"ENSMUSG00000020734",14,14,43,41,67,39,28,86
"ENSMUSG00000020736",5,5,15,15,21,6,16,21
"ENSMUSG00000020737",8,3,26,22,21,11,37,38
"ENSMUSG00000020738",64,29,155,180,139,80,129,192
"ENSMUSG00000020739",1,0,3,3,5,1,3,3
"ENSMUSG00000020740",3,2,8,6,14,4,5,12
"ENSMUSG00000020741",1,3,13,12,9,1,5,14
"ENSMUSG00000020744",3,1,9,7,5,2,4,14
"ENSMUSG00000020745",29,24,106,114,107,50,82,138
"ENSMUSG00000020747",1,2,4,6,9,1,5,7
"ENSMUSG00000020752",5,6,22,9,10,10,6,17
"ENSMUSG00000020755",6,5,5,12,13,6,11,17
"ENSMUSG00000020770",4,5,13,16,17,15,14,28
"ENSMUSG00000020774",8,2,12,7,8,2,13,2
"ENSMUSG00000020775",8,9,18,18,21,13,18,46
"ENSMUSG00000020776",4,5,1,14,4,15,5,35
"ENSMUSG00000020777",13,7,24,46,16,21,14,87
"ENSMUSG00000020778",2,5,12,16,18,8,17,16
"ENSMUSG00000020780",6,6,11,27,19,7,18,28
"ENSMUSG00000020783",10,6,17,12,9,7,11,25
"ENSMUSG00000020785",1,2,5,14,3,7,6,8
"ENSMUSG00000020790",9,5,33,29,23,15,13,28
"ENSMUSG00000020792",0,2,2,9,1,1,8,8
"ENSMUSG00000020794",11,12,44,58,33,40,31,68
"ENSMUSG00000020801",9,1,8,13,20,14,16,30
"ENSMUSG00000020802",1,4,11,14,7,9,16,12
"ENSMUSG00000020803",3,3,17,16,6,12,18,34
"ENSMUSG00000020807",2,2,4,3,6,3,5,9
"ENSMUSG00000020810",1,1,5,6,7,4,10,13
"ENSMUSG00000020811",4,7,28,15,31,9,19,15
"ENSMUSG00000020814",0,0,6,1,6,4,8,6
"ENSMUSG00000020817",24,22,115,76,103,42,64,91
"ENSMUSG00000020818",11,4,30,21,35,32,32,47
"ENSMUSG00000020821",7,2,5,5,6,2,5,10
"ENSMUSG00000020823",3,5,19,12,23,22,24,32
"ENSMUSG00000020827",9,5,18,17,14,15,20,24
"ENSMUSG00000020832",3,0,3,6,6,6,4,9
"ENSMUSG00000020836",0,0,1,2,4,1,5,2
"ENSMUSG00000020840",8,9,21,23,17,10,22,29
"ENSMUSG00000020841",5,3,9,17,26,7,19,27
"ENSMUSG00000020843",6,1,11,22,11,11,10,16
"ENSMUSG00000020844",54,45,110,141,77,123,38,194
"ENSMUSG00000020847",1,0,2,2,1,2,0,3
"ENSMUSG00000020848",0,0,0,2,1,4,1,1
"ENSMUSG00000020849",53,31,127,186,140,70,134,217
"ENSMUSG00000020850",5,2,25,24,13,17,17,25
"ENSMUSG00000020859",43,26,147,61,137,43,89,98
"ENSMUSG00000020863",18,8,56,38,72,38,74,74
"ENSMUSG00000020864",3,1,18,12,18,7,15,17
"ENSMUSG00000020866",0,0,6,0,1,3,6,4
"ENSMUSG00000020868",0,1,4,7,2,4,5,2
"ENSMUSG00000020869",0,5,11,24,10,10,10,40
"ENSMUSG00000020873",9,8,32,33,27,26,32,56
"ENSMUSG00000020876",3,2,4,7,7,2,6,19
"ENSMUSG00000020882",2,3,14,10,7,7,9,14
"ENSMUSG00000020883",9,7,34,29,30,31,29,50
"ENSMUSG00000020886",14,9,43,56,26,31,29,57
"ENSMUSG00000020888",1,0,2,3,5,2,3,2
"ENSMUSG00000020889",3,0,10,0,16,6,7,10
"ENSMUSG00000020892",0,0,0,0,0,1,0,6
"ENSMUSG00000020893",6,4,12,16,7,20,2,26
"ENSMUSG00000020894",26,16,101,126,139,65,98,184
"ENSMUSG00000020895",0,2,9,4,4,2,10,7
"ENSMUSG00000020898",1,1,3,6,7,3,11,11
"ENSMUSG00000020899",3,2,11,11,13,6,11,14
"ENSMUSG00000020900",2,5,12,13,16,9,20,14
"ENSMUSG00000020901",0,2,0,0,0,0,0,1
"ENSMUSG00000020902",0,0,0,3,0,0,3,2
"ENSMUSG00000020903",12,6,31,27,19,20,20,43
"ENSMUSG00000020910",3,2,18,7,10,11,12,16
"ENSMUSG00000020912",2,0,1,3,4,5,0,14
"ENSMUSG00000020917",3,4,13,11,12,11,11,16
"ENSMUSG00000020918",2,1,8,9,16,8,7,15
"ENSMUSG00000020919",7,7,15,16,13,6,13,29
"ENSMUSG00000020921",4,5,10,8,18,5,8,15
"ENSMUSG00000020922",2,4,8,17,16,6,12,17
"ENSMUSG00000020923",2,2,9,13,7,3,14,15
"ENSMUSG00000020925",4,2,10,8,4,11,6,11
"ENSMUSG00000020926",3,2,14,13,13,22,16,18
"ENSMUSG00000020929",7,15,26,25,19,72,26,62
"ENSMUSG00000020932",4,66,19,365,22,237,16,568
"ENSMUSG00000020935",3,3,30,20,12,9,16,19
"ENSMUSG00000020937",1,1,5,15,2,6,8,10
"ENSMUSG00000020941",10,37,33,116,26,75,16,147
"ENSMUSG00000020946",7,1,10,13,13,5,10,25
"ENSMUSG00000020949",18,9,46,67,44,21,37,49
"ENSMUSG00000020952",19,8,36,69,23,24,27,45
"ENSMUSG00000020953",2,1,3,4,0,4,4,2
"ENSMUSG00000020954",23,20,52,61,52,33,43,72
"ENSMUSG00000020955",12,7,31,35,26,22,34,39
"ENSMUSG00000020961",10,7,88,80,77,33,50,50
"ENSMUSG00000020962",4,3,9,9,7,5,6,12
"ENSMUSG00000020963",0,3,6,7,8,1,3,6
"ENSMUSG00000020964",10,3,18,28,23,17,30,40
"ENSMUSG00000020978",5,8,13,16,14,10,18,22
"ENSMUSG00000020982",9,8,26,38,31,24,26,40
"ENSMUSG00000020986",10,5,24,18,21,10,20,31
"ENSMUSG00000020988",1,2,2,6,5,4,8,6
"ENSMUSG00000020990",1,0,1,2,2,0,4,6
"ENSMUSG00000020993",20,8,62,62,57,37,43,63
"ENSMUSG00000020994",20,13,31,31,53,26,39,76
"ENSMUSG00000021000",8,6,28,25,24,19,13,33
"ENSMUSG00000021003",3,2,7,6,6,7,11,12
"ENSMUSG00000021007",20,12,15,29,22,30,39,59
"ENSMUSG00000021009",1,0,5,6,5,0,5,8
"ENSMUSG00000021010",72,130,409,416,400,229,316,625
"ENSMUSG00000021012",6,3,20,14,8,19,14,21
"ENSMUSG00000021013",7,6,27,20,22,19,25,29
"ENSMUSG00000021018",2,3,15,10,14,4,11,17
"ENSMUSG00000021022",2,0,6,6,9,1,5,14
"ENSMUSG00000021023",2,5,8,5,8,5,6,17
"ENSMUSG00000021024",10,2,12,34,14,12,27,17
"ENSMUSG00000021025",13,14,14,123,13,68,13,122
"ENSMUSG00000021027",23,21,82,67,57,61,64,88
"ENSMUSG00000021028",1,3,3,3,7,4,10,13
"ENSMUSG00000021033",18,13,32,38,25,31,26,51
"ENSMUSG00000021036",6,4,9,20,11,10,14,28
"ENSMUSG00000021037",6,5,22,34,23,22,26,52
"ENSMUSG00000021038",5,1,17,12,8,8,15,20
"ENSMUSG00000021039",9,10,16,29,31,23,28,50
"ENSMUSG00000021040",11,2,22,38,35,5,23,34
"ENSMUSG00000021044",7,1,9,13,7,8,5,12
"ENSMUSG00000021047",2,1,10,12,11,9,16,15
"ENSMUSG00000021048",9,3,9,9,11,9,13,16
"ENSMUSG00000021051",10,4,37,22,38,16,26,27
"ENSMUSG00000021054",1,3,18,10,8,7,11,9
"ENSMUSG00000021057",4,0,3,6,5,3,3,13
"ENSMUSG00000021061",1,0,5,6,3,5,11,6
"ENSMUSG00000021062",3,1,18,11,13,17,17,19
"ENSMUSG00000021065",18,14,51,28,56,27,56,41
"ENSMUSG00000021066",3,4,8,6,7,7,9,18
"ENSMUSG00000021067",0,2,1,10,0,2,0,14
"ENSMUSG00000021068",3,5,6,12,9,12,13,10
"ENSMUSG00000021071",42,67,103,172,107,112,57,302
"ENSMUSG00000021072",5,3,21,27,10,10,24,19
"ENSMUSG00000021076",10,7,24,27,29,20,37,40
"ENSMUSG00000021079",5,9,17,21,29,21,17,59
"ENSMUSG00000021087",58,48,191,330,197,150,393,322
"ENSMUSG00000021090",3,0,11,16,13,9,7,8
"ENSMUSG00000021091",2,36,5,176,8,61,3,108
"ENSMUSG00000021094",7,8,22,18,24,18,20,27
"ENSMUSG00000021096",8,3,28,21,14,11,24,25
"ENSMUSG00000021097",44,35,90,93,75,92,29,152
"ENSMUSG00000021098",0,0,1,0,1,0,4,3
"ENSMUSG00000021102",7,4,33,33,27,8,23,45
"ENSMUSG00000021103",7,10,21,23,23,7,21,25
"ENSMUSG00000021108",0,0,0,4,1,0,2,6
"ENSMUSG00000021109",8,3,15,22,18,10,21,27
"ENSMUSG00000021111",10,13,32,28,20,32,33,62
"ENSMUSG00000021112",4,6,15,23,15,11,17,21
"ENSMUSG00000021113",4,2,10,10,10,4,13,8
"ENSMUSG00000021114",24,5,42,61,34,22,54,77
"ENSMUSG00000021115",1,0,4,0,7,0,7,11
"ENSMUSG00000021116",3,0,13,16,8,5,9,14
"ENSMUSG00000021120",2,2,10,6,2,3,6,9
"ENSMUSG00000021124",23,18,53,67,70,40,66,137
"ENSMUSG00000021125",3,1,6,13,4,7,10,15
"ENSMUSG00000021127",0,3,16,20,22,13,12,19
"ENSMUSG00000021130",7,8,26,21,21,17,32,27
"ENSMUSG00000021131",18,9,63,69,48,19,44,87
"ENSMUSG00000021133",14,24,38,116,27,46,28,108
"ENSMUSG00000021134",26,33,89,113,101,78,90,151
"ENSMUSG00000021136",2,6,7,25,2,18,2,16
"ENSMUSG00000021139",0,0,3,7,0,4,3,4
"ENSMUSG00000021140",8,4,22,20,13,19,16,28
"ENSMUSG00000021143",5,3,13,10,10,4,11,8
"ENSMUSG00000021144",1,1,7,3,9,2,4,6
"ENSMUSG00000021147",7,7,11,17,11,14,18,32
"ENSMUSG00000021149",7,9,15,16,14,10,10,28
"ENSMUSG00000021156",10,11,42,24,28,18,32,46
"ENSMUSG00000021171",7,8,18,13,9,21,20,41
"ENSMUSG00000021177",2,7,3,2,9,0,9,9
"ENSMUSG00000021178",14,9,23,46,36,21,27,47
"ENSMUSG00000021179",2,0,2,1,1,7,2,3
"ENSMUSG00000021180",12,6,18,19,22,15,23,18
"ENSMUSG00000021182",6,8,18,6,12,11,9,12
"ENSMUSG00000021185",3,3,11,2,7,6,5,8
"ENSMUSG00000021188",13,13,30,26,43,27,14,66
"ENSMUSG00000021189",4,1,14,14,20,6,9,12
"ENSMUSG00000021190",10,12,24,26,32,23,33,30
"ENSMUSG00000021192",7,9,15,17,10,15,18,26
"ENSMUSG00000021193",3,6,12,13,14,13,9,17
"ENSMUSG00000021194",4,4,10,11,8,9,13,13
"ENSMUSG00000021196",11,16,30,49,28,59,42,64
"ENSMUSG00000021198",9,22,15,19,30,29,44,47
"ENSMUSG00000021203",0,0,4,7,2,1,1,6
"ENSMUSG00000021209",0,1,4,3,6,4,3,6
"ENSMUSG00000021215",4,4,3,6,1,5,4,12
"ENSMUSG00000021217",10,2,11,9,7,8,16,9
"ENSMUSG00000021218",14,13,64,43,41,29,60,75
"ENSMUSG00000021219",49,19,65,41,108,60,104,95
"ENSMUSG00000021221",17,9,58,18,55,11,28,34
"ENSMUSG00000021222",1,0,3,5,5,1,3,3
"ENSMUSG00000021224",15,20,28,46,35,33,63,71
"ENSMUSG00000021236",1,4,7,12,8,5,6,6
"ENSMUSG00000021238",14,24,26,47,33,50,14,75
"ENSMUSG00000021240",2,2,17,11,10,9,12,21
"ENSMUSG00000021241",5,4,11,7,11,9,8,27
"ENSMUSG00000021242",17,12,48,76,46,38,24,56
"ENSMUSG00000021243",4,1,4,7,20,3,3,41
"ENSMUSG00000021244",11,6,27,30,18,8,24,31
"ENSMUSG00000021245",1,4,5,4,4,4,4,11
"ENSMUSG00000021248",21,15,49,75,58,37,36,68
"ENSMUSG00000021250",0,3,3,13,5,12,3,15
"ENSMUSG00000021252",15,12,28,54,39,22,30,37
"ENSMUSG00000021254",3,7,8,12,15,14,11,25
"ENSMUSG00000021256",2,4,2,8,12,7,13,23
"ENSMUSG00000021258",3,0,5,5,6,4,12,19
"ENSMUSG00000021259",4,5,10,11,25,11,16,28
"ENSMUSG00000021260",3,0,9,0,5,2,4,7
"ENSMUSG00000021262",10,6,20,27,19,14,25,41
"ENSMUSG00000021264",0,1,5,4,5,6,5,12
"ENSMUSG00000021266",7,4,12,11,8,6,13,8
"ENSMUSG00000021268",243,261,169,274,383,642,1237,783
"ENSMUSG00000021270",17,14,67,80,44,32,123,93
"ENSMUSG00000021271",2,2,7,4,7,4,10,6
"ENSMUSG00000021273",14,16,34,62,35,47,31,68
"ENSMUSG00000021275",27,17,127,140,112,61,111,110
"ENSMUSG00000021276",7,6,8,13,12,5,16,34
"ENSMUSG00000021277",3,3,18,14,14,12,23,10
"ENSMUSG00000021278",0,0,2,4,2,0,2,3
"ENSMUSG00000021279",8,3,22,12,5,12,15,16
"ENSMUSG00000021281",0,1,0,6,0,4,0,1
"ENSMUSG00000021282",20,15,62,88,59,41,54,97
"ENSMUSG00000021285",6,9,9,18,6,10,20,23
"ENSMUSG00000021288",20,14,70,59,47,35,52,71
"ENSMUSG00000021290",8,18,71,121,55,36,50,66
"ENSMUSG00000021301",7,4,17,11,11,14,30,26
"ENSMUSG00000021302",10,8,19,30,27,33,30,74
"ENSMUSG00000021303",1,0,0,7,1,5,1,2
"ENSMUSG00000021306",0,0,7,8,2,1,5,8
"ENSMUSG00000021311",1,1,0,8,6,4,3,7
"ENSMUSG00000021313",10,12,21,20,30,32,55,32
"ENSMUSG00000021314",11,6,22,8,26,11,26,22
"ENSMUSG00000021318",18,16,99,48,78,30,36,55
"ENSMUSG00000021322",0,0,1,2,2,2,1,0
"ENSMUSG00000021326",2,1,6,6,3,1,5,7
"ENSMUSG00000021327",8,4,24,17,25,18,17,28
"ENSMUSG00000021338",11,8,48,42,42,33,35,65
"ENSMUSG00000021340",7,9,22,30,30,13,14,27
"ENSMUSG00000021357",3,5,17,16,13,8,10,28
"ENSMUSG00000021360",2,13,3,53,8,43,7,59
"ENSMUSG00000021361",2,4,15,16,17,6,10,20
"ENSMUSG00000021365",9,13,34,33,17,32,7,46
"ENSMUSG00000021366",5,4,8,13,13,5,11,13
"ENSMUSG00000021367",0,0,0,0,0,0,1,1
"ENSMUSG00000021368",3,1,8,6,10,9,7,12
"ENSMUSG00000021371",2,4,11,11,8,20,8,45
"ENSMUSG00000021373",17,14,51,13,42,9,49,37
"ENSMUSG00000021374",2,5,11,9,0,2,5,12
"ENSMUSG00000021375",9,5,22,14,23,13,21,25
"ENSMUSG00000021376",5,2,8,33,9,20,4,35
"ENSMUSG00000021377",3,4,13,13,11,7,15,21
"ENSMUSG00000021379",13,7,46,35,46,33,28,101
"ENSMUSG00000021385",1,1,6,11,7,3,6,13
"ENSMUSG00000021391",5,8,9,20,15,15,10,20
"ENSMUSG00000021392",1,1,3,9,9,6,4,11
"ENSMUSG00000021395",6,5,23,24,16,6,17,24
"ENSMUSG00000021413",7,3,15,17,10,5,8,28
"ENSMUSG00000021417",20,11,27,15,32,18,17,60
"ENSMUSG00000021420",36,25,163,60,129,29,72,110
"ENSMUSG00000021423",1,1,4,3,1,4,1,3
"ENSMUSG00000021427",7,13,37,47,28,27,29,34
"ENSMUSG00000021428",5,1,23,28,14,16,23,20
"ENSMUSG00000021431",13,8,33,28,22,19,20,51
"ENSMUSG00000021432",6,1,11,14,17,7,11,30
"ENSMUSG00000021448",7,7,17,12,28,12,24,23
"ENSMUSG00000021451",8,3,24,14,20,18,16,26
"ENSMUSG00000021453",8,31,11,168,18,137,14,198
"ENSMUSG00000021458",17,18,30,19,33,42,43,41
"ENSMUSG00000021460",9,10,27,20,21,16,32,37
"ENSMUSG00000021461",5,1,8,3,4,2,6,18
"ENSMUSG00000021466",20,5,43,12,58,6,50,21
"ENSMUSG00000021468",8,3,15,20,15,9,14,26
"ENSMUSG00000021470",13,9,30,28,23,22,16,38
"ENSMUSG00000021474",9,4,36,20,28,11,20,33
"ENSMUSG00000021476",11,3,29,23,15,10,17,33
"ENSMUSG00000021477",26,18,61,96,44,34,54,79
"ENSMUSG00000021478",0,0,0,1,1,0,0,0
"ENSMUSG00000021481",2,3,14,12,20,15,11,12
"ENSMUSG00000021483",1,0,1,4,3,3,2,5
"ENSMUSG00000021484",3,11,16,19,25,19,15,30
"ENSMUSG00000021486",0,4,14,27,20,11,24,38
"ENSMUSG00000021488",31,31,107,94,71,59,94,124
"ENSMUSG00000021493",11,5,12,14,16,19,24,23
"ENSMUSG00000021494",2,2,10,11,8,0,6,19
"ENSMUSG00000021495",4,4,7,9,25,13,16,11
"ENSMUSG00000021496",2,2,21,22,14,14,16,25
"ENSMUSG00000021497",15,5,52,52,53,37,47,59
"ENSMUSG00000021500",2,3,14,19,11,5,14,27
"ENSMUSG00000021501",10,6,31,31,28,27,29,56
"ENSMUSG00000021504",2,0,7,9,4,5,6,14
"ENSMUSG00000021508",38,31,172,185,180,90,51,173
"ENSMUSG00000021514",2,1,7,8,10,4,9,8
"ENSMUSG00000021518",3,1,18,18,17,8,18,17
"ENSMUSG00000021520",23,18,73,157,62,29,72,93
"ENSMUSG00000021534",2,1,4,14,7,5,5,12
"ENSMUSG00000021536",24,15,95,44,173,39,117,93
"ENSMUSG00000021537",8,7,25,36,30,12,24,38
"ENSMUSG00000021541",1,0,1,0,2,1,2,0
"ENSMUSG00000021546",19,8,53,66,49,28,64,46
"ENSMUSG00000021548",9,6,23,28,25,16,26,28
"ENSMUSG00000021549",3,6,15,26,13,12,23,16
"ENSMUSG00000021552",5,5,22,30,23,15,25,36
"ENSMUSG00000021555",9,3,11,14,12,8,18,22
"ENSMUSG00000021556",1,2,2,3,0,4,7,7
"ENSMUSG00000021557",10,5,15,21,22,14,23,21
"ENSMUSG00000021559",14,11,15,20,34,14,32,48
"ENSMUSG00000021573",14,3,36,24,18,7,19,31
"ENSMUSG00000021576",10,10,32,46,21,25,36,53
"ENSMUSG00000021577",23,14,46,54,34,46,52,74
"ENSMUSG00000021578",3,4,8,22,8,6,18,25
"ENSMUSG00000021585",0,0,2,4,3,0,1,1
"ENSMUSG00000021587",1,0,0,0,1,0,0,0
"ENSMUSG00000021589",4,3,20,3,16,5,10,7
"ENSMUSG00000021591",5,6,14,21,21,14,14,41
"ENSMUSG00000021592",6,5,26,27,15,9,13,19
"ENSMUSG00000021595",7,2,6,18,25,9,10,20
"ENSMUSG00000021596",4,6,15,11,16,11,32,21
"ENSMUSG00000021597",4,4,10,17,12,7,14,15
"ENSMUSG00000021598",6,1,11,20,6,10,11,17
"ENSMUSG00000021606",15,10,35,73,37,20,41,47
"ENSMUSG00000021607",4,6,22,19,23,3,16,27
"ENSMUSG00000021608",2,3,14,11,11,8,11,23
"ENSMUSG00000021610",2,3,15,22,18,11,19,23
"ENSMUSG00000021613",10,3,35,20,29,3,11,23
"ENSMUSG00000021614",0,1,5,8,3,5,3,4
"ENSMUSG00000021615",13,14,40,32,26,20,31,48
"ENSMUSG00000021619",3,0,15,16,8,7,11,9
"ENSMUSG00000021621",7,2,20,15,13,19,7,29
"ENSMUSG00000021629",7,7,14,20,20,11,24,23
"ENSMUSG00000021635",8,5,22,14,18,8,14,32
"ENSMUSG00000021639",2,1,7,3,5,6,6,9
"ENSMUSG00000021643",2,2,9,11,6,7,7,21
"ENSMUSG00000021645",3,1,5,6,6,2,8,14
"ENSMUSG00000021646",2,3,11,6,6,8,7,13
"ENSMUSG00000021647",0,0,1,3,1,0,1,1
"ENSMUSG00000021650",1,2,5,6,4,4,9,6
"ENSMUSG00000021660",2,1,9,9,6,6,8,7
"ENSMUSG00000021661",5,2,8,10,8,9,9,18
"ENSMUSG00000021662",6,1,18,2,17,15,13,11
"ENSMUSG00000021665",5,0,11,11,7,8,10,10
"ENSMUSG00000021666",4,8,22,17,20,17,20,46
"ENSMUSG00000021668",4,2,11,5,5,0,3,6
"ENSMUSG00000021669",7,2,8,15,8,15,14,20
"ENSMUSG00000021670",9,26,53,43,29,31,50,59
"ENSMUSG00000021675",0,0,0,0,0,0,0,2
"ENSMUSG00000021676",7,12,10,25,5,16,12,13
"ENSMUSG00000021680",3,0,7,2,5,1,1,3
"ENSMUSG00000021681",3,4,16,10,7,7,17,25
"ENSMUSG00000021684",34,12,121,13,125,23,49,54
"ENSMUSG00000021686",22,15,35,57,49,37,26,64
"ENSMUSG00000021687",11,12,39,57,33,31,30,44
"ENSMUSG00000021690",6,6,11,7,15,3,15,12
"ENSMUSG00000021692",2,1,2,3,4,4,6,6
"ENSMUSG00000021693",12,11,14,20,29,16,25,45
"ENSMUSG00000021694",2,1,5,9,7,3,6,10
"ENSMUSG00000021696",1,1,5,7,7,4,8,14
"ENSMUSG00000021699",48,64,124,140,119,181,221,213
"ENSMUSG00000021700",6,3,17,18,13,7,19,9
"ENSMUSG00000021701",9,3,28,40,18,16,16,27
"ENSMUSG00000021702",0,9,6,99,17,29,13,44
"ENSMUSG00000021703",0,5,9,9,8,8,6,4
"ENSMUSG00000021706",1,1,4,5,4,2,5,4
"ENSMUSG00000021708",2,2,10,12,10,8,13,16
"ENSMUSG00000021709",9,15,40,104,27,56,27,122
"ENSMUSG00000021710",8,12,15,66,16,64,11,67
"ENSMUSG00000021711",5,10,24,25,14,15,19,27
"ENSMUSG00000021712",2,2,9,10,7,5,8,11
"ENSMUSG00000021713",2,1,7,11,8,8,8,15
"ENSMUSG00000021715",9,7,23,14,17,10,21,28
"ENSMUSG00000021716",6,2,14,16,12,4,7,17
"ENSMUSG00000021719",14,8,32,17,41,18,58,39
"ENSMUSG00000021720",1,8,17,7,19,4,17,10
"ENSMUSG00000021721",1,0,1,5,2,0,1,3
"ENSMUSG00000021725",1,2,9,14,7,4,10,13
"ENSMUSG00000021728",3,1,7,5,5,3,6,6
"ENSMUSG00000021730",10,6,16,20,13,11,34,26
"ENSMUSG00000021731",5,2,9,8,6,3,11,18
"ENSMUSG00000021732",0,0,0,2,0,0,4,0
"ENSMUSG00000021733",3,5,3,22,4,7,4,20
"ENSMUSG00000021737",4,3,13,13,6,6,11,10
"ENSMUSG00000021738",6,5,12,21,12,7,10,16
"ENSMUSG00000021743",7,0,23,12,13,5,8,6
"ENSMUSG00000021745",29,34,74,80,60,69,45,120
"ENSMUSG00000021747",0,1,1,3,1,3,0,5
"ENSMUSG00000021748",20,13,43,46,38,28,43,57
"ENSMUSG00000021750",9,10,51,76,42,39,22,104
"ENSMUSG00000021752",3,3,4,3,11,6,4,11
"ENSMUSG00000021756",6,11,19,39,16,25,19,21
"ENSMUSG00000021759",5,5,8,11,10,7,11,10
"ENSMUSG00000021764",19,18,48,101,77,54,53,119
"ENSMUSG00000021765",2,0,1,1,1,1,1,1
"ENSMUSG00000021767",14,6,54,23,30,26,32,33
"ENSMUSG00000021770",2,7,18,24,9,15,24,27
"ENSMUSG00000021771",11,17,47,60,47,28,49,64
"ENSMUSG00000021772",16,7,23,33,30,22,28,46
"ENSMUSG00000021773",2,1,5,6,9,4,3,8
"ENSMUSG00000021774",23,16,56,53,44,47,35,82
"ENSMUSG00000021775",11,5,17,21,20,12,12,23
"ENSMUSG00000021779",27,23,90,56,83,79,53,76
"ENSMUSG00000021782",5,9,19,26,12,21,4,52
"ENSMUSG00000021785",1,2,11,4,4,4,6,12
"ENSMUSG00000021792",38,20,100,75,73,44,44,61
"ENSMUSG00000021794",58,33,158,90,134,77,97,181
"ENSMUSG00000021796",15,14,55,60,42,35,25,97
"ENSMUSG00000021798",1,2,3,5,0,1,0,3
"ENSMUSG00000021803",0,0,0,0,1,0,0,0
"ENSMUSG00000021807",9,8,26,36,19,18,30,42
"ENSMUSG00000021809",4,1,10,15,14,13,11,20
"ENSMUSG00000021810",3,6,15,12,16,12,11,14
"ENSMUSG00000021811",2,2,10,9,7,5,5,15
"ENSMUSG00000021814",5,13,14,46,6,31,15,61
"ENSMUSG00000021815",0,0,1,3,4,8,4,6
"ENSMUSG00000021816",7,14,31,41,25,18,22,37
"ENSMUSG00000021819",5,4,10,22,16,13,13,36
"ENSMUSG00000021820",22,8,104,59,126,50,89,101
"ENSMUSG00000021823",25,18,74,41,41,22,24,80
"ENSMUSG00000021824",8,4,52,27,34,11,21,31
"ENSMUSG00000021830",6,5,24,18,14,12,14,8
"ENSMUSG00000021831",2,3,5,8,8,5,7,5
"ENSMUSG00000021832",4,6,13,18,7,9,12,24
"ENSMUSG00000021835",0,0,0,0,1,0,0,1
"ENSMUSG00000021838",1,9,35,38,18,27,22,45
"ENSMUSG00000021840",2,5,22,13,16,7,8,11
"ENSMUSG00000021843",12,11,27,43,34,28,43,52
"ENSMUSG00000021846",10,7,28,28,19,16,15,31
"ENSMUSG00000021848",0,0,4,0,0,0,0,0
"ENSMUSG00000021852",5,2,7,10,10,9,18,20
"ENSMUSG00000021866",0,2,3,2,1,1,3,2
"ENSMUSG00000021868",6,2,3,3,9,3,7,11
"ENSMUSG00000021870",11,10,25,23,17,8,12,33
"ENSMUSG00000021871",1,4,5,9,15,8,10,12
"ENSMUSG00000021877",14,12,42,49,38,28,36,54
"ENSMUSG00000021891",1,3,5,8,7,2,5,6
"ENSMUSG00000021892",3,1,3,4,4,11,8,11
"ENSMUSG00000021893",7,1,16,12,13,6,7,12
"ENSMUSG00000021895",10,16,5,36,8,39,17,64
"ENSMUSG00000021901",3,0,7,8,7,5,4,17
"ENSMUSG00000021902",2,0,2,4,7,0,5,4
"ENSMUSG00000021903",0,0,0,1,0,1,2,1
"ENSMUSG00000021905",9,8,28,18,12,10,16,35
"ENSMUSG00000021906",3,3,7,13,8,8,5,10
"ENSMUSG00000021910",43,33,119,152,107,73,66,187
"ENSMUSG00000021911",4,2,18,11,9,13,22,16
"ENSMUSG00000021916",12,7,22,24,30,15,25,51
"ENSMUSG00000021917",21,12,62,98,60,40,53,84
"ENSMUSG00000021928",10,3,14,15,18,15,13,19
"ENSMUSG00000021929",7,6,23,19,18,16,15,29
"ENSMUSG00000021930",3,4,14,12,11,3,4,17
"ENSMUSG00000021932",5,1,4,4,4,3,1,5
"ENSMUSG00000021936",7,5,28,15,23,15,18,29
"ENSMUSG00000021938",6,2,5,12,13,14,17,19
"ENSMUSG00000021939",19,26,82,155,96,108,117,144
"ENSMUSG00000021945",10,8,25,12,28,15,21,32
"ENSMUSG00000021947",3,0,6,10,12,2,1,4
"ENSMUSG00000021948",9,14,6,41,1,18,5,69
"ENSMUSG00000021951",11,7,22,26,15,7,24,20
"ENSMUSG00000021952",2,2,6,10,10,6,9,13
"ENSMUSG00000021957",9,11,23,35,22,24,27,51
"ENSMUSG00000021959",4,6,18,20,14,11,16,36
"ENSMUSG00000021962",8,3,7,10,6,9,5,15
"ENSMUSG00000021963",1,6,17,15,12,5,13,31
"ENSMUSG00000021967",6,5,16,41,21,15,20,32
"ENSMUSG00000021969",11,14,43,42,57,33,56,88
"ENSMUSG00000021972",5,9,30,18,16,13,19,19
"ENSMUSG00000021973",6,1,7,7,7,11,7,19
"ENSMUSG00000021974",3,0,6,4,9,2,8,7
"ENSMUSG00000021975",11,4,26,29,29,11,19,33
"ENSMUSG00000021978",9,8,36,20,27,18,41,36
"ENSMUSG00000021981",9,8,11,16,20,14,18,39
"ENSMUSG00000021982",2,4,13,15,12,5,9,16
"ENSMUSG00000021983",6,6,5,3,5,6,26,6
"ENSMUSG00000021986",0,0,11,9,20,6,19,11
"ENSMUSG00000021987",4,5,30,13,22,19,16,16
"ENSMUSG00000021990",2,1,3,9,1,3,2,8
"ENSMUSG00000021991",10,18,12,13,18,51,43,56
"ENSMUSG00000021993",1,4,4,8,2,2,6,8
"ENSMUSG00000021996",4,1,19,22,22,8,23,39
"ENSMUSG00000021998",0,1,2,6,2,1,1,3
"ENSMUSG00000022000",3,4,14,13,14,9,12,23
"ENSMUSG00000022008",1,0,5,18,3,1,3,4
"ENSMUSG00000022009",1,1,5,4,7,0,4,11
"ENSMUSG00000022010",35,41,109,156,69,48,68,163
"ENSMUSG00000022012",14,17,26,55,23,41,34,48
"ENSMUSG00000022013",9,5,19,29,23,9,22,32
"ENSMUSG00000022016",16,11,33,44,26,35,41,72
"ENSMUSG00000022018",14,7,29,49,37,24,15,47
"ENSMUSG00000022019",4,5,23,16,18,6,10,19
"ENSMUSG00000022020",5,4,3,13,7,5,5,10
"ENSMUSG00000022021",4,1,20,7,10,1,13,9
"ENSMUSG00000022023",6,5,20,29,8,7,17,33
"ENSMUSG00000022024",4,2,13,14,17,10,5,23
"ENSMUSG00000022025",1,1,2,4,1,5,3,4
"ENSMUSG00000022031",6,3,11,9,11,6,5,13
"ENSMUSG00000022032",0,0,0,1,0,0,0,0
"ENSMUSG00000022035",4,4,11,15,18,15,14,30
"ENSMUSG00000022037",106,101,340,892,435,314,228,458
"ENSMUSG00000022040",6,3,10,21,17,8,12,25
"ENSMUSG00000022043",17,16,47,44,43,33,62,72
"ENSMUSG00000022044",22,14,59,87,59,39,82,80
"ENSMUSG00000022048",34,26,138,117,119,64,113,132
"ENSMUSG00000022051",8,6,30,44,34,24,37,38
"ENSMUSG00000022052",8,11,30,43,29,33,38,61
"ENSMUSG00000022054",6,4,12,26,13,5,27,16
"ENSMUSG00000022055",10,11,50,54,23,14,38,40
"ENSMUSG00000022064",14,8,21,34,22,25,22,69
"ENSMUSG00000022070",2,1,2,1,1,3,3,7
"ENSMUSG00000022075",13,2,21,2,24,9,19,18
"ENSMUSG00000022076",0,1,11,5,3,1,2,2
"ENSMUSG00000022085",0,0,0,3,0,1,0,1
"ENSMUSG00000022089",2,4,13,7,7,2,6,13
"ENSMUSG00000022090",1,0,7,10,5,6,8,6
"ENSMUSG00000022092",7,22,30,43,15,27,15,53
"ENSMUSG00000022094",0,30,11,124,4,63,8,177
"ENSMUSG00000022095",2,1,9,5,2,4,6,8
"ENSMUSG00000022098",4,4,18,11,11,13,7,34
"ENSMUSG00000022099",6,4,14,22,15,13,20,27
"ENSMUSG00000022100",16,10,46,32,35,25,38,48
"ENSMUSG00000022103",4,2,18,13,7,3,11,9
"ENSMUSG00000022105",15,11,32,21,46,18,37,36
"ENSMUSG00000022106",6,1,16,6,9,6,11,20
"ENSMUSG00000022108",107,80,228,399,241,193,337,277
"ENSMUSG00000022109",3,3,6,11,11,3,6,12
"ENSMUSG00000022110",16,6,31,34,25,16,26,25
"ENSMUSG00000022111",1,3,9,12,7,6,11,11
"ENSMUSG00000022112",606,506,1644,1361,1778,1327,717,2223
"ENSMUSG00000022114",7,7,24,16,34,5,22,30
"ENSMUSG00000022119",20,15,50,64,61,50,52,85
"ENSMUSG00000022122",9,9,46,53,44,22,52,38
"ENSMUSG00000022123",0,2,2,2,1,0,0,1
"ENSMUSG00000022124",4,3,11,13,9,4,6,15
"ENSMUSG00000022126",0,0,0,1,0,0,0,2
"ENSMUSG00000022131",2,3,8,8,9,10,7,14
"ENSMUSG00000022132",84,54,246,244,257,153,106,198
"ENSMUSG00000022136",7,7,26,53,31,29,25,79
"ENSMUSG00000022139",48,35,82,90,76,72,72,125
"ENSMUSG00000022141",22,38,63,86,67,56,50,106
"ENSMUSG00000022142",2,1,5,6,1,1,6,9
"ENSMUSG00000022146",0,21,0,106,0,92,1,83
"ENSMUSG00000022148",0,3,7,6,9,2,7,11
"ENSMUSG00000022150",6,1,8,5,8,8,1,2
"ENSMUSG00000022151",5,4,15,19,6,2,7,10
"ENSMUSG00000022159",5,4,12,9,9,5,12,22
"ENSMUSG00000022160",1,6,10,8,10,5,9,11
"ENSMUSG00000022174",17,10,55,75,48,27,73,60
"ENSMUSG00000022175",4,7,14,18,18,9,6,22
"ENSMUSG00000022179",2,0,14,8,10,8,10,14
"ENSMUSG00000022180",3,2,13,2,9,9,10,13
"ENSMUSG00000022184",2,6,13,6,6,9,3,21
"ENSMUSG00000022185",7,9,32,21,27,21,34,45
"ENSMUSG00000022186",32,39,88,83,91,86,86,122
"ENSMUSG00000022191",1,4,9,7,2,1,8,10
"ENSMUSG00000022193",15,7,29,57,38,19,52,48
"ENSMUSG00000022195",5,3,17,19,18,12,11,35
"ENSMUSG00000022197",4,12,8,23,7,24,30,13
"ENSMUSG00000022199",19,21,82,66,69,50,95,79
"ENSMUSG00000022200",5,3,9,17,11,11,11,12
"ENSMUSG00000022201",26,21,88,73,66,33,72,93
"ENSMUSG00000022204",2,1,14,19,10,14,15,32
"ENSMUSG00000022205",56,30,140,221,133,74,90,184
"ENSMUSG00000022206",0,1,0,0,0,2,2,3
"ENSMUSG00000022208",4,2,9,14,9,5,29,13
"ENSMUSG00000022211",2,1,2,1,7,2,8,8
"ENSMUSG00000022212",2,2,7,9,3,2,1,5
"ENSMUSG00000022214",5,1,15,17,13,6,12,23
"ENSMUSG00000022216",1,4,5,11,2,11,5,11
"ENSMUSG00000022217",4,4,23,32,18,11,20,29
"ENSMUSG00000022223",6,1,8,5,8,4,7,13
"ENSMUSG00000022228",7,5,22,17,22,14,21,45
"ENSMUSG00000022231",0,4,10,21,9,5,9,17
"ENSMUSG00000022234",3,5,22,34,19,15,33,33
"ENSMUSG00000022237",5,3,10,3,8,9,16,13
"ENSMUSG00000022240",239,178,716,418,554,311,408,653
"ENSMUSG00000022246",1,3,1,1,4,5,7,8
"ENSMUSG00000022247",3,5,7,14,6,6,14,28
"ENSMUSG00000022253",12,6,27,17,23,9,20,20
"ENSMUSG00000022255",17,12,58,46,31,27,38,75
"ENSMUSG00000022257",10,6,22,22,17,13,20,25
"ENSMUSG00000022261",19,11,51,36,44,16,22,26
"ENSMUSG00000022262",0,1,2,3,5,2,4,0
"ENSMUSG00000022263",19,23,27,48,30,36,44,48
"ENSMUSG00000022265",17,8,35,41,45,34,50,61
"ENSMUSG00000022269",1,4,1,0,0,5,7,4
"ENSMUSG00000022270",6,4,16,15,8,7,20,21
"ENSMUSG00000022272",13,5,52,17,31,11,32,32
"ENSMUSG00000022280",5,5,14,18,18,12,8,24
"ENSMUSG00000022283",6,4,12,25,26,18,23,44
"ENSMUSG00000022285",11,7,39,41,33,24,51,61
"ENSMUSG00000022292",8,4,15,31,9,14,13,19
"ENSMUSG00000022295",7,6,44,48,32,21,38,56
"ENSMUSG00000022296",4,4,16,12,7,8,4,15
"ENSMUSG00000022299",3,3,2,0,5,9,5,6
"ENSMUSG00000022300",1,1,6,4,9,3,2,14
"ENSMUSG00000022305",2,3,11,11,13,1,11,7
"ENSMUSG00000022306",14,27,51,39,46,22,65,42
"ENSMUSG00000022307",36,32,60,88,70,50,95,144
"ENSMUSG00000022309",7,1,2,7,1,6,5,17
"ENSMUSG00000022311",14,16,21,9,40,33,83,30
"ENSMUSG00000022312",12,5,24,34,17,16,32,44
"ENSMUSG00000022314",3,3,15,10,11,9,16,16
"ENSMUSG00000022321",68,46,207,102,142,91,134,182
"ENSMUSG00000022323",5,2,15,24,20,11,9,26
"ENSMUSG00000022324",3,2,9,9,5,1,3,10
"ENSMUSG00000022329",7,15,29,37,18,30,16,68
"ENSMUSG00000022332",13,11,24,21,34,18,50,38
"ENSMUSG00000022335",0,1,4,2,4,2,4,6
"ENSMUSG00000022336",4,2,22,35,7,8,15,27
"ENSMUSG00000022337",4,5,14,21,17,9,13,30
"ENSMUSG00000022338",11,7,14,21,16,16,18,38
"ENSMUSG00000022339",1,3,6,10,10,3,2,6
"ENSMUSG00000022340",41,29,110,82,83,67,83,136
"ENSMUSG00000022342",1,0,7,4,7,3,10,5
"ENSMUSG00000022350",6,4,14,13,13,10,12,15
"ENSMUSG00000022351",6,12,38,44,29,14,28,39
"ENSMUSG00000022353",1,6,12,4,15,7,21,18
"ENSMUSG00000022354",24,18,83,165,82,42,84,89
"ENSMUSG00000022358",0,0,4,1,3,1,6,2
"ENSMUSG00000022359",5,1,9,10,6,3,6,9
"ENSMUSG00000022360",2,0,2,1,7,3,7,8
"ENSMUSG00000022364",2,1,4,3,5,1,5,5
"ENSMUSG00000022365",11,7,32,29,38,18,15,47
"ENSMUSG00000022370",6,1,13,11,12,5,10,12
"ENSMUSG00000022372",0,0,1,3,0,0,0,6
"ENSMUSG00000022375",0,1,5,1,2,5,5,2
"ENSMUSG00000022376",4,0,10,4,7,5,25,7
"ENSMUSG00000022377",28,18,61,47,82,52,78,96
"ENSMUSG00000022378",17,13,48,49,58,19,64,62
"ENSMUSG00000022382",2,1,17,12,13,5,3,8
"ENSMUSG00000022383",32,32,45,44,29,43,12,70
"ENSMUSG00000022386",6,1,11,5,10,6,10,17
"ENSMUSG00000022387",0,1,5,7,9,4,5,21
"ENSMUSG00000022388",4,5,27,27,39,17,15,40
"ENSMUSG00000022389",24,11,47,40,30,36,45,78
"ENSMUSG00000022390",7,3,11,18,24,5,19,16
"ENSMUSG00000022391",11,9,26,26,20,13,29,50
"ENSMUSG00000022394",1,1,8,7,3,1,9,11
"ENSMUSG00000022400",11,17,51,64,45,30,47,64
"ENSMUSG00000022401",10,5,16,13,15,7,11,25
"ENSMUSG00000022403",12,11,38,54,49,15,47,60
"ENSMUSG00000022404",3,6,11,12,11,6,13,11
"ENSMUSG00000022407",3,2,6,13,14,5,7,17
"ENSMUSG00000022412",4,3,9,16,15,6,11,20
"ENSMUSG00000022414",1,1,1,1,4,2,9,5
"ENSMUSG00000022415",18,5,34,25,31,18,49,40
"ENSMUSG00000022416",0,0,4,7,2,2,5,5
"ENSMUSG00000022419",5,5,16,7,7,13,13,19
"ENSMUSG00000022420",4,2,6,14,10,8,11,23
"ENSMUSG00000022421",6,3,34,29,28,23,36,39
"ENSMUSG00000022425",11,7,26,78,74,35,56,23
"ENSMUSG00000022426",4,2,11,18,9,6,14,10
"ENSMUSG00000022427",13,5,29,40,23,18,24,51
"ENSMUSG00000022428",9,11,23,20,20,18,19,33
"ENSMUSG00000022433",4,2,13,10,8,3,12,20
"ENSMUSG00000022434",1,0,4,7,0,1,6,4
"ENSMUSG00000022436",19,5,51,76,49,20,41,82
"ENSMUSG00000022437",1,0,8,12,13,4,14,10
"ENSMUSG00000022438",2,1,8,5,8,2,11,9
"ENSMUSG00000022441",0,0,0,2,1,1,6,2
"ENSMUSG00000022442",1,1,2,3,5,3,5,3
"ENSMUSG00000022443",6,5,13,12,16,8,8,18
"ENSMUSG00000022449",3,6,8,27,13,16,11,26
"ENSMUSG00000022450",28,15,65,155,80,32,62,98
"ENSMUSG00000022451",5,2,5,8,2,3,3,4
"ENSMUSG00000022452",30,11,69,118,61,33,65,114
"ENSMUSG00000022454",23,13,47,56,43,40,82,61
"ENSMUSG00000022456",5,1,17,20,5,9,27,16
"ENSMUSG00000022462",17,17,23,40,37,23,42,48
"ENSMUSG00000022463",12,19,61,39,46,23,40,70
"ENSMUSG00000022466",3,1,3,4,4,6,6,7
"ENSMUSG00000022469",47,30,66,123,102,116,23,238
"ENSMUSG00000022471",6,3,15,19,14,13,10,26
"ENSMUSG00000022472",7,6,36,22,29,17,28,37
"ENSMUSG00000022474",23,11,49,72,43,30,54,58
"ENSMUSG00000022475",3,3,12,10,8,13,11,23
"ENSMUSG00000022476",4,2,25,21,18,2,14,18
"ENSMUSG00000022477",26,26,75,65,60,50,63,110
"ENSMUSG00000022489",0,2,3,3,2,3,9,5
"ENSMUSG00000022490",10,7,38,47,35,16,21,29
"ENSMUSG00000022494",4,1,14,4,14,7,25,16
"ENSMUSG00000022498",5,5,13,19,13,11,22,24
"ENSMUSG00000022500",3,3,6,13,5,7,9,18
"ENSMUSG00000022503",1,0,3,12,5,3,1,13
"ENSMUSG00000022507",2,5,19,16,11,4,15,21
"ENSMUSG00000022508",20,14,35,47,39,37,16,82
"ENSMUSG00000022514",6,4,15,11,11,20,12,23
"ENSMUSG00000022515",4,6,28,19,18,23,15,37
"ENSMUSG00000022516",3,3,6,11,4,6,9,10
"ENSMUSG00000022517",11,3,22,22,30,18,18,27
"ENSMUSG00000022519",0,1,4,5,4,6,3,7
"ENSMUSG00000022521",23,21,79,58,52,38,46,83
"ENSMUSG00000022523",12,8,39,28,30,21,34,62
"ENSMUSG00000022526",4,0,7,7,5,2,7,17
"ENSMUSG00000022528",9,3,29,27,43,28,26,38
"ENSMUSG00000022529",4,2,9,9,9,18,8,20
"ENSMUSG00000022533",3,2,7,24,10,18,14,17
"ENSMUSG00000022536",12,12,34,41,33,39,23,49
"ENSMUSG00000022537",6,10,25,22,28,18,15,29
"ENSMUSG00000022538",2,1,7,1,9,8,8,11
"ENSMUSG00000022540",10,3,20,24,11,13,28,18
"ENSMUSG00000022545",1,0,5,4,4,0,0,9
"ENSMUSG00000022548",12,21,11,221,32,37,51,53
"ENSMUSG00000022550",1,4,7,6,5,3,8,9
"ENSMUSG00000022551",19,13,56,69,55,42,51,77
"ENSMUSG00000022552",3,1,4,8,6,8,7,14
"ENSMUSG00000022553",3,4,14,38,16,10,18,30
"ENSMUSG00000022555",4,5,12,10,5,7,16,19
"ENSMUSG00000022556",2,1,10,16,7,5,9,17
"ENSMUSG00000022557",2,5,4,16,8,4,9,11
"ENSMUSG00000022558",3,12,17,20,19,12,11,40
"ENSMUSG00000022559",4,1,10,10,8,8,5,9
"ENSMUSG00000022561",2,2,13,14,5,8,9,13
"ENSMUSG00000022564",56,55,160,225,128,160,92,285
"ENSMUSG00000022565",0,2,12,16,10,4,12,9
"ENSMUSG00000022570",4,4,6,8,10,5,3,11
"ENSMUSG00000022577",35,12,68,100,58,42,47,110
"ENSMUSG00000022587",8,4,20,53,33,24,40,67
"ENSMUSG00000022594",4,12,34,36,30,25,33,45
"ENSMUSG00000022601",2,4,20,24,20,14,21,37
"ENSMUSG00000022602",1,0,8,1,4,3,4,1
"ENSMUSG00000022604",4,1,11,6,7,6,11,12
"ENSMUSG00000022607",44,27,93,120,85,76,85,144
"ENSMUSG00000022617",8,8,15,26,19,14,11,33
"ENSMUSG00000022619",6,3,18,16,20,10,13,16
"ENSMUSG00000022621",0,1,7,8,8,3,7,7
"ENSMUSG00000022623",0,5,1,2,2,7,8,13
"ENSMUSG00000022629",25,17,54,43,71,38,69,82
"ENSMUSG00000022634",7,9,35,49,27,20,25,43
"ENSMUSG00000022635",7,10,40,43,34,13,20,42
"ENSMUSG00000022636",32,27,80,48,47,37,58,55
"ENSMUSG00000022637",1,6,12,10,19,5,9,16
"ENSMUSG00000022641",10,8,6,24,8,13,15,37
"ENSMUSG00000022656",8,5,12,18,10,14,10,23
"ENSMUSG00000022658",25,16,81,110,101,39,107,127
"ENSMUSG00000022661",8,6,15,28,11,9,21,12
"ENSMUSG00000022663",4,6,12,29,12,4,10,27
"ENSMUSG00000022664",4,2,5,7,6,4,4,6
"ENSMUSG00000022665",3,3,11,14,15,5,10,22
"ENSMUSG00000022668",2,2,6,4,5,4,6,6
"ENSMUSG00000022671",2,2,3,8,4,4,8,9
"ENSMUSG00000022672",15,18,29,59,37,40,13,67
"ENSMUSG00000022674",6,4,26,23,9,9,10,22
"ENSMUSG00000022677",7,2,21,32,15,11,14,35
"ENSMUSG00000022679",10,5,21,13,16,22,14,18
"ENSMUSG00000022680",14,32,42,57,50,88,27,142
"ENSMUSG00000022681",36,59,70,154,64,223,46,242
"ENSMUSG00000022682",11,6,19,27,13,15,19,35
"ENSMUSG00000022684",11,7,21,23,23,9,25,34
"ENSMUSG00000022685",5,8,14,19,21,9,17,23
"ENSMUSG00000022687",8,17,20,46,8,26,19,55
"ENSMUSG00000022696",4,4,6,4,10,20,20,20
"ENSMUSG00000022698",7,2,22,26,18,6,15,19
"ENSMUSG00000022701",9,10,34,26,22,16,28,33
"ENSMUSG00000022702",4,3,2,4,4,1,3,6
"ENSMUSG00000022704",2,0,3,5,1,2,0,5
"ENSMUSG00000022706",4,5,17,22,23,12,18,33
"ENSMUSG00000022707",3,5,13,25,16,10,5,21
"ENSMUSG00000022708",228,257,825,686,694,370,458,799
"ENSMUSG00000022710",3,5,9,12,9,5,19,19
"ENSMUSG00000022711",4,4,12,6,9,14,9,14
"ENSMUSG00000022718",5,3,8,10,12,6,10,19
"ENSMUSG00000022721",4,3,7,9,7,6,5,11
"ENSMUSG00000022722",7,3,13,17,9,8,18,18
"ENSMUSG00000022724",0,0,1,5,5,1,4,7
"ENSMUSG00000022742",2,7,13,14,13,7,15,18
"ENSMUSG00000022744",8,5,53,54,38,21,27,40
"ENSMUSG00000022747",1,5,9,11,8,9,17,11
"ENSMUSG00000022748",5,2,6,13,6,12,18,21
"ENSMUSG00000022749",7,4,28,21,21,12,23,31
"ENSMUSG00000022750",6,2,13,10,12,12,9,16
"ENSMUSG00000022752",8,8,19,20,18,11,23,30
"ENSMUSG00000022756",1,1,9,13,5,6,12,8
"ENSMUSG00000022757",3,1,4,15,15,7,14,13
"ENSMUSG00000022760",6,0,6,13,7,10,3,13
"ENSMUSG00000022761",6,4,10,20,15,6,22,35
"ENSMUSG00000022762",26,19,75,71,95,51,92,83
"ENSMUSG00000022763",24,10,34,30,40,57,33,83
"ENSMUSG00000022769",3,0,8,8,9,7,5,7
"ENSMUSG00000022770",15,16,49,41,33,42,41,68
"ENSMUSG00000022771",19,14,49,49,48,42,33,65
"ENSMUSG00000022772",12,5,22,33,28,22,26,48
"ENSMUSG00000022773",6,0,14,4,12,7,10,15
"ENSMUSG00000022774",5,2,14,14,11,10,13,28
"ENSMUSG00000022779",4,4,10,10,11,11,13,22
"ENSMUSG00000022781",5,12,30,27,39,20,21,43
"ENSMUSG00000022783",27,18,118,161,76,46,96,133
"ENSMUSG00000022787",1,1,5,10,12,3,6,9
"ENSMUSG00000022788",5,10,41,12,22,12,31,18
"ENSMUSG00000022789",6,8,23,21,12,7,30,25
"ENSMUSG00000022790",58,41,134,123,86,82,44,142
"ENSMUSG00000022791",5,5,14,8,11,3,14,11
"ENSMUSG00000022793",1,0,7,8,6,4,3,12
"ENSMUSG00000022797",2,1,17,10,8,3,8,10
"ENSMUSG00000022799",19,9,57,39,33,36,27,74
"ENSMUSG00000022800",5,7,26,16,25,15,26,43
"ENSMUSG00000022801",7,10,24,31,29,23,21,32
"ENSMUSG00000022802",0,1,6,14,5,0,4,9
"ENSMUSG00000022807",5,5,19,25,9,14,17,31
"ENSMUSG00000022808",2,3,8,12,12,4,9,9
"ENSMUSG00000022811",14,14,30,28,18,19,20,44
"ENSMUSG00000022812",26,7,68,84,79,52,74,128
"ENSMUSG00000022816",32,26,55,91,38,56,27,120
"ENSMUSG00000022817",10,4,28,19,25,12,20,15
"ENSMUSG00000022820",6,2,9,9,6,10,14,12
"ENSMUSG00000022822",7,13,27,27,36,27,33,62
"ENSMUSG00000022827",0,1,4,4,4,6,7,13
"ENSMUSG00000022828",3,2,5,4,4,3,1,12
"ENSMUSG00000022829",6,5,14,5,18,17,55,28
"ENSMUSG00000022836",1,7,2,3,2,4,2,13
"ENSMUSG00000022837",3,4,23,20,21,17,17,25
"ENSMUSG00000022838",9,10,13,31,15,11,10,25
"ENSMUSG00000022840",2,2,7,7,2,3,9,4
"ENSMUSG00000022841",13,5,18,50,28,20,27,40
"ENSMUSG00000022842",3,0,6,10,8,6,11,6
"ENSMUSG00000022843",4,1,11,3,12,6,5,5
"ENSMUSG00000022844",0,0,0,2,5,2,3,0
"ENSMUSG00000022848",6,6,20,24,14,14,8,29
"ENSMUSG00000022849",1,2,3,3,3,2,2,4
"ENSMUSG00000022853",1,2,13,10,10,5,6,7
"ENSMUSG00000022855",10,17,34,28,35,36,24,65
"ENSMUSG00000022856",0,2,6,4,4,2,2,7
"ENSMUSG00000022858",17,8,50,66,44,41,35,89
"ENSMUSG00000022861",6,2,11,5,8,11,18,8
"ENSMUSG00000022865",0,2,2,1,2,1,2,4
"ENSMUSG00000022867",7,13,30,23,13,18,16,26
"ENSMUSG00000022876",2,1,2,0,2,1,1,4
"ENSMUSG00000022883",9,9,24,32,27,16,14,56
"ENSMUSG00000022884",65,42,155,268,136,101,146,291
"ENSMUSG00000022885",27,19,74,41,40,29,32,64
"ENSMUSG00000022887",11,3,15,9,19,5,6,12
"ENSMUSG00000022889",0,1,12,4,3,3,10,10
"ENSMUSG00000022890",29,10,88,128,104,38,73,129
"ENSMUSG00000022892",39,30,144,145,119,69,176,137
"ENSMUSG00000022893",2,1,1,20,4,14,0,14
"ENSMUSG00000022895",4,1,6,5,4,7,6,12
"ENSMUSG00000022897",5,12,36,25,18,13,14,36
"ENSMUSG00000022898",3,3,14,11,9,8,9,11
"ENSMUSG00000022899",15,26,47,32,44,32,18,44
"ENSMUSG00000022905",6,5,17,26,23,13,17,25
"ENSMUSG00000022906",0,5,4,23,5,12,4,27
"ENSMUSG00000022911",1,1,10,2,4,10,6,11
"ENSMUSG00000022912",1,5,4,32,5,19,2,29
"ENSMUSG00000022914",15,17,31,46,22,23,31,58
"ENSMUSG00000022935",7,2,10,0,17,1,9,6
"ENSMUSG00000022940",11,5,39,33,30,18,23,27
"ENSMUSG00000022946",7,5,28,11,25,17,35,27
"ENSMUSG00000022948",5,1,8,8,5,2,9,14
"ENSMUSG00000022949",0,2,2,1,1,0,2,1
"ENSMUSG00000022951",5,1,15,21,13,14,10,30
"ENSMUSG00000022952",0,0,0,8,0,2,3,2
"ENSMUSG00000022956",48,36,149,159,108,73,97,168
"ENSMUSG00000022957",21,11,36,40,54,36,31,71
"ENSMUSG00000022961",105,80,393,487,397,310,251,525
"ENSMUSG00000022962",5,5,17,9,27,11,14,19
"ENSMUSG00000022964",4,2,16,13,7,6,23,16
"ENSMUSG00000022965",5,4,15,22,17,7,16,22
"ENSMUSG00000022967",5,2,7,19,9,6,11,14
"ENSMUSG00000022971",3,8,7,13,5,7,7,28
"ENSMUSG00000022972",1,7,12,7,7,7,7,13
"ENSMUSG00000022973",16,13,38,44,32,18,37,43
"ENSMUSG00000022974",0,2,17,7,10,8,14,16
"ENSMUSG00000022982",8,2,31,40,19,8,30,28
"ENSMUSG00000022983",5,3,11,9,14,4,12,15
"ENSMUSG00000022987",12,7,42,35,37,20,15,39
"ENSMUSG00000022992",7,7,13,23,26,8,19,24
"ENSMUSG00000022995",35,34,115,97,94,64,60,124
"ENSMUSG00000022997",0,0,0,0,0,1,1,2
"ENSMUSG00000022999",1,3,7,16,13,13,12,11
"ENSMUSG00000023004",22,9,49,71,53,22,106,63
"ENSMUSG00000023007",2,4,4,9,7,4,8,11
"ENSMUSG00000023009",4,6,6,9,7,5,6,4
"ENSMUSG00000023010",25,26,63,114,58,64,89,83
"ENSMUSG00000023011",8,10,46,53,43,35,84,49
"ENSMUSG00000023015",1,2,0,3,3,2,5,3
"ENSMUSG00000023017",0,1,3,3,4,6,6,1
"ENSMUSG00000023018",5,3,13,19,14,12,15,21
"ENSMUSG00000023019",5,3,7,10,6,14,17,20
"ENSMUSG00000023020",25,13,60,77,45,20,48,78
"ENSMUSG00000023021",23,9,30,31,34,28,43,56
"ENSMUSG00000023022",6,4,32,19,16,14,22,15
"ENSMUSG00000023025",10,3,24,24,17,22,9,41
"ENSMUSG00000023026",16,10,71,49,57,30,69,80
"ENSMUSG00000023027",3,2,10,11,8,5,10,17
"ENSMUSG00000023030",4,1,5,5,6,5,6,5
"ENSMUSG00000023032",2,4,11,17,15,15,7,29
"ENSMUSG00000023033",11,8,36,27,36,23,51,66
"ENSMUSG00000023034",2,0,4,2,6,0,1,3
"ENSMUSG00000023044",1,1,9,4,11,9,1,9
"ENSMUSG00000023046",8,9,39,44,29,14,18,54
"ENSMUSG00000023048",8,6,17,16,15,11,11,24
"ENSMUSG00000023050",6,3,18,17,13,10,16,31
"ENSMUSG00000023051",3,5,13,8,15,12,13,22
"ENSMUSG00000023055",7,2,6,9,7,3,8,14
"ENSMUSG00000023066",6,1,12,4,1,7,4,10
"ENSMUSG00000023067",7,15,5,57,5,29,7,56
"ENSMUSG00000023068",5,7,11,13,3,3,10,16
"ENSMUSG00000023072",3,2,9,6,4,11,5,7
"ENSMUSG00000023074",2,2,15,5,4,5,3,5
"ENSMUSG00000023075",9,8,31,24,18,13,16,31
"ENSMUSG00000023079",4,1,6,2,8,4,14,5
"ENSMUSG00000023087",1,3,17,30,17,13,10,44
"ENSMUSG00000023088",5,2,7,9,7,8,7,10
"ENSMUSG00000023089",16,5,39,81,36,22,32,51
"ENSMUSG00000023092",2,2,11,4,7,6,6,7
"ENSMUSG00000023094",6,2,7,7,3,4,7,13
"ENSMUSG00000023104",4,4,12,9,10,11,11,30
"ENSMUSG00000023106",9,5,21,29,13,10,19,27
"ENSMUSG00000023110",3,1,15,19,12,9,8,18
"ENSMUSG00000023118",5,6,9,6,12,9,10,20
"ENSMUSG00000023147",2,5,17,15,11,6,14,12
"ENSMUSG00000023150",3,0,18,18,13,11,12,13
"ENSMUSG00000023156",4,7,15,10,13,11,12,16
"ENSMUSG00000023169",9,9,41,26,25,8,75,18
"ENSMUSG00000023170",12,4,14,20,20,10,12,29
"ENSMUSG00000023175",57,35,150,273,176,105,178,168
"ENSMUSG00000023191",6,6,15,9,17,18,6,25
"ENSMUSG00000023192",0,1,0,5,2,1,3,4
"ENSMUSG00000023206",2,5,12,14,8,6,6,27
"ENSMUSG00000023224",0,12,2,63,2,23,4,64
"ENSMUSG00000023232",0,2,1,0,2,0,7,2
"ENSMUSG00000023235",6,2,12,10,13,14,6,19
"ENSMUSG00000023236",42,33,136,225,161,94,205,208
"ENSMUSG00000023277",7,3,13,12,19,4,17,21
"ENSMUSG00000023284",1,1,13,4,5,3,6,11
"ENSMUSG00000023286",20,7,43,45,22,32,37,75
"ENSMUSG00000023307",3,3,18,19,14,13,14,24
"ENSMUSG00000023328",4,2,5,7,3,1,8,8
"ENSMUSG00000023330",1,0,2,4,7,3,5,3
"ENSMUSG00000023336",0,1,1,1,2,4,0,3
"ENSMUSG00000023345",2,1,5,2,0,0,2,9
"ENSMUSG00000023353",6,8,23,33,6,12,20,21
"ENSMUSG00000023367",4,16,20,45,11,15,14,55
"ENSMUSG00000023452",4,2,14,12,16,7,6,23
"ENSMUSG00000023456",36,30,77,171,109,50,157,149
"ENSMUSG00000023460",7,4,20,26,19,16,17,31
"ENSMUSG00000023473",1,1,1,1,1,1,3,3
"ENSMUSG00000023495",8,7,24,22,21,20,37,39
"ENSMUSG00000023571",2,0,2,10,3,3,8,4
"ENSMUSG00000023572",4,2,5,12,10,3,7,14
"ENSMUSG00000023707",3,2,3,5,3,3,6,9
"ENSMUSG00000023723",4,5,10,19,8,2,5,15
"ENSMUSG00000023755",0,0,3,4,6,3,2,7
"ENSMUSG00000023764",13,7,31,23,30,33,22,39
"ENSMUSG00000023791",7,3,24,21,24,15,17,17
"ENSMUSG00000023800",11,22,55,44,21,30,38,62
"ENSMUSG00000023805",3,2,11,9,3,2,11,15
"ENSMUSG00000023809",3,5,8,5,9,8,15,9
"ENSMUSG00000023826",34,31,84,62,107,75,64,129
"ENSMUSG00000023827",9,10,14,34,8,19,23,45
"ENSMUSG00000023830",1,1,5,9,5,5,10,8
"ENSMUSG00000023832",4,7,10,18,15,13,12,24
"ENSMUSG00000023845",15,12,32,39,46,16,22,38
"ENSMUSG00000023852",2,5,12,22,29,21,19,43
"ENSMUSG00000023861",32,16,92,109,83,42,72,122
"ENSMUSG00000023868",8,12,100,17,39,32,90,67
"ENSMUSG00000023886",0,0,1,4,1,2,2,4
"ENSMUSG00000023904",18,9,46,81,48,25,41,62
"ENSMUSG00000023905",3,1,2,23,1,5,4,9
"ENSMUSG00000023909",5,2,17,14,14,6,10,9
"ENSMUSG00000023911",2,2,3,12,7,4,5,5
"ENSMUSG00000023912",8,8,15,8,19,7,22,29
"ENSMUSG00000023913",28,16,129,87,157,48,130,65
"ENSMUSG00000023915",3,2,9,16,10,11,12,33
"ENSMUSG00000023921",7,2,26,20,23,8,20,25
"ENSMUSG00000023923",17,15,41,32,55,41,44,64
"ENSMUSG00000023927",13,7,22,25,29,25,34,22
"ENSMUSG00000023932",2,2,19,11,16,5,13,20
"ENSMUSG00000023938",2,0,6,2,4,2,4,1
"ENSMUSG00000023939",7,5,19,23,11,15,18,28
"ENSMUSG00000023942",1,3,3,3,1,1,1,5
"ENSMUSG00000023944",46,28,112,165,96,58,215,198
"ENSMUSG00000023952",8,5,18,14,29,16,10,34
"ENSMUSG00000023953",3,0,3,5,0,3,6,6
"ENSMUSG00000023959",0,0,0,1,1,0,1,2
"ENSMUSG00000023960",7,5,22,27,23,21,22,25
"ENSMUSG00000023961",3,4,11,9,7,3,8,8
"ENSMUSG00000023965",33,19,67,52,50,43,47,75
"ENSMUSG00000023967",8,4,38,38,32,21,30,46
"ENSMUSG00000023972",2,0,3,9,1,4,2,6
"ENSMUSG00000023973",3,2,14,28,21,15,15,25
"ENSMUSG00000023977",2,10,25,26,21,9,16,34
"ENSMUSG00000023980",1,3,12,16,9,8,2,21
"ENSMUSG00000023988",1,1,3,2,3,0,3,4
"ENSMUSG00000023991",1,0,5,7,5,5,2,10
"ENSMUSG00000023992",0,1,1,0,1,0,2,0
"ENSMUSG00000023999",1,0,3,8,1,3,1,2
"ENSMUSG00000024002",24,16,39,52,44,31,25,76
"ENSMUSG00000024006",14,9,22,18,16,21,27,37
"ENSMUSG00000024008",4,2,3,19,3,8,10,11
"ENSMUSG00000024012",10,10,40,51,33,14,51,45
"ENSMUSG00000024014",0,2,1,13,6,10,5,9
"ENSMUSG00000024018",1,1,5,3,4,5,5,5
"ENSMUSG00000024026",10,6,39,45,34,34,35,36
"ENSMUSG00000024027",0,1,4,5,7,17,4,0
"ENSMUSG00000024030",3,0,9,2,6,2,8,8
"ENSMUSG00000024033",1,1,1,5,4,1,4,1
"ENSMUSG00000024037",1,2,1,2,4,4,12,9
"ENSMUSG00000024038",23,10,42,71,47,23,40,76
"ENSMUSG00000024039",21,20,27,62,30,70,22,105
"ENSMUSG00000024044",5,5,18,21,16,7,23,16
"ENSMUSG00000024045",17,12,41,30,53,31,35,72
"ENSMUSG00000024048",4,5,6,9,7,4,13,13
"ENSMUSG00000024050",3,3,5,11,6,4,7,6
"ENSMUSG00000024054",11,7,30,37,32,26,28,52
"ENSMUSG00000024059",1,3,9,9,8,1,7,7
"ENSMUSG00000024063",1,2,6,6,3,3,12,2
"ENSMUSG00000024064",3,3,3,4,3,2,5,7
"ENSMUSG00000024065",2,3,7,19,6,2,9,15
"ENSMUSG00000024066",0,1,1,2,1,4,1,0
"ENSMUSG00000024067",11,4,27,42,30,9,28,37
"ENSMUSG00000024068",7,4,22,29,22,12,17,28
"ENSMUSG00000024069",12,4,14,8,11,11,11,23
"ENSMUSG00000024070",4,9,21,18,12,6,18,22
"ENSMUSG00000024072",10,9,46,51,26,18,23,51
"ENSMUSG00000024073",21,25,65,78,65,44,60,119
"ENSMUSG00000024074",26,26,24,62,14,35,21,107
"ENSMUSG00000024076",0,0,4,3,2,4,3,1
"ENSMUSG00000024077",4,3,9,9,12,5,19,21
"ENSMUSG00000024078",1,1,10,6,8,3,7,6
"ENSMUSG00000024081",2,0,9,6,3,3,7,16
"ENSMUSG00000024082",13,9,30,25,27,33,26,52
"ENSMUSG00000024083",19,13,58,64,48,32,58,72
"ENSMUSG00000024084",0,0,0,6,0,0,4,1
"ENSMUSG00000024085",4,5,8,4,6,6,6,7
"ENSMUSG00000024091",18,11,40,69,43,23,52,57
"ENSMUSG00000024095",6,3,11,13,12,8,19,26
"ENSMUSG00000024096",14,7,35,36,24,20,37,50
"ENSMUSG00000024097",12,5,30,36,28,22,28,46
"ENSMUSG00000024098",1,1,3,3,10,4,5,2
"ENSMUSG00000024099",8,5,41,66,15,17,42,51
"ENSMUSG00000024101",2,1,7,7,7,2,5,11
"ENSMUSG00000024104",18,10,33,44,25,51,21,66
"ENSMUSG00000024109",279,228,1763,605,1505,539,1032,1156
"ENSMUSG00000024112",0,0,2,3,1,1,5,3
"ENSMUSG00000024120",8,6,20,9,16,11,20,23
"ENSMUSG00000024122",12,7,33,32,34,18,23,32
"ENSMUSG00000024127",5,3,0,2,3,2,7,12
"ENSMUSG00000024130",5,6,22,18,15,7,23,18
"ENSMUSG00000024132",6,1,18,8,15,4,13,26
"ENSMUSG00000024135",2,1,3,9,6,5,6,8
"ENSMUSG00000024137",1,2,9,8,8,7,9,15
"ENSMUSG00000024140",5,7,26,18,16,22,14,40
"ENSMUSG00000024143",6,10,26,32,33,26,26,29
"ENSMUSG00000024145",2,2,4,8,7,9,3,9
"ENSMUSG00000024146",6,4,29,46,23,12,21,35
"ENSMUSG00000024150",4,4,17,12,10,13,12,19
"ENSMUSG00000024151",0,3,11,7,8,9,10,15
"ENSMUSG00000024158",11,11,29,40,40,30,34,70
"ENSMUSG00000024160",1,4,11,6,8,7,11,9
"ENSMUSG00000024163",12,10,35,40,24,29,41,60
"ENSMUSG00000024168",0,0,3,1,0,1,0,1
"ENSMUSG00000024169",6,10,15,17,21,5,14,29
"ENSMUSG00000024170",3,0,7,8,12,7,11,13
"ENSMUSG00000024172",3,1,5,5,7,3,8,2
"ENSMUSG00000024174",9,2,5,9,6,22,7,20
"ENSMUSG00000024176",35,6,64,13,55,15,27,54
"ENSMUSG00000024177",0,1,4,2,2,1,3,6
"ENSMUSG00000024181",5,4,25,44,23,11,20,34
"ENSMUSG00000024182",4,4,11,11,14,2,12,15
"ENSMUSG00000024186",0,0,2,1,3,1,4,8
"ENSMUSG00000024187",6,6,22,17,23,6,24,26
"ENSMUSG00000024188",8,11,26,30,21,25,32,55
"ENSMUSG00000024190",1,2,12,13,10,14,4,14
"ENSMUSG00000024191",10,4,11,11,7,20,9,21
"ENSMUSG00000024193",5,1,13,4,11,8,7,8
"ENSMUSG00000024194",3,6,21,39,19,7,11,23
"ENSMUSG00000024201",9,6,23,18,20,12,13,40
"ENSMUSG00000024208",15,8,28,71,27,25,25,23
"ENSMUSG00000024209",3,0,6,6,1,3,7,12
"ENSMUSG00000024211",3,4,13,12,16,19,35,22
"ENSMUSG00000024213",4,7,28,19,25,15,16,35
"ENSMUSG00000024217",4,5,10,6,10,10,17,19
"ENSMUSG00000024218",8,5,17,24,23,7,15,32
"ENSMUSG00000024219",1,5,18,20,27,13,14,28
"ENSMUSG00000024220",3,0,3,18,11,8,12,8
"ENSMUSG00000024222",105,125,48,429,5,330,4,763
"ENSMUSG00000024231",4,8,16,11,17,19,11,19
"ENSMUSG00000024232",2,2,0,13,3,6,2,10
"ENSMUSG00000024234",2,2,10,10,14,9,6,18
"ENSMUSG00000024236",17,11,19,28,14,38,7,61
"ENSMUSG00000024238",36,15,159,72,132,43,83,101
"ENSMUSG00000024240",16,14,59,31,39,24,23,72
"ENSMUSG00000024241",9,4,21,13,14,8,11,42
"ENSMUSG00000024242",7,9,16,23,22,23,26,45
"ENSMUSG00000024245",3,6,22,15,15,11,36,27
"ENSMUSG00000024248",38,19,104,128,67,34,76,129
"ENSMUSG00000024251",7,8,25,24,21,11,17,30
"ENSMUSG00000024256",0,1,6,1,3,2,6,3
"ENSMUSG00000024259",7,3,13,24,11,9,17,22
"ENSMUSG00000024260",1,5,15,11,24,16,14,23
"ENSMUSG00000024261",12,4,38,33,30,18,48,32
"ENSMUSG00000024268",19,22,54,76,56,36,109,64
"ENSMUSG00000024269",6,0,12,5,11,4,15,20
"ENSMUSG00000024270",3,6,4,6,1,4,8,4
"ENSMUSG00000024271",3,4,7,7,14,8,11,11
"ENSMUSG00000024273",4,0,11,18,11,9,7,17
"ENSMUSG00000024276",5,3,13,7,9,1,6,19
"ENSMUSG00000024277",18,9,53,32,54,12,35,45
"ENSMUSG00000024283",20,22,41,59,43,34,43,71
"ENSMUSG00000024286",8,11,23,24,22,18,22,47
"ENSMUSG00000024287",14,10,49,44,50,41,27,84
"ENSMUSG00000024290",16,16,45,52,46,34,27,52
"ENSMUSG00000024293",11,4,16,13,16,9,9,32
"ENSMUSG00000024294",18,5,37,24,30,26,29,40
"ENSMUSG00000024299",1,2,4,1,2,2,3,3
"ENSMUSG00000024301",1,2,2,3,6,0,9,3
"ENSMUSG00000024302",115,98,414,276,376,183,226,407
"ENSMUSG00000024304",24,17,88,88,85,59,46,111
"ENSMUSG00000024308",3,5,6,22,10,3,7,21
"ENSMUSG00000024309",4,3,24,22,18,11,24,33
"ENSMUSG00000024317",11,7,26,27,23,17,11,39
"ENSMUSG00000024319",5,2,5,16,20,5,10,18
"ENSMUSG00000024325",7,6,21,7,32,7,16,20
"ENSMUSG00000024327",9,7,14,20,18,12,19,19
"ENSMUSG00000024335",2,5,21,23,17,15,22,21
"ENSMUSG00000024338",0,0,0,18,0,2,1,7
"ENSMUSG00000024339",0,20,8,59,14,16,2,86
"ENSMUSG00000024346",11,9,40,63,39,15,39,57
"ENSMUSG00000024350",3,8,29,18,21,21,22,42
"ENSMUSG00000024357",17,8,33,25,34,16,22,37
"ENSMUSG00000024359",7,7,27,39,15,10,29,34
"ENSMUSG00000024360",7,8,15,36,18,21,14,40
"ENSMUSG00000024369",9,3,9,9,3,5,7,11
"ENSMUSG00000024370",2,7,8,9,3,4,7,8
"ENSMUSG00000024376",2,3,1,7,1,18,4,6
"ENSMUSG00000024381",7,9,25,18,29,17,26,24
"ENSMUSG00000024383",8,6,20,18,17,12,13,34
"ENSMUSG00000024384",5,6,15,21,16,17,19,28
"ENSMUSG00000024387",4,2,11,24,14,10,22,30
"ENSMUSG00000024392",4,2,6,2,9,3,14,11
"ENSMUSG00000024393",8,4,9,18,9,5,18,10
"ENSMUSG00000024395",2,0,2,1,0,0,3,0
"ENSMUSG00000024400",20,25,58,49,72,42,55,118
"ENSMUSG00000024401",0,0,0,3,0,0,0,2
"ENSMUSG00000024403",36,27,76,123,81,55,101,177
"ENSMUSG00000024404",16,9,27,26,28,28,21,73
"ENSMUSG00000024411",21,30,90,149,72,78,65,98
"ENSMUSG00000024413",7,2,40,25,19,8,19,24
"ENSMUSG00000024414",6,7,24,34,23,11,20,49
"ENSMUSG00000024420",7,8,38,29,22,20,18,43
"ENSMUSG00000024421",0,0,7,0,4,1,2,2
"ENSMUSG00000024422",2,1,8,5,7,1,3,5
"ENSMUSG00000024423",11,7,51,51,35,38,33,69
"ENSMUSG00000024424",0,2,8,4,0,5,5,6
"ENSMUSG00000024425",18,16,25,63,39,59,40,109
"ENSMUSG00000024426",12,13,15,22,23,13,21,38
"ENSMUSG00000024429",4,0,13,10,14,4,11,8
"ENSMUSG00000024431",7,4,43,18,40,12,27,19
"ENSMUSG00000024436",7,0,8,9,6,3,10,16
"ENSMUSG00000024442",6,8,15,8,15,16,14,22
"ENSMUSG00000024446",1,2,15,27,18,9,8,24
"ENSMUSG00000024454",2,8,14,13,18,12,10,24
"ENSMUSG00000024456",6,2,9,5,9,8,5,15
"ENSMUSG00000024457",10,4,10,13,10,20,17,44
"ENSMUSG00000024462",33,31,149,125,152,84,134,131
"ENSMUSG00000024472",2,2,6,16,3,6,8,25
"ENSMUSG00000024474",8,11,22,29,25,16,30,31
"ENSMUSG00000024477",2,0,3,8,2,2,4,7
"ENSMUSG00000024479",6,6,33,41,36,25,28,53
"ENSMUSG00000024480",7,9,35,40,24,20,26,49
"ENSMUSG00000024483",17,21,54,76,59,65,53,100
"ENSMUSG00000024486",3,4,2,11,11,2,2,9
"ENSMUSG00000024487",9,12,33,31,33,20,26,43
"ENSMUSG00000024491",9,12,34,39,27,16,20,40
"ENSMUSG00000024493",19,9,23,47,43,26,40,83
"ENSMUSG00000024498",9,8,20,23,4,20,14,30
"ENSMUSG00000024500",82,55,229,215,190,125,126,265
"ENSMUSG00000024501",1,10,2,52,6,20,10,65
"ENSMUSG00000024502",13,8,13,13,12,25,30,35
"ENSMUSG00000024507",19,32,114,221,103,81,51,182
"ENSMUSG00000024511",7,4,6,21,7,5,2,22
"ENSMUSG00000024513",5,2,6,16,12,9,9,20
"ENSMUSG00000024515",2,5,8,11,7,4,5,8
"ENSMUSG00000024516",10,10,26,28,40,18,27,39
"ENSMUSG00000024517",1,0,4,3,3,0,3,2
"ENSMUSG00000024521",0,0,0,5,3,1,0,8
"ENSMUSG00000024524",5,4,7,14,7,6,17,24
"ENSMUSG00000024525",0,0,3,1,8,0,4,3
"ENSMUSG00000024527",3,3,7,10,11,8,12,20
"ENSMUSG00000024530",35,16,80,47,81,59,57,118
"ENSMUSG00000024533",26,38,91,105,80,87,30,129
"ENSMUSG00000024534",3,1,8,16,14,5,19,10
"ENSMUSG00000024535",3,6,20,8,8,8,12,23
"ENSMUSG00000024537",7,1,18,13,18,18,23,30
"ENSMUSG00000024539",4,7,10,32,7,17,6,39
"ENSMUSG00000024542",3,5,11,10,16,17,14,24
"ENSMUSG00000024544",24,20,36,33,29,30,66,57
"ENSMUSG00000024548",12,7,62,38,46,19,69,40
"ENSMUSG00000024556",3,1,6,10,7,8,8,6
"ENSMUSG00000024558",48,32,96,149,67,56,25,264
"ENSMUSG00000024560",3,2,5,3,10,9,11,11
"ENSMUSG00000024561",3,6,12,20,9,26,8,37
"ENSMUSG00000024563",7,2,17,14,22,11,11,17
"ENSMUSG00000024566",15,15,38,43,28,34,42,56
"ENSMUSG00000024570",3,2,8,12,11,4,12,17
"ENSMUSG00000024575",1,0,3,0,1,3,2,0
"ENSMUSG00000024576",22,25,74,84,82,60,73,110
"ENSMUSG00000024579",0,0,6,6,5,5,6,13
"ENSMUSG00000024580",1,1,3,4,3,1,4,8
"ENSMUSG00000024581",3,6,25,38,12,15,30,44
"ENSMUSG00000024583",7,7,22,22,18,8,22,21
"ENSMUSG00000024587",6,4,15,34,23,17,27,25
"ENSMUSG00000024588",4,3,6,11,6,7,17,17
"ENSMUSG00000024589",15,11,46,34,70,39,56,90
"ENSMUSG00000024590",0,3,1,4,5,2,2,5
"ENSMUSG00000024592",2,1,11,11,9,5,11,13
"ENSMUSG00000024593",15,13,49,34,35,41,30,46
"ENSMUSG00000024594",2,1,6,10,5,7,2,9
"ENSMUSG00000024597",7,6,22,19,13,5,14,9
"ENSMUSG00000024598",0,0,1,1,3,0,4,0
"ENSMUSG00000024603",11,22,46,72,40,67,38,122
"ENSMUSG00000024604",2,2,3,9,4,5,10,15
"ENSMUSG00000024608",41,27,158,245,119,77,102,210
"ENSMUSG00000024610",0,0,0,2,0,0,2,1
"ENSMUSG00000024613",1,3,6,8,8,5,4,11
"ENSMUSG00000024614",10,6,20,19,22,17,23,37
"ENSMUSG00000024617",24,16,102,93,46,59,95,98
"ENSMUSG00000024620",29,18,53,60,48,46,31,57
"ENSMUSG00000024621",0,1,4,2,2,0,7,4
"ENSMUSG00000024622",5,4,17,16,18,11,12,26
"ENSMUSG00000024639",32,17,82,65,100,42,74,101
"ENSMUSG00000024640",6,0,11,19,12,10,9,12
"ENSMUSG00000024642",11,6,47,17,43,8,38,36
"ENSMUSG00000024644",2,1,5,7,3,4,9,9
"ENSMUSG00000024646",17,10,59,47,41,14,31,72
"ENSMUSG00000024647",5,2,8,9,13,7,12,16
"ENSMUSG00000024654",18,5,71,35,55,9,43,34
"ENSMUSG00000024660",0,0,2,7,1,3,2,5
"ENSMUSG00000024661",215,179,856,1534,639,371,660,1143
"ENSMUSG00000024666",1,4,7,16,6,8,12,21
"ENSMUSG00000024667",3,6,22,15,20,13,16,32
"ENSMUSG00000024668",5,3,17,14,13,8,15,18
"ENSMUSG00000024677",0,0,0,0,1,0,1,1
"ENSMUSG00000024679",0,0,0,4,0,3,0,3
"ENSMUSG00000024683",2,0,6,9,5,9,13,21
"ENSMUSG00000024687",2,4,14,5,14,8,14,9
"ENSMUSG00000024691",0,0,3,4,2,1,4,1
"ENSMUSG00000024695",5,1,16,11,10,6,11,20
"ENSMUSG00000024712",4,1,8,12,10,1,8,11
"ENSMUSG00000024713",3,0,3,11,6,2,11,7
"ENSMUSG00000024725",2,3,6,5,5,2,5,11
"ENSMUSG00000024726",5,1,9,7,7,3,6,6
"ENSMUSG00000024732",1,2,3,10,2,3,1,11
"ENSMUSG00000024735",8,3,18,17,21,7,26,19
"ENSMUSG00000024736",9,6,19,16,17,7,22,24
"ENSMUSG00000024740",6,2,13,18,14,7,13,14
"ENSMUSG00000024743",10,1,25,22,24,20,38,20
"ENSMUSG00000024750",15,13,40,68,43,28,51,81
"ENSMUSG00000024754",0,2,4,8,2,1,13,8
"ENSMUSG00000024758",42,37,196,174,153,109,133,172
"ENSMUSG00000024759",7,12,34,34,33,20,26,48
"ENSMUSG00000024764",7,5,31,16,25,13,23,26
"ENSMUSG00000024766",2,0,37,19,10,2,4,6
"ENSMUSG00000024767",10,9,21,42,45,12,24,44
"ENSMUSG00000024772",1,0,5,4,6,1,8,7
"ENSMUSG00000024773",7,2,6,10,9,6,10,16
"ENSMUSG00000024776",10,3,14,24,21,8,16,24
"ENSMUSG00000024777",3,3,12,15,7,8,13,20
"ENSMUSG00000024778",0,5,2,57,0,23,1,21
"ENSMUSG00000024780",27,21,44,64,53,74,47,105
"ENSMUSG00000024781",1,3,6,5,3,4,3,4
"ENSMUSG00000024782",10,5,22,16,21,17,10,29
"ENSMUSG00000024785",4,4,3,6,12,11,9,22
"ENSMUSG00000024787",3,2,13,14,6,6,11,10
"ENSMUSG00000024789",7,5,11,8,13,12,13,24
"ENSMUSG00000024790",6,2,8,10,8,2,3,14
"ENSMUSG00000024797",1,3,3,6,6,0,5,8
"ENSMUSG00000024798",0,0,0,1,0,1,6,1
"ENSMUSG00000024799",2,5,12,10,11,8,7,5
"ENSMUSG00000024800",3,1,8,5,11,4,13,11
"ENSMUSG00000024805",1,3,19,13,17,10,12,20
"ENSMUSG00000024807",4,0,5,6,7,7,6,9
"ENSMUSG00000024810",4,3,30,9,26,4,29,8
"ENSMUSG00000024811",11,9,38,31,40,15,30,56
"ENSMUSG00000024812",2,4,21,13,21,5,24,18
"ENSMUSG00000024817",8,9,28,29,23,14,21,40
"ENSMUSG00000024826",6,4,11,9,12,13,9,15
"ENSMUSG00000024827",8,4,61,19,40,6,26,30
"ENSMUSG00000024829",8,4,19,18,20,16,8,21
"ENSMUSG00000024830",8,2,13,18,14,10,13,21
"ENSMUSG00000024831",1,0,2,5,8,1,0,2
"ENSMUSG00000024835",3,4,6,5,10,3,10,13
"ENSMUSG00000024841",1,2,9,17,7,6,8,16
"ENSMUSG00000024843",36,26,84,65,58,69,56,169
"ENSMUSG00000024844",5,10,12,23,11,11,12,24
"ENSMUSG00000024846",1,3,5,7,2,1,4,6
"ENSMUSG00000024847",8,3,12,30,12,10,22,18
"ENSMUSG00000024851",7,2,4,6,4,3,10,6
"ENSMUSG00000024853",11,7,33,22,27,26,45,45
"ENSMUSG00000024854",2,1,6,5,4,1,5,7
"ENSMUSG00000024855",14,5,30,18,35,17,46,23
"ENSMUSG00000024856",4,2,7,14,9,5,10,7
"ENSMUSG00000024858",0,2,13,7,3,2,7,10
"ENSMUSG00000024862",3,7,10,20,15,18,34,27
"ENSMUSG00000024867",5,3,11,15,18,12,20,15
"ENSMUSG00000024869",1,1,3,4,9,2,3,2
"ENSMUSG00000024870",3,1,8,6,11,4,5,2
"ENSMUSG00000024873",5,5,28,49,36,18,24,41
"ENSMUSG00000024875",2,3,15,10,12,4,14,10
"ENSMUSG00000024878",4,5,24,14,9,8,12,23
"ENSMUSG00000024883",1,1,7,6,6,1,4,2
"ENSMUSG00000024887",0,1,1,8,1,2,1,2
"ENSMUSG00000024889",3,0,4,8,7,5,7,13
"ENSMUSG00000024892",15,8,40,30,26,30,27,53
"ENSMUSG00000024896",7,4,14,21,13,7,8,22
"ENSMUSG00000024897",5,7,25,10,26,18,41,24
"ENSMUSG00000024902",12,5,19,20,16,12,26,28
"ENSMUSG00000024906",1,1,9,4,3,4,5,6
"ENSMUSG00000024908",7,11,35,30,28,21,24,53
"ENSMUSG00000024911",4,3,19,21,20,20,28,45
"ENSMUSG00000024914",4,3,9,23,10,6,14,18
"ENSMUSG00000024921",25,23,91,64,40,63,51,89
"ENSMUSG00000024924",1,4,11,2,4,3,7,11
"ENSMUSG00000024925",3,0,5,8,10,4,5,19
"ENSMUSG00000024926",2,0,11,14,6,1,11,12
"ENSMUSG00000024927",0,1,4,9,5,6,0,14
"ENSMUSG00000024935",3,3,12,18,6,12,5,12
"ENSMUSG00000024937",2,1,4,6,5,4,5,11
"ENSMUSG00000024940",1,1,5,6,2,8,7,8
"ENSMUSG00000024941",2,0,7,8,3,5,8,16
"ENSMUSG00000024943",3,4,16,25,16,13,13,36
"ENSMUSG00000024944",10,8,18,19,20,12,11,26
"ENSMUSG00000024947",3,1,3,5,3,2,5,7
"ENSMUSG00000024948",1,0,9,14,2,5,6,16
"ENSMUSG00000024949",3,4,13,13,8,7,21,22
"ENSMUSG00000024952",2,1,7,3,12,5,5,5
"ENSMUSG00000024953",24,12,61,122,66,34,81,118
"ENSMUSG00000024955",7,4,15,16,20,5,20,21
"ENSMUSG00000024957",1,2,4,4,4,2,4,5
"ENSMUSG00000024958",0,1,13,15,10,3,8,16
"ENSMUSG00000024959",4,2,10,24,10,7,6,22
"ENSMUSG00000024962",7,3,15,17,9,7,9,15
"ENSMUSG00000024963",2,1,5,7,5,4,9,11
"ENSMUSG00000024965",0,1,0,1,2,3,2,3
"ENSMUSG00000024966",6,4,15,28,17,7,24,27
"ENSMUSG00000024969",15,5,38,41,33,21,35,48
"ENSMUSG00000024970",8,9,24,15,15,8,9,42
"ENSMUSG00000024974",6,8,27,18,11,10,17,28
"ENSMUSG00000024975",10,4,34,34,32,27,31,34
"ENSMUSG00000024976",6,3,19,22,19,11,15,17
"ENSMUSG00000024978",12,20,74,58,71,37,18,113
"ENSMUSG00000024981",3,4,4,4,10,8,8,10
"ENSMUSG00000024982",10,5,16,13,19,14,13,24
"ENSMUSG00000024983",24,23,65,47,45,41,55,81
"ENSMUSG00000024985",34,16,75,64,62,52,60,103
"ENSMUSG00000024990",1,1,7,15,6,3,6,12
"ENSMUSG00000024991",3,5,22,25,13,12,16,25
"ENSMUSG00000024993",4,4,27,22,18,10,12,40
"ENSMUSG00000024997",6,5,11,16,12,9,8,20
"ENSMUSG00000024998",11,42,18,221,12,127,20,233
"ENSMUSG00000024999",1,3,8,15,1,7,6,9
"ENSMUSG00000025006",22,39,88,231,63,145,44,325
"ENSMUSG00000025008",2,1,1,7,8,1,4,6
"ENSMUSG00000025016",5,7,23,33,25,16,28,41
"ENSMUSG00000025017",0,0,0,0,0,0,0,3
"ENSMUSG00000025019",11,10,41,41,30,26,32,44
"ENSMUSG00000025020",1,3,1,3,1,6,6,5
"ENSMUSG00000025024",3,1,6,10,5,6,8,20
"ENSMUSG00000025025",14,9,46,18,34,11,42,48
"ENSMUSG00000025026",17,9,74,80,57,29,40,69
"ENSMUSG00000025027",10,4,16,17,6,11,12,17
"ENSMUSG00000025034",5,1,12,7,18,11,12,17
"ENSMUSG00000025035",21,13,48,52,51,27,49,63
"ENSMUSG00000025036",2,1,8,5,13,9,5,17
"ENSMUSG00000025037",7,1,16,14,8,2,7,13
"ENSMUSG00000025038",2,0,2,0,2,4,0,4
"ENSMUSG00000025040",2,3,5,19,12,3,7,6
"ENSMUSG00000025041",10,16,39,31,41,33,40,46
"ENSMUSG00000025044",0,0,0,2,0,1,0,0
"ENSMUSG00000025047",3,1,8,4,10,4,12,9
"ENSMUSG00000025050",0,1,6,5,3,2,4,7
"ENSMUSG00000025059",12,7,34,39,28,20,15,61
"ENSMUSG00000025060",2,1,10,8,5,10,4,6
"ENSMUSG00000025066",11,5,17,30,23,15,25,32
"ENSMUSG00000025068",2,0,4,12,6,3,12,7
"ENSMUSG00000025076",2,4,6,6,3,4,3,11
"ENSMUSG00000025077",1,3,1,3,2,3,5,6
"ENSMUSG00000025078",9,8,14,16,12,9,15,38
"ENSMUSG00000025083",1,3,5,15,3,8,5,24
"ENSMUSG00000025085",19,7,38,23,37,29,49,34
"ENSMUSG00000025086",4,2,3,2,9,2,6,8
"ENSMUSG00000025089",0,15,21,23,14,20,18,33
"ENSMUSG00000025092",3,0,6,5,9,2,9,13
"ENSMUSG00000025103",8,6,30,45,31,27,26,53
"ENSMUSG00000025104",9,2,14,26,13,10,18,23
"ENSMUSG00000025128",1,0,1,0,3,3,3,13
"ENSMUSG00000025130",3,3,14,21,13,14,14,14
"ENSMUSG00000025132",4,6,26,30,19,6,26,29
"ENSMUSG00000025133",2,5,12,6,8,6,8,14
"ENSMUSG00000025135",24,12,49,62,34,24,32,42
"ENSMUSG00000025137",67,49,146,144,160,110,101,234
"ENSMUSG00000025138",12,9,43,21,28,13,21,53
"ENSMUSG00000025139",4,3,11,18,7,8,15,22
"ENSMUSG00000025142",8,2,15,18,18,12,12,27
"ENSMUSG00000025144",3,2,11,18,3,4,8,14
"ENSMUSG00000025145",3,0,10,8,10,8,8,11
"ENSMUSG00000025147",8,10,20,24,22,9,14,40
"ENSMUSG00000025151",11,6,22,25,18,9,31,30
"ENSMUSG00000025153",1,8,14,16,13,9,14,29
"ENSMUSG00000025155",5,1,4,6,6,1,11,3
"ENSMUSG00000025156",3,4,9,13,17,12,18,21
"ENSMUSG00000025157",3,0,1,9,7,6,4,9
"ENSMUSG00000025158",7,0,15,21,18,11,11,20
"ENSMUSG00000025159",2,10,15,11,15,11,16,25
"ENSMUSG00000025162",5,4,21,23,17,17,19,20
"ENSMUSG00000025170",5,1,6,15,11,9,11,14
"ENSMUSG00000025173",5,4,26,21,19,10,11,28
"ENSMUSG00000025175",2,1,10,7,13,7,18,19
"ENSMUSG00000025178",10,5,17,14,15,17,15,31
"ENSMUSG00000025184",5,4,8,6,5,8,14,23
"ENSMUSG00000025189",2,1,7,2,8,7,17,7
"ENSMUSG00000025190",16,9,35,33,28,21,43,37
"ENSMUSG00000025192",1,1,2,1,4,2,2,1
"ENSMUSG00000025195",3,1,8,8,5,3,1,8
"ENSMUSG00000025198",5,5,9,9,14,9,14,21
"ENSMUSG00000025199",6,13,30,29,22,25,21,52
"ENSMUSG00000025203",61,34,266,226,177,172,155,174
"ENSMUSG00000025204",7,1,39,39,27,11,22,42
"ENSMUSG00000025208",12,3,24,34,19,14,28,42
"ENSMUSG00000025212",5,1,9,10,6,3,9,5
"ENSMUSG00000025213",1,1,1,5,4,0,2,6
"ENSMUSG00000025217",8,5,27,29,23,37,40,45
"ENSMUSG00000025220",12,9,22,48,34,24,38,44
"ENSMUSG00000025221",0,4,12,13,7,14,14,14
"ENSMUSG00000025224",29,25,65,61,69,43,58,120
"ENSMUSG00000025226",5,4,10,23,13,2,9,20
"ENSMUSG00000025227",4,3,9,27,10,11,5,23
"ENSMUSG00000025228",11,11,36,39,32,27,37,70
"ENSMUSG00000025231",8,6,15,13,19,8,13,22
"ENSMUSG00000025232",6,6,25,24,16,18,21,30
"ENSMUSG00000025234",21,24,62,78,64,49,58,116
"ENSMUSG00000025235",5,3,6,18,3,5,11,11
"ENSMUSG00000025236",4,1,7,6,7,8,3,9
"ENSMUSG00000025237",8,3,19,10,20,6,7,26
"ENSMUSG00000025239",6,4,10,9,6,9,8,14
"ENSMUSG00000025240",9,12,16,36,18,14,21,44
"ENSMUSG00000025241",10,5,31,19,29,13,30,42
"ENSMUSG00000025243",2,3,4,9,9,7,6,13
"ENSMUSG00000025245",7,10,16,23,27,16,10,49
"ENSMUSG00000025246",12,14,49,36,39,23,34,62
"ENSMUSG00000025255",2,1,15,10,8,6,6,5
"ENSMUSG00000025260",6,1,8,11,11,10,9,10
"ENSMUSG00000025261",15,12,49,72,37,49,29,84
"ENSMUSG00000025262",7,6,18,23,20,13,18,31
"ENSMUSG00000025264",1,3,11,15,7,7,10,13
"ENSMUSG00000025265",1,0,6,6,5,3,8,6
"ENSMUSG00000025266",5,6,19,22,12,13,16,21
"ENSMUSG00000025268",1,0,6,4,8,7,9,3
"ENSMUSG00000025269",10,13,7,31,17,30,22,50
"ENSMUSG00000025272",1,5,5,15,6,4,12,29
"ENSMUSG00000025277",16,13,37,27,29,28,18,31
"ENSMUSG00000025278",2,0,10,8,14,4,16,12
"ENSMUSG00000025280",3,0,9,7,7,10,9,4
"ENSMUSG00000025283",6,7,32,50,37,32,23,89
"ENSMUSG00000025287",1,3,6,4,7,3,1,8
"ENSMUSG00000025289",3,1,7,16,14,2,11,17
"ENSMUSG00000025290",25,33,154,187,92,56,118,170
"ENSMUSG00000025314",33,71,41,184,42,116,34,257
"ENSMUSG00000025321",4,1,25,24,24,12,14,18
"ENSMUSG00000025323",7,8,9,24,6,17,6,26
"ENSMUSG00000025324",1,3,2,12,0,1,3,1
"ENSMUSG00000025326",40,22,59,46,52,57,134,110
"ENSMUSG00000025332",7,23,54,78,41,46,35,104
"ENSMUSG00000025337",4,2,17,21,16,9,22,31
"ENSMUSG00000025340",26,15,59,101,68,31,71,85
"ENSMUSG00000025348",2,7,10,15,7,12,3,18
"ENSMUSG00000025350",9,3,16,21,13,6,21,13
"ENSMUSG00000025351",9,14,82,142,67,39,34,93
"ENSMUSG00000025353",9,6,25,41,31,26,27,28
"ENSMUSG00000025354",2,1,7,6,8,3,9,8
"ENSMUSG00000025357",2,1,11,7,7,4,7,17
"ENSMUSG00000025362",10,6,44,91,24,13,23,45
"ENSMUSG00000025364",1,1,6,7,4,2,10,19
"ENSMUSG00000025369",8,9,20,36,22,22,13,52
"ENSMUSG00000025370",1,0,4,2,3,4,10,3
"ENSMUSG00000025371",3,5,10,13,12,8,9,9
"ENSMUSG00000025372",12,4,26,52,21,40,38,65
"ENSMUSG00000025373",6,5,18,21,8,13,8,27
"ENSMUSG00000025374",7,7,17,21,14,10,19,32
"ENSMUSG00000025375",7,11,43,31,38,39,41,56
"ENSMUSG00000025381",6,3,24,23,19,9,18,24
"ENSMUSG00000025384",4,3,11,5,12,5,8,7
"ENSMUSG00000025393",32,16,81,124,83,53,152,104
"ENSMUSG00000025395",2,0,5,5,2,1,6,5
"ENSMUSG00000025400",0,0,0,11,1,0,1,6
"ENSMUSG00000025402",2,1,5,5,4,2,4,4
"ENSMUSG00000025404",21,13,50,41,35,36,36,59
"ENSMUSG00000025408",5,9,14,23,21,13,28,34
"ENSMUSG00000025409",2,0,4,4,7,4,11,9
"ENSMUSG00000025410",8,6,31,29,22,13,39,44
"ENSMUSG00000025413",7,2,11,12,11,5,12,12
"ENSMUSG00000025417",7,7,13,22,9,10,14,23
"ENSMUSG00000025420",3,4,6,12,6,4,9,12
"ENSMUSG00000025421",6,1,8,11,17,5,17,37
"ENSMUSG00000025422",1,0,2,2,5,1,7,2
"ENSMUSG00000025423",9,5,17,18,22,13,12,31
"ENSMUSG00000025425",4,1,5,6,12,6,21,11
"ENSMUSG00000025427",3,4,7,6,5,4,10,11
"ENSMUSG00000025428",41,34,109,89,98,54,117,157
"ENSMUSG00000025429",0,2,2,2,2,1,6,3
"ENSMUSG00000025437",6,13,52,42,31,23,33,43
"ENSMUSG00000025439",11,4,19,17,20,9,13,18
"ENSMUSG00000025451",5,2,20,17,19,2,15,17
"ENSMUSG00000025453",7,7,16,12,27,4,10,24
"ENSMUSG00000025465",7,5,16,14,24,14,15,35
"ENSMUSG00000025466",5,6,22,35,21,10,14,35
"ENSMUSG00000025468",15,5,42,39,37,15,36,57
"ENSMUSG00000025470",4,2,14,10,12,5,13,14
"ENSMUSG00000025474",4,0,6,3,7,5,5,10
"ENSMUSG00000025475",5,3,18,15,15,10,25,13
"ENSMUSG00000025477",3,8,11,10,14,16,11,21
"ENSMUSG00000025478",1,1,2,3,2,5,8,2
"ENSMUSG00000025484",8,3,17,15,14,19,17,37
"ENSMUSG00000025485",3,1,9,10,11,6,8,12
"ENSMUSG00000025486",14,15,26,34,24,20,25,61
"ENSMUSG00000025487",15,8,29,23,32,14,35,52
"ENSMUSG00000025491",0,2,3,4,0,2,1,3
"ENSMUSG00000025492",3,16,5,103,3,20,4,49
"ENSMUSG00000025495",9,4,22,17,20,9,24,23
"ENSMUSG00000025498",0,4,0,15,0,4,1,10
"ENSMUSG00000025499",7,4,23,29,22,19,30,53
"ENSMUSG00000025503",6,6,17,13,15,10,35,11
"ENSMUSG00000025505",6,4,15,15,20,12,15,17
"ENSMUSG00000025508",2,0,18,10,15,4,5,19
"ENSMUSG00000025509",3,6,4,11,9,15,3,23
"ENSMUSG00000025510",4,5,8,21,8,12,4,14
"ENSMUSG00000025511",2,4,5,31,2,14,5,21
"ENSMUSG00000025512",4,4,13,8,10,10,9,16
"ENSMUSG00000025521",3,0,6,16,5,4,11,17
"ENSMUSG00000025529",1,1,1,2,0,3,2,4
"ENSMUSG00000025531",7,4,20,35,22,12,15,37
"ENSMUSG00000025532",2,1,6,6,5,2,8,12
"ENSMUSG00000025533",3,3,2,6,2,14,4,14
"ENSMUSG00000025534",2,1,8,9,9,2,12,10
"ENSMUSG00000025537",46,52,366,181,343,150,180,390
"ENSMUSG00000025538",5,5,19,16,20,9,13,22
"ENSMUSG00000025544",8,7,26,32,22,22,15,32
"ENSMUSG00000025545",40,15,117,45,89,28,55,63
"ENSMUSG00000025551",50,45,57,31,94,120,343,147
"ENSMUSG00000025555",76,66,346,261,268,197,155,450
"ENSMUSG00000025558",9,7,12,17,13,24,25,37
"ENSMUSG00000025571",16,11,52,35,45,39,40,53
"ENSMUSG00000025575",5,0,4,11,10,7,7,6
"ENSMUSG00000025576",7,6,14,28,29,18,70,44
"ENSMUSG00000025579",11,11,27,50,25,23,29,29
"ENSMUSG00000025580",3,4,5,8,6,9,9,6
"ENSMUSG00000025582",9,6,42,39,12,18,30,29
"ENSMUSG00000025583",11,11,37,34,21,23,31,51
"ENSMUSG00000025584",1,0,5,3,6,2,8,3
"ENSMUSG00000025586",7,5,14,16,41,13,23,42
"ENSMUSG00000025591",15,1,6,13,3,10,2,23
"ENSMUSG00000025592",3,0,5,1,1,2,3,3
"ENSMUSG00000025607",10,4,24,23,17,18,30,25
"ENSMUSG00000025608",1,0,3,1,0,1,1,1
"ENSMUSG00000025609",29,30,84,95,80,81,39,153
"ENSMUSG00000025613",4,2,12,21,19,10,17,14
"ENSMUSG00000025616",3,1,12,18,12,3,8,25
"ENSMUSG00000025626",8,2,15,16,18,11,11,17
"ENSMUSG00000025630",10,13,30,31,18,18,28,28
"ENSMUSG00000025645",5,4,2,7,3,12,3,18
"ENSMUSG00000025647",7,10,19,35,24,12,18,41
"ENSMUSG00000025648",5,8,9,12,14,13,14,22
"ENSMUSG00000025651",10,11,32,37,19,20,40,28
"ENSMUSG00000025656",15,9,38,44,26,21,37,49
"ENSMUSG00000025658",12,8,26,20,30,30,44,43
"ENSMUSG00000025666",10,13,101,83,96,58,69,81
"ENSMUSG00000025702",7,5,19,7,17,8,4,14
"ENSMUSG00000025722",7,5,18,12,13,9,8,23
"ENSMUSG00000025724",14,11,16,31,19,20,25,36
"ENSMUSG00000025728",3,3,7,7,6,6,7,14
"ENSMUSG00000025730",4,7,25,26,28,13,26,30
"ENSMUSG00000025733",4,0,3,4,4,3,1,5
"ENSMUSG00000025739",14,2,15,35,9,11,14,21
"ENSMUSG00000025743",3,1,6,12,8,7,10,12
"ENSMUSG00000025745",12,5,22,30,34,21,26,38
"ENSMUSG00000025746",0,2,0,6,0,1,0,5
"ENSMUSG00000025754",2,1,7,3,2,1,0,14
"ENSMUSG00000025757",6,8,25,18,23,9,31,28
"ENSMUSG00000025759",2,2,4,4,12,4,4,6
"ENSMUSG00000025762",3,5,14,25,14,18,12,17
"ENSMUSG00000025764",1,2,15,6,5,3,2,10
"ENSMUSG00000025766",10,5,16,12,27,16,15,35
"ENSMUSG00000025776",0,1,1,1,1,2,0,4
"ENSMUSG00000025777",5,4,11,13,12,5,12,12
"ENSMUSG00000025780",8,10,2,35,5,37,6,60
"ENSMUSG00000025781",11,8,31,43,34,24,45,58
"ENSMUSG00000025782",13,8,28,24,24,15,15,42
"ENSMUSG00000025785",4,2,12,10,15,3,11,11
"ENSMUSG00000025786",10,2,14,20,10,8,16,20
"ENSMUSG00000025790",3,3,7,13,9,10,18,14
"ENSMUSG00000025791",17,8,19,15,12,16,8,29
"ENSMUSG00000025793",2,1,9,7,6,9,7,10
"ENSMUSG00000025794",63,32,188,281,134,74,140,251
"ENSMUSG00000025795",4,1,9,2,7,1,11,3
"ENSMUSG00000025809",4,9,35,28,37,14,17,55
"ENSMUSG00000025810",8,5,24,17,21,8,19,11
"ENSMUSG00000025812",17,12,53,51,45,43,42,72
"ENSMUSG00000025813",2,4,7,12,6,22,10,18
"ENSMUSG00000025815",7,2,15,2,7,5,7,20
"ENSMUSG00000025816",15,10,44,34,39,25,35,71
"ENSMUSG00000025817",5,5,20,9,23,12,18,12
"ENSMUSG00000025821",4,7,15,12,22,15,23,28
"ENSMUSG00000025823",4,4,7,22,3,6,9,12
"ENSMUSG00000025825",17,9,44,65,41,25,48,85
"ENSMUSG00000025854",6,2,5,9,7,5,7,4
"ENSMUSG00000025855",24,8,50,88,54,25,68,63
"ENSMUSG00000025856",4,1,12,21,19,6,10,13
"ENSMUSG00000025857",0,3,4,7,2,5,3,5
"ENSMUSG00000025858",2,1,8,15,7,7,15,19
"ENSMUSG00000025860",14,5,49,52,30,27,25,59
"ENSMUSG00000025862",7,7,35,16,20,12,17,31
"ENSMUSG00000025867",13,9,50,60,35,30,70,78
"ENSMUSG00000025868",37,11,57,78,48,40,52,82
"ENSMUSG00000025871",6,8,30,30,26,18,17,25
"ENSMUSG00000025872",5,2,6,9,8,6,9,14
"ENSMUSG00000025873",8,5,18,35,27,17,23,41
"ENSMUSG00000025875",0,5,11,14,5,14,11,22
"ENSMUSG00000025876",2,1,5,5,3,7,6,10
"ENSMUSG00000025878",2,5,15,15,13,13,9,36
"ENSMUSG00000025880",1,2,4,5,6,0,10,7
"ENSMUSG00000025885",0,0,6,5,1,1,6,0
"ENSMUSG00000025889",55,33,129,185,109,55,125,196
"ENSMUSG00000025892",13,14,17,14,38,33,214,47
"ENSMUSG00000025893",1,0,6,5,5,12,11,8
"ENSMUSG00000025894",2,2,7,6,8,6,3,9
"ENSMUSG00000025898",10,10,54,65,30,36,31,82
"ENSMUSG00000025899",4,5,11,12,13,13,14,28
"ENSMUSG00000025905",0,0,1,0,1,0,0,0
"ENSMUSG00000025907",17,10,50,27,34,35,36,56
"ENSMUSG00000025909",7,18,19,9,24,31,46,50
"ENSMUSG00000025911",15,12,34,29,25,28,13,75
"ENSMUSG00000025915",8,4,15,19,13,11,9,23
"ENSMUSG00000025917",7,2,16,22,12,7,14,23
"ENSMUSG00000025920",8,7,19,17,22,12,29,26
"ENSMUSG00000025921",2,3,2,8,2,7,1,8
"ENSMUSG00000025925",6,4,9,14,14,12,11,18
"ENSMUSG00000025927",0,0,0,0,0,0,3,0
"ENSMUSG00000025931",27,26,107,86,77,94,34,88
"ENSMUSG00000025932",17,16,67,34,39,35,19,46
"ENSMUSG00000025933",9,5,23,30,18,10,13,27
"ENSMUSG00000025935",8,1,29,23,11,11,26,15
"ENSMUSG00000025937",5,2,8,6,8,3,9,12
"ENSMUSG00000025939",6,6,44,52,31,36,33,60
"ENSMUSG00000025940",7,3,16,20,14,9,20,17
"ENSMUSG00000025949",7,3,20,13,11,11,11,22
"ENSMUSG00000025956",2,2,9,5,4,6,11,11
"ENSMUSG00000025958",2,6,20,15,12,11,16,22
"ENSMUSG00000025959",16,12,55,45,40,34,46,75
"ENSMUSG00000025962",1,1,5,2,6,1,3,5
"ENSMUSG00000025964",14,9,36,29,23,23,38,20
"ENSMUSG00000025967",6,1,30,50,22,21,36,47
"ENSMUSG00000025968",15,19,50,49,34,31,43,62
"ENSMUSG00000025969",0,3,7,6,8,8,13,11
"ENSMUSG00000025971",2,3,8,10,11,8,13,7
"ENSMUSG00000025978",10,16,37,40,39,22,19,59
"ENSMUSG00000025979",7,4,37,35,24,12,26,53
"ENSMUSG00000025980",9,5,18,21,10,7,24,19
"ENSMUSG00000025981",3,6,19,17,14,8,13,40
"ENSMUSG00000025982",16,10,38,44,33,29,32,58
"ENSMUSG00000025983",0,2,4,4,0,0,0,4
"ENSMUSG00000025986",8,4,27,28,15,21,26,27
"ENSMUSG00000025995",2,1,3,2,2,2,3,8
"ENSMUSG00000025997",11,3,10,17,11,12,10,29
"ENSMUSG00000026000",7,4,10,15,19,18,27,36
"ENSMUSG00000026003",17,13,62,69,28,25,48,98
"ENSMUSG00000026004",5,9,31,15,26,20,25,32
"ENSMUSG00000026011",8,11,25,68,26,13,19,39
"ENSMUSG00000026014",12,5,30,32,25,17,24,20
"ENSMUSG00000026017",5,8,13,12,16,10,15,23
"ENSMUSG00000026018",1,1,2,4,2,3,9,8
"ENSMUSG00000026019",2,2,11,17,16,12,6,14
"ENSMUSG00000026020",1,2,5,4,2,2,7,8
"ENSMUSG00000026021",56,29,207,176,150,59,104,139
"ENSMUSG00000026024",1,2,15,3,13,8,18,12
"ENSMUSG00000026027",3,2,7,8,11,0,2,12
"ENSMUSG00000026028",1,2,7,11,9,9,10,15
"ENSMUSG00000026031",2,3,13,22,14,8,3,25
"ENSMUSG00000026032",26,11,34,80,42,22,40,67
"ENSMUSG00000026034",13,15,52,37,42,32,27,81
"ENSMUSG00000026035",6,2,15,16,10,8,11,18
"ENSMUSG00000026036",4,0,13,12,9,8,7,11
"ENSMUSG00000026037",7,13,26,33,22,16,29,44
"ENSMUSG00000026047",4,1,6,10,7,8,6,6
"ENSMUSG00000026048",0,5,8,11,4,6,4,8
"ENSMUSG00000026051",0,0,0,4,1,1,6,2
"ENSMUSG00000026058",5,5,26,20,23,13,43,20
"ENSMUSG00000026062",1,0,0,0,0,0,1,0
"ENSMUSG00000026072",1,5,3,8,0,11,1,10
"ENSMUSG00000026073",0,0,1,5,0,2,0,0
"ENSMUSG00000026074",7,6,32,28,49,20,28,40
"ENSMUSG00000026077",25,26,42,41,51,33,25,63
"ENSMUSG00000026078",5,0,9,5,6,1,6,7
"ENSMUSG00000026080",10,2,17,7,23,15,23,20
"ENSMUSG00000026082",5,11,24,17,20,12,16,27
"ENSMUSG00000026083",14,13,28,39,25,26,46,72
"ENSMUSG00000026087",18,10,48,49,34,14,20,67
"ENSMUSG00000026088",6,9,7,22,16,12,6,51
"ENSMUSG00000026090",11,5,17,17,10,17,9,28
"ENSMUSG00000026096",0,2,3,4,7,1,5,7
"ENSMUSG00000026098",3,3,7,12,9,7,6,13
"ENSMUSG00000026102",2,1,5,11,10,4,16,12
"ENSMUSG00000026103",18,8,31,36,25,19,37,41
"ENSMUSG00000026104",4,12,4,60,7,22,3,67
"ENSMUSG00000026109",24,13,39,28,41,19,72,36
"ENSMUSG00000026110",1,0,4,10,2,7,4,2
"ENSMUSG00000026111",9,5,23,26,25,15,29,25
"ENSMUSG00000026112",3,2,4,6,7,5,7,9
"ENSMUSG00000026113",4,7,10,13,14,13,23,27
"ENSMUSG00000026116",7,4,15,8,14,15,16,31
"ENSMUSG00000026121",0,1,0,5,0,2,5,4
"ENSMUSG00000026123",6,5,16,21,18,10,18,25
"ENSMUSG00000026127",4,4,6,10,2,1,6,15
"ENSMUSG00000026131",18,58,68,173,63,126,78,375
"ENSMUSG00000026134",3,2,5,7,4,8,14,6
"ENSMUSG00000026141",4,2,4,0,10,7,1,10
"ENSMUSG00000026142",3,2,22,13,12,19,20,26
"ENSMUSG00000026150",21,17,52,57,45,38,34,65
"ENSMUSG00000026153",7,9,30,32,30,18,30,32
"ENSMUSG00000026154",13,5,21,37,20,19,16,47
"ENSMUSG00000026155",4,9,26,19,28,19,26,29
"ENSMUSG00000026156",1,1,3,3,3,3,3,7
"ENSMUSG00000026158",10,3,21,31,22,19,22,50
"ENSMUSG00000026159",4,4,12,13,12,10,14,20
"ENSMUSG00000026163",6,14,10,19,9,15,57,33
"ENSMUSG00000026167",2,0,2,3,3,1,3,5
"ENSMUSG00000026170",1,3,7,0,13,4,3,15
"ENSMUSG00000026171",5,1,21,15,19,6,16,13
"ENSMUSG00000026172",5,3,13,11,6,12,8,18
"ENSMUSG00000026173",9,13,54,41,40,57,10,111
"ENSMUSG00000026174",3,3,9,5,9,8,11,15
"ENSMUSG00000026179",18,15,68,57,55,50,50,74
"ENSMUSG00000026181",5,4,6,2,7,1,5,8
"ENSMUSG00000026185",13,19,33,106,55,34,44,64
"ENSMUSG00000026187",2,4,15,15,14,7,6,27
"ENSMUSG00000026188",2,2,4,4,3,1,3,3
"ENSMUSG00000026189",5,0,8,6,5,3,8,12
"ENSMUSG00000026192",2,1,3,6,2,3,4,13
"ENSMUSG00000026193",0,0,1,5,2,1,1,1
"ENSMUSG00000026197",1,1,8,12,8,4,4,12
"ENSMUSG00000026198",0,3,1,6,2,2,0,6
"ENSMUSG00000026199",4,0,4,8,14,2,6,8
"ENSMUSG00000026201",8,9,20,21,30,16,21,48
"ENSMUSG00000026202",28,14,58,65,67,17,84,78
"ENSMUSG00000026203",1,1,20,8,15,6,16,17
"ENSMUSG00000026204",10,4,39,42,23,20,39,49
"ENSMUSG00000026207",4,2,11,7,6,8,10,5
"ENSMUSG00000026209",2,1,9,7,5,6,5,12
"ENSMUSG00000026219",22,17,47,38,44,42,40,73
"ENSMUSG00000026220",0,0,1,2,0,1,1,4
"ENSMUSG00000026222",0,0,0,3,0,0,0,1
"ENSMUSG00000026223",48,33,151,220,133,96,154,152
"ENSMUSG00000026227",2,1,21,14,23,5,15,16
"ENSMUSG00000026229",8,20,63,47,32,35,33,74
"ENSMUSG00000026234",5,8,18,37,18,15,39,46
"ENSMUSG00000026235",11,14,41,36,34,24,37,41
"ENSMUSG00000026238",32,20,133,163,101,52,115,148
"ENSMUSG00000026239",7,9,20,14,11,10,16,16
"ENSMUSG00000026240",5,6,16,19,19,19,10,22
"ENSMUSG00000026241",1,1,5,6,5,4,5,2
"ENSMUSG00000026245",6,9,8,14,7,8,13,18
"ENSMUSG00000026249",67,43,169,164,180,94,109,160
"ENSMUSG00000026254",3,0,4,13,5,6,6,29
"ENSMUSG00000026259",12,17,61,50,47,29,47,67
"ENSMUSG00000026260",15,14,37,51,31,24,40,70
"ENSMUSG00000026269",4,0,11,11,11,9,12,16
"ENSMUSG00000026270",6,3,13,19,23,7,10,17
"ENSMUSG00000026275",9,2,7,22,13,4,22,25
"ENSMUSG00000026276",3,6,13,22,9,9,15,19
"ENSMUSG00000026277",12,3,18,32,17,11,13,31
"ENSMUSG00000026278",6,7,11,18,10,9,10,12
"ENSMUSG00000026279",1,3,7,8,11,5,11,9
"ENSMUSG00000026280",4,3,17,24,15,19,11,27
"ENSMUSG00000026281",2,5,13,16,5,9,11,21
"ENSMUSG00000026288",0,0,6,0,1,1,1,1
"ENSMUSG00000026289",5,10,20,23,29,11,19,33
"ENSMUSG00000026305",3,1,8,8,15,13,12,15
"ENSMUSG00000026307",5,0,7,6,5,3,10,21
"ENSMUSG00000026309",1,2,14,15,10,4,10,10
"ENSMUSG00000026311",1,0,11,3,11,2,2,9
"ENSMUSG00000026312",1,1,1,0,2,4,10,9
"ENSMUSG00000026313",7,6,11,22,18,22,16,28
"ENSMUSG00000026317",3,1,3,7,9,0,7,7
"ENSMUSG00000026319",10,7,21,28,23,17,13,40
"ENSMUSG00000026321",1,1,0,1,1,1,1,1
"ENSMUSG00000026322",0,0,1,0,1,2,0,0
"ENSMUSG00000026333",2,3,10,10,5,8,9,13
"ENSMUSG00000026335",20,25,82,47,68,53,87,84
"ENSMUSG00000026339",2,1,16,4,10,7,9,14
"ENSMUSG00000026341",10,7,43,41,17,13,24,38
"ENSMUSG00000026342",1,6,11,11,9,2,8,15
"ENSMUSG00000026344",13,7,17,19,11,3,24,14
"ENSMUSG00000026347",1,0,4,2,4,4,23,6
"ENSMUSG00000026349",19,21,89,66,92,43,63,115
"ENSMUSG00000026353",11,11,32,40,27,25,33,44
"ENSMUSG00000026356",2,4,15,17,17,12,17,17
"ENSMUSG00000026360",5,0,10,9,12,6,14,12
"ENSMUSG00000026361",6,5,34,35,16,13,17,31
"ENSMUSG00000026365",0,0,0,14,0,0,1,3
"ENSMUSG00000026374",13,5,25,34,31,12,30,36
"ENSMUSG00000026377",1,3,7,13,9,7,3,16
"ENSMUSG00000026383",5,5,27,22,15,5,13,16
"ENSMUSG00000026384",22,11,56,36,52,18,31,41
"ENSMUSG00000026385",14,11,42,124,50,38,65,69
"ENSMUSG00000026393",10,8,16,26,32,23,19,33
"ENSMUSG00000026409",2,5,19,17,17,8,13,27
"ENSMUSG00000026411",7,3,29,32,30,13,32,22
"ENSMUSG00000026421",43,34,116,98,116,92,89,187
"ENSMUSG00000026424",115,116,367,318,425,242,289,421
"ENSMUSG00000026425",19,40,37,83,40,61,32,105
"ENSMUSG00000026426",10,11,53,40,42,19,22,72
"ENSMUSG00000026427",5,2,4,11,10,7,7,11
"ENSMUSG00000026434",11,6,32,37,31,14,28,33
"ENSMUSG00000026436",1,2,4,11,5,1,7,7
"ENSMUSG00000026437",2,0,3,3,2,3,1,1
"ENSMUSG00000026439",2,1,5,6,2,2,8,7
"ENSMUSG00000026442",7,15,32,37,25,41,39,64
"ENSMUSG00000026443",3,3,15,11,6,12,18,9
"ENSMUSG00000026447",2,0,0,2,3,1,2,3
"ENSMUSG00000026452",2,4,4,9,1,12,11,11
"ENSMUSG00000026455",12,4,21,17,27,27,18,36
"ENSMUSG00000026456",1,1,0,5,5,4,1,4
"ENSMUSG00000026457",3,5,24,17,14,20,12,21
"ENSMUSG00000026458",0,0,1,1,2,2,6,2
"ENSMUSG00000026463",13,2,25,14,8,15,23,9
"ENSMUSG00000026466",8,15,36,39,29,33,28,89
"ENSMUSG00000026469",19,13,55,82,62,42,38,77
"ENSMUSG00000026470",11,3,17,30,15,12,21,26
"ENSMUSG00000026473",106,66,211,300,204,163,132,365
"ENSMUSG00000026475",0,0,1,3,3,0,2,5
"ENSMUSG00000026478",5,6,12,28,8,10,7,20
"ENSMUSG00000026479",0,0,3,5,0,1,5,3
"ENSMUSG00000026482",7,6,9,34,15,21,27,47
"ENSMUSG00000026484",2,3,10,2,13,6,3,11
"ENSMUSG00000026490",25,20,99,64,73,37,59,88
"ENSMUSG00000026491",7,9,18,16,29,16,14,22
"ENSMUSG00000026492",3,1,9,8,4,6,7,14
"ENSMUSG00000026494",2,1,3,1,1,1,8,1
"ENSMUSG00000026495",6,1,12,16,14,8,3,13
"ENSMUSG00000026496",2,1,10,8,12,9,12,19
"ENSMUSG00000026499",4,1,6,6,4,4,5,8
"ENSMUSG00000026500",3,2,12,11,10,4,7,12
"ENSMUSG00000026502",21,13,83,56,71,19,62,68
"ENSMUSG00000026504",5,10,24,12,31,18,16,38
"ENSMUSG00000026509",33,24,32,83,42,89,35,158
"ENSMUSG00000026511",13,6,51,62,31,19,33,77
"ENSMUSG00000026514",3,2,9,5,3,2,9,11
"ENSMUSG00000026516",4,1,13,17,7,7,10,24
"ENSMUSG00000026519",1,0,6,4,6,2,3,4
"ENSMUSG00000026520",5,4,6,15,10,4,6,15
"ENSMUSG00000026525",1,0,3,4,2,0,4,3
"ENSMUSG00000026526",4,1,4,6,9,2,12,8
"ENSMUSG00000026527",46,44,111,62,125,84,103,132
"ENSMUSG00000026547",1,3,0,20,0,3,2,9
"ENSMUSG00000026553",6,8,15,15,27,15,20,30
"ENSMUSG00000026554",12,12,31,34,29,21,30,49
"ENSMUSG00000026556",2,2,7,3,8,1,3,4
"ENSMUSG00000026558",5,0,4,5,8,7,4,11
"ENSMUSG00000026563",2,0,2,5,3,1,5,5
"ENSMUSG00000026565",26,9,85,33,103,9,42,27
"ENSMUSG00000026566",3,9,20,13,20,9,15,24
"ENSMUSG00000026567",7,7,22,8,19,15,9,39
"ENSMUSG00000026568",23,9,62,66,43,19,51,60
"ENSMUSG00000026571",18,21,29,55,37,27,30,73
"ENSMUSG00000026575",8,7,20,10,26,6,23,26
"ENSMUSG00000026576",76,53,238,356,223,155,236,304
"ENSMUSG00000026577",4,2,7,18,10,18,12,22
"ENSMUSG00000026584",1,1,2,3,7,3,5,10
"ENSMUSG00000026585",15,10,36,40,35,15,28,53
"ENSMUSG00000026587",27,14,81,66,67,58,45,94
"ENSMUSG00000026594",6,5,13,14,12,4,8,11
"ENSMUSG00000026596",16,13,41,29,37,28,34,37
"ENSMUSG00000026600",11,4,65,33,54,14,21,37
"ENSMUSG00000026603",4,1,5,10,12,7,8,14
"ENSMUSG00000026608",3,0,13,15,10,11,13,16
"ENSMUSG00000026610",6,6,26,4,35,16,29,27
"ENSMUSG00000026611",5,5,14,18,11,13,6,15
"ENSMUSG00000026615",6,7,19,26,24,16,25,42
"ENSMUSG00000026617",2,2,6,6,8,1,6,20
"ENSMUSG00000026618",6,1,6,4,13,3,12,12
"ENSMUSG00000026620",2,2,4,9,10,2,9,7
"ENSMUSG00000026623",13,10,14,22,16,19,30,30
"ENSMUSG00000026626",12,9,45,18,28,17,16,27
"ENSMUSG00000026627",6,3,12,9,6,5,6,9
"ENSMUSG00000026632",0,2,1,11,7,3,6,12
"ENSMUSG00000026634",6,5,25,17,25,19,12,31
"ENSMUSG00000026637",23,10,60,64,58,24,60,105
"ENSMUSG00000026640",1,19,13,56,16,36,14,80
"ENSMUSG00000026641",1,5,4,11,5,1,6,11
"ENSMUSG00000026643",12,9,31,20,22,14,31,35
"ENSMUSG00000026648",4,3,12,5,2,5,3,16
"ENSMUSG00000026655",2,2,16,16,16,2,6,6
"ENSMUSG00000026656",0,0,0,0,0,4,0,19
"ENSMUSG00000026657",198,111,651,257,616,213,340,505
"ENSMUSG00000026659",7,2,13,17,16,12,13,44
"ENSMUSG00000026662",4,1,6,10,3,3,2,9
"ENSMUSG00000026663",6,9,24,15,18,18,23,43
"ENSMUSG00000026664",7,2,17,20,28,21,29,53
"ENSMUSG00000026667",6,3,7,16,13,5,20,14
"ENSMUSG00000026670",4,5,10,27,15,13,12,26
"ENSMUSG00000026672",0,1,6,8,11,15,11,16
"ENSMUSG00000026674",0,1,2,9,2,2,0,5
"ENSMUSG00000026676",2,0,4,6,5,1,4,6
"ENSMUSG00000026678",1,3,4,10,4,2,14,5
"ENSMUSG00000026687",7,5,20,18,13,7,4,33
"ENSMUSG00000026688",7,4,13,41,13,8,15,21
"ENSMUSG00000026694",1,0,8,1,5,4,5,4
"ENSMUSG00000026696",20,9,69,54,50,33,45,89
"ENSMUSG00000026701",52,49,152,293,207,152,152,322
"ENSMUSG00000026705",4,1,5,2,7,6,4,7
"ENSMUSG00000026707",2,0,7,6,4,7,3,17
"ENSMUSG00000026709",3,0,4,5,5,2,3,5
"ENSMUSG00000026712",0,0,1,0,2,0,0,0
"ENSMUSG00000026715",0,0,4,3,4,2,2,6
"ENSMUSG00000026718",3,2,13,10,9,9,6,17
"ENSMUSG00000026721",21,22,50,47,46,40,69,72
"ENSMUSG00000026727",5,4,21,12,15,14,18,29
"ENSMUSG00000026728",2,3,3,32,1,7,14,13
"ENSMUSG00000026730",4,0,14,9,3,2,8,4
"ENSMUSG00000026737",5,5,23,19,19,15,20,20
"ENSMUSG00000026740",27,32,59,65,62,58,50,104
"ENSMUSG00000026743",27,27,69,60,47,39,49,93
"ENSMUSG00000026748",11,7,34,23,20,15,42,26
"ENSMUSG00000026749",0,2,5,15,4,7,3,16
"ENSMUSG00000026750",9,3,31,39,16,12,16,34
"ENSMUSG00000026753",3,8,26,17,18,7,20,26
"ENSMUSG00000026754",3,1,15,13,23,11,11,31
"ENSMUSG00000026755",15,11,37,59,37,24,35,69
"ENSMUSG00000026761",4,2,13,15,9,11,5,14
"ENSMUSG00000026764",11,4,47,42,28,24,69,51
"ENSMUSG00000026765",2,0,4,2,3,3,1,4
"ENSMUSG00000026766",3,5,5,11,4,5,15,10
"ENSMUSG00000026767",10,4,23,16,18,27,12,23
"ENSMUSG00000026768",2,3,1,1,2,3,1,2
"ENSMUSG00000026771",2,4,7,8,5,6,6,11
"ENSMUSG00000026773",1,0,3,14,2,9,7,17
"ENSMUSG00000026775",8,5,20,21,23,11,14,30
"ENSMUSG00000026778",0,1,1,1,2,1,7,0
"ENSMUSG00000026779",2,0,3,5,3,1,3,5
"ENSMUSG00000026781",16,5,34,19,25,24,29,43
"ENSMUSG00000026782",13,14,41,46,38,32,41,51
"ENSMUSG00000026784",2,5,14,12,16,6,14,17
"ENSMUSG00000026786",0,0,5,3,1,3,1,3
"ENSMUSG00000026787",2,10,4,14,10,7,13,17
"ENSMUSG00000026788",1,1,1,3,2,2,7,8
"ENSMUSG00000026790",28,19,47,61,64,40,55,76
"ENSMUSG00000026791",11,3,13,19,14,17,15,35
"ENSMUSG00000026792",3,2,7,8,0,6,6,13
"ENSMUSG00000026796",0,7,1,15,3,12,3,10
"ENSMUSG00000026797",27,20,65,60,63,36,81,93
"ENSMUSG00000026798",3,4,6,9,11,3,9,13
"ENSMUSG00000026799",5,6,13,14,13,6,12,24
"ENSMUSG00000026803",5,2,8,4,6,1,8,14
"ENSMUSG00000026806",1,0,9,6,10,0,5,11
"ENSMUSG00000026810",6,4,17,22,16,11,12,25
"ENSMUSG00000026811",9,7,21,14,22,17,19,13
"ENSMUSG00000026812",11,2,27,27,23,23,28,41
"ENSMUSG00000026814",0,0,1,1,2,0,2,4
"ENSMUSG00000026817",6,5,17,28,24,8,18,24
"ENSMUSG00000026819",5,2,8,10,7,13,16,23
"ENSMUSG00000026820",4,1,8,15,13,3,16,11
"ENSMUSG00000026821",5,4,21,21,12,18,15,19
"ENSMUSG00000026822",0,20,0,71,0,23,1,56
"ENSMUSG00000026824",11,7,20,14,27,13,65,25
"ENSMUSG00000026825",21,13,38,61,44,23,71,77
"ENSMUSG00000026826",0,0,5,3,0,0,4,1
"ENSMUSG00000026827",18,14,63,63,45,21,34,57
"ENSMUSG00000026830",1,0,8,8,4,1,18,7
"ENSMUSG00000026833",32,19,80,106,89,50,71,125
"ENSMUSG00000026834",0,2,5,0,3,3,4,6
"ENSMUSG00000026836",5,10,12,15,18,13,6,23
"ENSMUSG00000026839",8,10,32,25,25,21,25,24
"ENSMUSG00000026841",0,0,0,0,1,0,3,0
"ENSMUSG00000026842",11,3,17,16,15,11,13,21
"ENSMUSG00000026843",7,3,16,16,14,12,13,16
"ENSMUSG00000026848",1,0,5,5,2,2,4,9
"ENSMUSG00000026849",3,6,12,21,13,10,10,21
"ENSMUSG00000026851",11,5,15,22,22,15,28,37
"ENSMUSG00000026853",3,3,10,7,10,4,10,15
"ENSMUSG00000026854",6,6,17,10,11,10,22,25
"ENSMUSG00000026857",3,8,23,37,22,25,12,43
"ENSMUSG00000026858",9,4,23,21,22,11,13,31
"ENSMUSG00000026860",7,1,16,25,29,9,28,33
"ENSMUSG00000026864",12,21,47,97,41,40,52,56
"ENSMUSG00000026867",11,8,44,29,25,15,26,50
"ENSMUSG00000026869",5,3,11,9,12,11,9,18
"ENSMUSG00000026872",51,31,97,101,108,76,136,132
"ENSMUSG00000026878",7,16,51,78,37,32,57,70
"ENSMUSG00000026879",6,2,15,19,8,12,22,6
"ENSMUSG00000026883",6,6,10,13,10,8,9,15
"ENSMUSG00000026885",4,4,16,16,11,11,16,22
"ENSMUSG00000026887",1,3,10,7,4,3,4,8
"ENSMUSG00000026888",8,4,12,10,21,4,10,13
"ENSMUSG00000026889",9,5,20,21,12,13,24,32
"ENSMUSG00000026890",0,1,2,1,1,2,1,1
"ENSMUSG00000026895",20,12,42,70,39,24,48,79
"ENSMUSG00000026904",10,10,21,23,14,21,33,19
"ENSMUSG00000026914",11,8,29,28,29,24,35,63
"ENSMUSG00000026915",76,53,248,211,211,158,204,322
"ENSMUSG00000026917",1,0,6,4,7,4,9,13
"ENSMUSG00000026918",5,5,18,10,19,11,14,13
"ENSMUSG00000026924",2,8,9,10,15,8,10,20
"ENSMUSG00000026925",0,0,4,3,2,2,2,6
"ENSMUSG00000026926",5,2,11,11,7,4,8,13
"ENSMUSG00000026927",3,2,5,15,12,7,8,17
"ENSMUSG00000026930",0,3,6,11,8,7,6,4
"ENSMUSG00000026932",3,3,17,17,15,8,10,17
"ENSMUSG00000026933",6,4,17,13,11,6,19,25
"ENSMUSG00000026939",6,0,4,13,8,3,8,15
"ENSMUSG00000026944",6,5,20,26,23,15,27,26
"ENSMUSG00000026950",2,0,7,3,4,0,3,3
"ENSMUSG00000026958",1,2,8,9,6,3,9,9
"ENSMUSG00000026959",21,13,22,35,32,53,89,69
"ENSMUSG00000026960",1,5,14,17,11,6,7,9
"ENSMUSG00000026965",4,0,4,10,10,9,9,15
"ENSMUSG00000026966",13,5,25,25,22,5,16,26
"ENSMUSG00000026970",15,7,24,46,10,23,31,55
"ENSMUSG00000026972",1,0,2,2,2,4,1,2
"ENSMUSG00000026975",2,3,11,6,9,7,5,14
"ENSMUSG00000026977",10,6,23,28,30,22,21,31
"ENSMUSG00000026981",0,0,0,1,0,1,0,2
"ENSMUSG00000026986",9,0,12,14,13,3,21,14
"ENSMUSG00000026987",23,18,81,89,62,61,46,111
"ENSMUSG00000026991",5,3,15,27,18,10,27,23
"ENSMUSG00000026999",4,1,6,11,12,5,11,14
"ENSMUSG00000027002",28,28,95,79,46,48,59,92
"ENSMUSG00000027004",1,0,5,14,2,3,4,7
"ENSMUSG00000027006",3,10,13,20,12,14,18,17
"ENSMUSG00000027007",3,4,7,21,8,21,6,18
"ENSMUSG00000027009",0,0,1,1,4,3,0,1
"ENSMUSG00000027010",11,11,50,47,41,29,45,73
"ENSMUSG00000027011",9,10,26,52,40,21,22,33
"ENSMUSG00000027012",7,1,24,35,29,8,29,37
"ENSMUSG00000027014",12,8,23,9,6,6,8,76
"ENSMUSG00000027016",5,4,6,7,14,10,36,14
"ENSMUSG00000027018",2,2,6,7,7,1,9,11
"ENSMUSG00000027022",0,1,0,0,0,3,1,4
"ENSMUSG00000027030",6,5,15,11,11,14,26,24
"ENSMUSG00000027035",6,3,10,13,7,10,23,11
"ENSMUSG00000027067",5,2,9,10,8,9,12,23
"ENSMUSG00000027076",4,4,15,28,15,7,13,26
"ENSMUSG00000027080",3,5,13,12,4,5,7,9
"ENSMUSG00000027087",34,23,109,90,90,61,36,141
"ENSMUSG00000027088",1,2,7,11,6,7,8,15
"ENSMUSG00000027091",13,6,36,43,38,21,36,63
"ENSMUSG00000027099",11,5,16,25,17,12,22,27
"ENSMUSG00000027104",8,11,31,39,24,30,35,40
"ENSMUSG00000027108",11,9,28,38,35,11,26,56
"ENSMUSG00000027109",1,0,17,14,12,11,15,15
"ENSMUSG00000027111",19,2,50,23,41,33,46,34
"ENSMUSG00000027122",4,3,10,17,11,5,6,13
"ENSMUSG00000027131",10,7,35,43,31,18,32,41
"ENSMUSG00000027132",3,4,8,5,5,4,6,16
"ENSMUSG00000027133",16,7,56,95,48,26,32,92
"ENSMUSG00000027134",0,1,0,3,2,2,3,8
"ENSMUSG00000027160",5,2,12,13,12,6,6,21
"ENSMUSG00000027162",4,5,21,16,29,14,19,30
"ENSMUSG00000027163",4,4,4,9,5,3,6,12
"ENSMUSG00000027164",4,1,10,10,11,5,8,27
"ENSMUSG00000027165",6,6,23,19,32,15,25,39
"ENSMUSG00000027166",13,10,31,21,29,20,21,49
"ENSMUSG00000027167",23,13,40,29,31,23,36,54
"ENSMUSG00000027168",28,41,70,116,54,99,42,132
"ENSMUSG00000027170",1,0,8,9,8,4,4,8
"ENSMUSG00000027175",13,12,42,16,31,23,24,50
"ENSMUSG00000027176",5,10,29,33,33,29,35,49
"ENSMUSG00000027177",4,10,17,20,4,16,15,33
"ENSMUSG00000027180",5,4,13,19,15,7,17,17
"ENSMUSG00000027184",6,8,27,31,25,24,34,35
"ENSMUSG00000027188",1,0,10,10,18,4,16,12
"ENSMUSG00000027189",13,4,31,20,33,15,29,45
"ENSMUSG00000027193",5,2,11,17,7,4,10,16
"ENSMUSG00000027194",5,5,15,8,14,10,16,32
"ENSMUSG00000027195",18,16,31,55,51,24,29,49
"ENSMUSG00000027198",3,11,22,14,22,9,25,27
"ENSMUSG00000027199",13,1,25,26,44,10,34,21
"ENSMUSG00000027200",33,19,134,79,115,46,93,112
"ENSMUSG00000027201",3,3,9,12,13,9,17,18
"ENSMUSG00000027203",5,1,13,14,7,4,8,8
"ENSMUSG00000027204",3,0,1,2,1,2,3,1
"ENSMUSG00000027206",2,1,12,13,14,8,20,25
"ENSMUSG00000027207",2,0,5,7,5,6,7,6
"ENSMUSG00000027209",3,0,7,7,5,3,6,5
"ENSMUSG00000027210",51,36,144,117,142,59,102,104
"ENSMUSG00000027215",1,2,10,5,4,2,8,3
"ENSMUSG00000027220",7,5,23,16,17,12,22,21
"ENSMUSG00000027221",18,10,55,79,60,59,57,96
"ENSMUSG00000027222",2,1,7,8,6,6,7,9
"ENSMUSG00000027223",8,8,32,46,31,21,31,38
"ENSMUSG00000027227",2,4,6,3,4,5,10,5
"ENSMUSG00000027236",6,3,19,14,9,5,8,33
"ENSMUSG00000027238",16,11,26,30,41,32,50,44
"ENSMUSG00000027239",12,10,36,42,41,9,26,26
"ENSMUSG00000027242",3,2,12,6,7,6,8,10
"ENSMUSG00000027244",4,5,25,24,15,21,17,57
"ENSMUSG00000027245",7,2,12,16,11,5,8,15
"ENSMUSG00000027247",5,2,3,7,9,3,5,6
"ENSMUSG00000027248",8,12,37,69,37,26,32,36
"ENSMUSG00000027253",8,3,47,42,55,20,38,27
"ENSMUSG00000027254",5,7,36,33,21,16,34,20
"ENSMUSG00000027255",8,10,20,28,23,20,25,47
"ENSMUSG00000027257",3,1,10,4,8,7,6,10
"ENSMUSG00000027259",1,3,8,5,11,2,8,13
"ENSMUSG00000027263",5,2,11,5,13,8,8,10
"ENSMUSG00000027270",8,7,13,16,13,10,18,21
"ENSMUSG00000027272",12,9,26,29,21,33,36,54
"ENSMUSG00000027273",161,101,291,392,348,217,377,523
"ENSMUSG00000027274",5,6,22,33,25,10,18,30
"ENSMUSG00000027281",2,3,9,11,6,4,5,11
"ENSMUSG00000027282",15,11,28,37,26,22,28,44
"ENSMUSG00000027285",3,2,6,5,4,2,4,5
"ENSMUSG00000027286",3,0,6,12,4,5,4,10
"ENSMUSG00000027287",2,6,20,25,13,7,12,39
"ENSMUSG00000027288",5,4,23,28,18,8,23,22
"ENSMUSG00000027291",3,3,9,7,4,3,9,14
"ENSMUSG00000027293",0,0,0,4,4,1,1,4
"ENSMUSG00000027296",5,5,20,28,19,6,30,31
"ENSMUSG00000027297",1,2,3,3,0,0,0,1
"ENSMUSG00000027298",2,3,22,8,13,5,13,8
"ENSMUSG00000027300",1,3,4,11,7,6,3,16
"ENSMUSG00000027303",6,9,63,39,44,26,56,46
"ENSMUSG00000027304",17,9,48,43,33,27,43,53
"ENSMUSG00000027305",0,3,3,2,5,3,8,9
"ENSMUSG00000027306",3,8,19,20,7,7,3,21
"ENSMUSG00000027309",80,61,206,128,227,96,231,241
"ENSMUSG00000027312",12,19,43,42,57,27,61,82
"ENSMUSG00000027316",2,5,9,13,8,7,11,19
"ENSMUSG00000027318",0,0,0,1,1,1,0,1
"ENSMUSG00000027327",3,1,6,7,4,2,9,11
"ENSMUSG00000027330",2,0,7,1,12,3,1,3
"ENSMUSG00000027332",9,6,17,18,22,13,13,25
"ENSMUSG00000027333",20,14,32,42,35,27,13,69
"ENSMUSG00000027339",8,4,16,8,16,10,13,18
"ENSMUSG00000027340",10,8,19,18,22,15,19,25
"ENSMUSG00000027341",6,2,12,18,14,6,14,16
"ENSMUSG00000027346",21,11,76,62,48,34,66,100
"ENSMUSG00000027347",18,15,56,68,31,48,42,73
"ENSMUSG00000027349",4,0,8,6,6,5,8,8
"ENSMUSG00000027350",13,7,34,46,32,20,67,39
"ENSMUSG00000027351",11,17,42,50,28,25,28,55
"ENSMUSG00000027353",0,2,2,3,7,2,4,6
"ENSMUSG00000027361",2,0,9,5,6,3,4,12
"ENSMUSG00000027363",3,5,4,12,12,4,13,23
"ENSMUSG00000027364",13,13,65,69,49,25,37,71
"ENSMUSG00000027365",10,14,42,35,39,33,35,53
"ENSMUSG00000027366",2,8,8,21,12,10,7,15
"ENSMUSG00000027367",5,4,16,19,22,13,18,27
"ENSMUSG00000027374",3,0,11,15,12,7,12,17
"ENSMUSG00000027375",29,4,60,26,55,27,50,26
"ENSMUSG00000027378",5,4,12,9,7,4,2,23
"ENSMUSG00000027384",2,2,11,11,9,5,9,9
"ENSMUSG00000027387",2,1,2,1,2,3,2,2
"ENSMUSG00000027394",2,3,9,4,16,7,10,9
"ENSMUSG00000027397",7,11,37,30,36,39,23,59
"ENSMUSG00000027398",0,2,1,4,2,2,0,9
"ENSMUSG00000027399",0,1,0,8,1,1,0,5
"ENSMUSG00000027400",0,2,3,0,0,0,1,3
"ENSMUSG00000027404",10,6,20,39,16,11,24,35
"ENSMUSG00000027405",13,4,22,27,33,17,23,58
"ENSMUSG00000027406",10,4,33,35,36,17,51,53
"ENSMUSG00000027411",1,3,9,14,4,11,10,11
"ENSMUSG00000027419",17,13,65,39,38,56,107,85
"ENSMUSG00000027422",5,4,19,36,25,18,22,43
"ENSMUSG00000027423",3,0,24,31,24,7,16,13
"ENSMUSG00000027425",4,3,11,5,10,6,9,11
"ENSMUSG00000027427",2,0,5,5,1,7,5,7
"ENSMUSG00000027429",2,1,12,8,4,4,6,13
"ENSMUSG00000027430",8,8,33,15,19,11,17,27
"ENSMUSG00000027433",17,7,23,28,12,25,19,33
"ENSMUSG00000027435",0,1,0,2,0,0,0,1
"ENSMUSG00000027438",22,8,68,54,39,31,41,66
"ENSMUSG00000027447",641,675,2920,5004,3347,1554,1254,2405
"ENSMUSG00000027452",23,14,84,42,30,73,23,22
"ENSMUSG00000027455",5,1,7,11,10,4,17,21
"ENSMUSG00000027457",11,11,38,25,29,22,31,36
"ENSMUSG00000027465",0,2,3,6,9,2,6,9
"ENSMUSG00000027466",2,4,12,7,7,9,12,8
"ENSMUSG00000027472",3,3,3,16,12,7,8,26
"ENSMUSG00000027475",2,7,21,12,9,10,8,22
"ENSMUSG00000027479",10,7,22,33,23,14,29,26
"ENSMUSG00000027487",7,5,4,9,7,7,8,6
"ENSMUSG00000027488",19,13,74,48,33,25,41,72
"ENSMUSG00000027489",5,3,12,13,10,8,9,15
"ENSMUSG00000027490",0,2,3,1,6,2,7,7
"ENSMUSG00000027495",4,4,3,13,6,16,9,7
"ENSMUSG00000027499",9,5,23,29,18,11,14,26
"ENSMUSG00000027500",29,12,75,143,75,39,103,142
"ENSMUSG00000027502",7,2,10,17,14,4,10,12
"ENSMUSG00000027506",7,2,23,25,13,10,23,27
"ENSMUSG00000027508",9,4,29,9,30,14,15,17
"ENSMUSG00000027509",11,10,17,13,18,12,10,45
"ENSMUSG00000027519",3,5,14,17,12,11,11,16
"ENSMUSG00000027520",2,0,2,5,5,1,4,2
"ENSMUSG00000027522",33,12,74,58,60,31,50,131
"ENSMUSG00000027523",51,29,129,167,134,69,185,171
"ENSMUSG00000027525",33,22,75,45,70,46,55,115
"ENSMUSG00000027531",4,4,10,18,13,14,18,16
"ENSMUSG00000027533",13,6,41,51,42,17,57,59
"ENSMUSG00000027534",4,1,13,3,10,5,11,10
"ENSMUSG00000027540",2,5,9,24,10,17,17,44
"ENSMUSG00000027544",0,0,1,2,5,0,1,0
"ENSMUSG00000027546",3,4,20,25,20,10,25,20
"ENSMUSG00000027550",2,2,11,7,5,7,5,10
"ENSMUSG00000027551",4,7,20,19,30,12,11,31
"ENSMUSG00000027556",4,2,25,90,25,5,9,26
"ENSMUSG00000027560",4,2,15,14,16,6,14,12
"ENSMUSG00000027562",15,3,46,20,73,18,84,27
"ENSMUSG00000027566",18,9,24,60,38,25,32,64
"ENSMUSG00000027569",2,1,4,1,5,3,4,9
"ENSMUSG00000027570",3,1,9,9,13,1,10,11
"ENSMUSG00000027573",1,2,12,14,9,6,6,21
"ENSMUSG00000027574",31,22,95,148,62,37,34,68
"ENSMUSG00000027575",15,9,43,23,24,26,26,65
"ENSMUSG00000027577",0,0,1,3,0,0,5,0
"ENSMUSG00000027581",65,29,157,255,153,76,203,245
"ENSMUSG00000027582",2,7,10,12,8,11,10,16
"ENSMUSG00000027583",2,2,2,6,9,3,5,4
"ENSMUSG00000027584",0,0,1,6,3,3,4,9
"ENSMUSG00000027589",2,3,10,8,12,6,11,10
"ENSMUSG00000027596",2,9,19,24,15,3,7,27
"ENSMUSG00000027598",29,25,63,50,57,41,53,93
"ENSMUSG00000027599",10,3,26,34,13,13,31,25
"ENSMUSG00000027602",56,34,137,169,81,64,100,160
"ENSMUSG00000027603",6,2,18,18,16,24,21,32
"ENSMUSG00000027605",23,22,45,41,47,48,34,93
"ENSMUSG00000027610",3,5,10,10,12,14,6,39
"ENSMUSG00000027612",1,2,2,4,0,2,4,3
"ENSMUSG00000027613",4,4,13,21,8,9,11,26
"ENSMUSG00000027615",1,1,5,8,6,1,6,6
"ENSMUSG00000027618",9,3,20,11,14,13,14,21
"ENSMUSG00000027620",74,81,234,227,238,242,267,578
"ENSMUSG00000027624",6,4,21,29,15,23,26,33
"ENSMUSG00000027628",6,4,9,9,11,6,9,9
"ENSMUSG00000027630",11,3,26,25,37,29,18,43
"ENSMUSG00000027634",26,21,56,61,40,36,80,87
"ENSMUSG00000027637",27,21,42,55,42,30,28,65
"ENSMUSG00000027639",2,2,5,11,0,7,10,23
"ENSMUSG00000027642",10,3,35,27,34,19,30,30
"ENSMUSG00000027646",3,0,9,6,14,11,11,9
"ENSMUSG00000027649",12,7,23,31,24,29,22,53
"ENSMUSG00000027650",4,1,4,6,6,2,5,7
"ENSMUSG00000027651",1,1,9,9,10,4,10,20
"ENSMUSG00000027652",7,8,20,19,21,7,17,26
"ENSMUSG00000027660",6,4,12,10,9,6,6,6
"ENSMUSG00000027663",6,10,27,11,31,17,24,37
"ENSMUSG00000027665",4,3,13,11,18,5,11,6
"ENSMUSG00000027667",1,1,4,7,3,5,4,6
"ENSMUSG00000027668",16,7,32,34,41,19,35,58
"ENSMUSG00000027669",0,0,1,4,3,0,8,4
"ENSMUSG00000027671",6,6,25,26,23,20,25,56
"ENSMUSG00000027673",20,15,57,88,57,26,59,106
"ENSMUSG00000027674",15,18,28,21,38,25,70,67
"ENSMUSG00000027677",25,34,95,107,118,74,78,176
"ENSMUSG00000027678",1,6,12,13,15,8,13,21
"ENSMUSG00000027679",8,3,32,29,27,17,20,26
"ENSMUSG00000027680",10,10,31,32,17,22,19,34
"ENSMUSG00000027684",0,0,2,2,0,2,2,4
"ENSMUSG00000027692",151,159,250,331,263,316,138,540
"ENSMUSG00000027695",14,7,5,17,11,16,3,24
"ENSMUSG00000027698",4,6,15,17,8,9,13,29
"ENSMUSG00000027706",25,18,81,111,68,48,99,98
"ENSMUSG00000027708",6,8,31,28,22,16,18,33
"ENSMUSG00000027709",15,16,38,27,21,23,28,61
"ENSMUSG00000027712",3,3,8,8,0,7,9,20
"ENSMUSG00000027714",5,1,3,5,4,2,7,7
"ENSMUSG00000027716",3,2,3,3,6,6,6,9
"ENSMUSG00000027722",3,2,14,16,6,8,4,17
"ENSMUSG00000027737",15,25,40,151,27,82,17,160
"ENSMUSG00000027739",1,5,12,9,4,4,10,10
"ENSMUSG00000027742",6,4,12,6,7,3,6,12
"ENSMUSG00000027746",2,3,19,15,10,3,10,20
"ENSMUSG00000027748",0,0,3,2,2,2,5,6
"ENSMUSG00000027751",3,7,21,11,17,11,10,21
"ENSMUSG00000027752",2,1,4,1,4,3,3,4
"ENSMUSG00000027763",7,0,33,22,21,11,17,21
"ENSMUSG00000027770",11,8,16,22,18,12,17,21
"ENSMUSG00000027774",0,1,3,6,1,2,7,11
"ENSMUSG00000027775",3,3,10,11,15,5,6,8
"ENSMUSG00000027778",2,2,7,14,9,6,6,14
"ENSMUSG00000027782",6,6,13,13,19,9,11,18
"ENSMUSG00000027784",7,4,29,20,23,11,36,26
"ENSMUSG00000027787",2,3,8,7,7,6,8,23
"ENSMUSG00000027792",1,0,2,1,1,0,1,1
"ENSMUSG00000027797",49,70,299,196,215,100,196,214
"ENSMUSG00000027799",22,18,50,42,49,43,94,77
"ENSMUSG00000027800",0,3,3,11,1,2,3,6
"ENSMUSG00000027803",12,25,57,64,43,49,33,86
"ENSMUSG00000027804",5,4,13,10,14,6,12,16
"ENSMUSG00000027805",35,19,123,181,139,75,113,181
"ENSMUSG00000027806",5,5,19,26,14,9,10,22
"ENSMUSG00000027808",1,3,23,29,14,4,15,19
"ENSMUSG00000027809",3,4,15,12,11,5,10,17
"ENSMUSG00000027810",7,6,29,13,19,15,14,32
"ENSMUSG00000027820",0,0,0,1,1,0,0,0
"ENSMUSG00000027822",4,3,17,31,14,11,14,17
"ENSMUSG00000027823",7,5,9,19,10,8,12,28
"ENSMUSG00000027827",19,21,40,71,26,52,35,94
"ENSMUSG00000027828",8,6,45,58,27,26,19,50
"ENSMUSG00000027829",4,10,22,39,21,33,17,45
"ENSMUSG00000027832",0,20,1,159,1,26,1,103
"ENSMUSG00000027834",13,7,34,34,16,14,37,30
"ENSMUSG00000027835",5,6,26,46,20,17,19,40
"ENSMUSG00000027849",0,2,4,2,2,5,0,6
"ENSMUSG00000027852",5,5,21,41,13,21,13,39
"ENSMUSG00000027854",9,2,6,7,12,10,6,13
"ENSMUSG00000027858",4,3,22,8,17,9,13,9
"ENSMUSG00000027859",0,0,0,2,0,4,1,2
"ENSMUSG00000027864",6,7,5,17,4,16,4,16
"ENSMUSG00000027865",7,1,4,8,5,7,8,10
"ENSMUSG00000027868",0,0,1,1,0,0,0,0
"ENSMUSG00000027878",10,10,32,30,32,30,15,27
"ENSMUSG00000027879",5,3,13,27,11,9,18,17
"ENSMUSG00000027881",5,4,16,10,11,6,17,26
"ENSMUSG00000027882",1,17,11,31,25,21,12,79
"ENSMUSG00000027884",6,5,12,17,19,15,16,17
"ENSMUSG00000027886",0,1,2,2,2,2,6,3
"ENSMUSG00000027889",1,1,10,5,10,8,5,11
"ENSMUSG00000027893",19,13,69,38,52,27,32,34
"ENSMUSG00000027894",10,4,29,31,15,11,21,30
"ENSMUSG00000027895",1,0,7,4,6,1,9,3
"ENSMUSG00000027896",1,1,8,7,3,4,9,5
"ENSMUSG00000027900",7,8,20,25,12,8,16,26
"ENSMUSG00000027905",2,1,12,11,6,5,7,7
"ENSMUSG00000027907",0,1,1,13,1,2,2,5
"ENSMUSG00000027933",3,3,3,11,19,5,16,24
"ENSMUSG00000027935",3,3,2,4,0,2,3,3
"ENSMUSG00000027937",6,7,25,32,28,21,28,48
"ENSMUSG00000027939",1,1,17,25,11,7,8,18
"ENSMUSG00000027940",6,9,26,43,17,27,23,56
"ENSMUSG00000027942",16,19,45,41,45,43,38,62
"ENSMUSG00000027944",3,1,10,15,6,4,9,21
"ENSMUSG00000027947",0,1,0,4,1,2,1,3
"ENSMUSG00000027950",2,2,4,3,4,2,2,3
"ENSMUSG00000027951",4,6,18,19,14,10,13,47
"ENSMUSG00000027952",9,8,22,40,13,22,15,48
"ENSMUSG00000027953",9,3,22,19,15,14,15,25
"ENSMUSG00000027955",0,0,2,1,3,0,0,1
"ENSMUSG00000027956",4,2,11,4,6,4,3,1
"ENSMUSG00000027957",9,6,20,12,20,15,6,21
"ENSMUSG00000027962",4,12,24,70,34,10,19,13
"ENSMUSG00000027963",4,4,9,19,9,11,20,19
"ENSMUSG00000027965",4,0,8,6,6,3,35,7
"ENSMUSG00000027966",2,9,2,17,3,3,0,25
"ENSMUSG00000027968",2,2,4,2,4,2,6,2
"ENSMUSG00000027971",0,0,2,1,0,0,5,2
"ENSMUSG00000027977",0,5,7,5,5,5,20,8
"ENSMUSG00000027978",5,1,8,4,3,3,11,5
"ENSMUSG00000027981",6,5,9,6,9,2,10,19
"ENSMUSG00000027983",1,4,8,5,10,4,8,9
"ENSMUSG00000027985",2,2,11,7,9,2,4,12
"ENSMUSG00000027993",17,27,52,83,56,40,66,72
"ENSMUSG00000027995",0,2,0,15,0,1,1,2
"ENSMUSG00000027999",5,5,11,12,16,11,14,27
"ENSMUSG00000028005",12,10,28,15,25,9,31,21
"ENSMUSG00000028007",2,1,2,5,6,5,5,9
"ENSMUSG00000028010",4,1,9,11,3,2,4,12
"ENSMUSG00000028013",6,2,13,14,11,7,11,9
"ENSMUSG00000028015",26,25,65,83,47,67,28,130
"ENSMUSG00000028018",2,0,5,6,5,3,7,8
"ENSMUSG00000028019",4,7,15,10,10,4,6,4
"ENSMUSG00000028020",14,13,61,46,38,23,49,43
"ENSMUSG00000028028",14,20,45,45,17,65,14,102
"ENSMUSG00000028029",11,4,15,31,20,9,17,33
"ENSMUSG00000028030",6,3,18,12,18,9,21,21
"ENSMUSG00000028031",0,0,0,0,1,0,4,0
"ENSMUSG00000028032",5,1,15,11,14,4,13,11
"ENSMUSG00000028033",47,43,44,50,67,76,176,91
"ENSMUSG00000028034",10,11,38,30,28,20,34,48
"ENSMUSG00000028035",8,7,30,29,12,14,21,36
"ENSMUSG00000028039",4,0,13,11,6,9,8,10
"ENSMUSG00000028041",11,5,14,22,13,19,8,26
"ENSMUSG00000028047",6,19,23,47,11,11,7,50
"ENSMUSG00000028049",5,2,11,12,10,9,12,18
"ENSMUSG00000028053",24,27,65,80,57,51,48,101
"ENSMUSG00000028057",1,2,9,8,15,10,17,21
"ENSMUSG00000028059",3,2,13,17,8,8,15,11
"ENSMUSG00000028060",5,6,22,25,18,14,32,50
"ENSMUSG00000028062",8,2,23,46,19,10,25,22
"ENSMUSG00000028063",1,6,6,12,8,7,5,16
"ENSMUSG00000028064",5,4,18,10,16,10,15,17
"ENSMUSG00000028069",1,3,9,12,10,6,5,16
"ENSMUSG00000028070",11,7,22,19,21,11,22,19
"ENSMUSG00000028078",13,6,37,32,43,17,34,44
"ENSMUSG00000028080",22,15,63,40,47,32,44,62
"ENSMUSG00000028081",15,9,91,115,45,44,23,109
"ENSMUSG00000028082",2,3,8,7,12,7,11,10
"ENSMUSG00000028085",3,3,4,6,8,6,3,7
"ENSMUSG00000028086",15,8,31,28,21,17,20,34
"ENSMUSG00000028089",0,1,9,6,6,4,6,6
"ENSMUSG00000028093",3,7,12,11,23,7,10,10
"ENSMUSG00000028096",6,3,9,9,11,7,7,8
"ENSMUSG00000028098",15,11,28,30,23,30,35,53
"ENSMUSG00000028099",7,4,21,5,17,16,11,28
"ENSMUSG00000028104",3,2,14,16,16,11,7,18
"ENSMUSG00000028106",12,11,47,40,29,16,22,45
"ENSMUSG00000028107",2,1,6,10,9,4,4,12
"ENSMUSG00000028121",13,22,59,29,30,14,24,29
"ENSMUSG00000028124",16,5,85,91,80,33,89,113
"ENSMUSG00000028126",13,10,22,30,23,19,20,54
"ENSMUSG00000028127",15,4,36,30,32,24,30,74
"ENSMUSG00000028128",89,73,203,326,166,145,82,312
"ENSMUSG00000028132",5,5,20,15,12,5,20,22
"ENSMUSG00000028133",2,1,7,2,5,1,7,11
"ENSMUSG00000028134",12,7,18,25,21,13,30,30
"ENSMUSG00000028136",10,11,32,23,28,23,23,44
"ENSMUSG00000028137",1,2,13,11,7,7,8,6
"ENSMUSG00000028138",0,0,6,3,6,5,12,3
"ENSMUSG00000028140",4,3,10,2,6,6,9,11
"ENSMUSG00000028145",4,2,2,4,4,2,9,9
"ENSMUSG00000028149",14,17,31,48,25,27,34,83
"ENSMUSG00000028152",24,36,74,106,80,50,100,106
"ENSMUSG00000028156",9,7,26,56,22,32,20,47
"ENSMUSG00000028158",8,9,34,17,30,22,18,43
"ENSMUSG00000028161",89,82,220,238,197,150,296,351
"ENSMUSG00000028163",8,11,24,40,29,31,18,46
"ENSMUSG00000028164",2,6,18,8,6,5,9,13
"ENSMUSG00000028165",10,9,39,41,37,22,29,42
"ENSMUSG00000028173",8,13,49,29,32,15,30,27
"ENSMUSG00000028176",33,17,23,22,34,28,65,51
"ENSMUSG00000028180",11,9,27,27,20,23,38,33
"ENSMUSG00000028184",4,4,9,0,6,10,9,10
"ENSMUSG00000028188",3,3,17,19,18,13,11,24
"ENSMUSG00000028194",36,32,142,204,111,70,101,211
"ENSMUSG00000028195",1,8,5,54,6,51,2,45
"ENSMUSG00000028207",21,21,53,95,44,51,41,90
"ENSMUSG00000028212",1,1,1,3,2,0,2,2
"ENSMUSG00000028214",1,4,4,12,3,11,6,16
"ENSMUSG00000028218",9,8,23,29,16,21,19,39
"ENSMUSG00000028221",13,11,61,30,35,20,23,63
"ENSMUSG00000028222",7,2,14,12,15,6,43,16
"ENSMUSG00000028226",4,14,22,20,33,20,28,45
"ENSMUSG00000028228",0,3,3,4,3,3,3,12
"ENSMUSG00000028229",27,16,50,53,58,37,30,70
"ENSMUSG00000028232",4,5,26,25,11,9,14,17
"ENSMUSG00000028233",10,8,22,22,17,16,19,36
"ENSMUSG00000028234",20,7,72,125,45,24,53,97
"ENSMUSG00000028243",6,7,18,16,19,21,14,39
"ENSMUSG00000028245",5,1,18,11,12,13,6,17
"ENSMUSG00000028246",3,1,2,5,8,4,8,7
"ENSMUSG00000028247",11,4,19,21,11,14,25,44
"ENSMUSG00000028248",53,47,156,120,213,153,138,268
"ENSMUSG00000028249",6,6,33,38,23,16,21,47
"ENSMUSG00000028251",3,2,8,12,12,2,4,13
"ENSMUSG00000028252",4,3,15,17,18,12,15,28
"ENSMUSG00000028256",2,5,6,9,11,4,4,10
"ENSMUSG00000028261",7,4,17,26,14,7,12,34
"ENSMUSG00000028266",45,16,48,79,53,50,89,114
"ENSMUSG00000028268",0,4,0,11,0,4,0,16
"ENSMUSG00000028270",0,8,0,50,2,8,1,25
"ENSMUSG00000028271",6,2,4,8,6,8,12,14
"ENSMUSG00000028273",20,7,64,36,45,18,20,50
"ENSMUSG00000028274",9,11,31,23,21,20,16,30
"ENSMUSG00000028277",3,2,8,16,9,9,10,10
"ENSMUSG00000028278",1,2,8,6,10,4,9,6
"ENSMUSG00000028282",2,1,7,7,6,5,3,7
"ENSMUSG00000028284",4,1,5,6,9,3,7,8
"ENSMUSG00000028289",9,3,15,14,16,7,20,26
"ENSMUSG00000028291",6,6,18,18,14,8,22,22
"ENSMUSG00000028292",8,6,15,33,19,20,28,42
"ENSMUSG00000028293",11,4,9,26,22,14,15,12
"ENSMUSG00000028294",7,3,1,13,0,13,1,19
"ENSMUSG00000028295",5,3,13,23,9,9,6,32
"ENSMUSG00000028300",1,2,12,8,8,6,4,8
"ENSMUSG00000028309",4,3,8,5,10,7,6,9
"ENSMUSG00000028312",2,3,8,6,1,0,8,6
"ENSMUSG00000028322",3,2,5,7,7,3,9,15
"ENSMUSG00000028328",2,2,11,8,7,2,19,8
"ENSMUSG00000028329",7,2,14,17,11,8,12,17
"ENSMUSG00000028330",2,4,8,10,11,11,8,14
"ENSMUSG00000028333",1,4,9,19,14,8,15,18
"ENSMUSG00000028337",2,0,6,0,2,3,6,4
"ENSMUSG00000028341",0,0,4,2,0,0,7,0
"ENSMUSG00000028343",7,3,20,18,22,17,15,19
"ENSMUSG00000028344",8,7,16,19,27,8,10,25
"ENSMUSG00000028345",3,2,10,4,3,4,2,6
"ENSMUSG00000028347",7,4,23,14,41,7,25,24
"ENSMUSG00000028348",2,0,0,0,0,1,6,5
"ENSMUSG00000028351",10,11,16,18,28,37,81,40
"ENSMUSG00000028354",48,27,125,99,127,35,72,101
"ENSMUSG00000028358",0,0,1,2,0,0,3,0
"ENSMUSG00000028360",2,0,5,7,1,6,5,9
"ENSMUSG00000028364",2,1,22,3,8,5,9,5
"ENSMUSG00000028367",10,6,30,66,26,14,19,31
"ENSMUSG00000028370",1,12,4,33,5,11,2,24
"ENSMUSG00000028373",39,30,124,117,96,84,106,172
"ENSMUSG00000028381",4,4,13,12,11,12,14,17
"ENSMUSG00000028382",0,3,6,15,6,7,4,14
"ENSMUSG00000028383",9,1,6,9,7,9,11,16
"ENSMUSG00000028385",3,1,13,11,5,9,12,9
"ENSMUSG00000028389",5,1,5,9,10,10,10,9
"ENSMUSG00000028393",3,0,4,5,7,7,7,10
"ENSMUSG00000028394",2,1,7,11,8,4,5,10
"ENSMUSG00000028397",10,9,31,44,29,19,31,35
"ENSMUSG00000028398",3,2,11,11,6,6,11,15
"ENSMUSG00000028399",163,168,195,83,395,415,616,485
"ENSMUSG00000028402",6,5,13,18,14,14,8,12
"ENSMUSG00000028403",7,5,23,12,31,19,19,32
"ENSMUSG00000028405",4,6,2,2,8,3,7,12
"ENSMUSG00000028409",3,3,11,18,11,8,13,10
"ENSMUSG00000028410",12,7,36,54,35,21,26,36
"ENSMUSG00000028411",2,1,5,10,5,2,7,10
"ENSMUSG00000028412",10,1,19,20,19,19,46,24
"ENSMUSG00000028413",0,1,5,9,4,7,4,6
"ENSMUSG00000028414",6,7,20,13,14,12,25,23
"ENSMUSG00000028416",14,6,33,54,32,14,30,55
"ENSMUSG00000028419",9,8,41,50,19,11,27,38
"ENSMUSG00000028420",1,2,4,5,3,2,5,8
"ENSMUSG00000028423",10,6,23,15,21,16,15,46
"ENSMUSG00000028426",7,5,24,25,25,8,23,29
"ENSMUSG00000028431",3,4,8,15,7,10,9,20
"ENSMUSG00000028433",2,1,21,10,18,12,20,23
"ENSMUSG00000028434",2,2,2,4,5,6,10,3
"ENSMUSG00000028436",2,5,23,20,22,20,10,31
"ENSMUSG00000028437",4,4,18,28,9,19,6,37
"ENSMUSG00000028438",2,5,12,22,7,12,8,24
"ENSMUSG00000028439",4,9,27,30,28,17,19,27
"ENSMUSG00000028441",3,0,8,8,4,2,3,4
"ENSMUSG00000028443",1,0,5,13,3,7,8,17
"ENSMUSG00000028444",18,17,76,109,79,90,55,96
"ENSMUSG00000028445",11,6,31,20,33,11,25,30
"ENSMUSG00000028447",16,6,46,87,40,23,50,64
"ENSMUSG00000028452",4,3,14,20,20,13,10,21
"ENSMUSG00000028453",0,1,1,2,4,2,4,3
"ENSMUSG00000028454",2,1,4,9,5,5,1,6
"ENSMUSG00000028455",4,4,16,22,14,5,18,13
"ENSMUSG00000028456",6,6,15,4,14,11,14,15
"ENSMUSG00000028461",8,6,22,26,17,11,14,38
"ENSMUSG00000028465",5,4,18,17,17,6,6,10
"ENSMUSG00000028466",3,2,1,13,5,9,6,9
"ENSMUSG00000028467",3,4,5,8,15,8,8,11
"ENSMUSG00000028468",4,0,9,8,5,2,8,12
"ENSMUSG00000028476",7,5,14,10,7,6,17,22
"ENSMUSG00000028478",19,15,70,99,49,42,93,144
"ENSMUSG00000028483",5,10,32,26,22,14,22,49
"ENSMUSG00000028484",18,15,66,54,56,47,53,91
"ENSMUSG00000028487",3,0,1,7,1,1,6,3
"ENSMUSG00000028488",26,7,35,44,23,22,66,50
"ENSMUSG00000028495",20,15,88,98,52,42,43,115
"ENSMUSG00000028496",16,13,36,22,30,20,27,32
"ENSMUSG00000028497",6,0,1,5,1,3,2,5
"ENSMUSG00000028514",7,17,16,36,22,23,14,53
"ENSMUSG00000028517",133,82,516,430,498,226,297,537
"ENSMUSG00000028518",3,1,14,7,10,5,16,14
"ENSMUSG00000028519",45,38,140,60,146,94,158,124
"ENSMUSG00000028521",10,1,30,11,14,2,8,8
"ENSMUSG00000028522",4,6,17,19,14,12,16,33
"ENSMUSG00000028524",57,23,153,84,165,89,148,127
"ENSMUSG00000028525",45,39,109,219,93,202,152,322
"ENSMUSG00000028527",5,4,15,6,13,3,15,6
"ENSMUSG00000028528",9,7,25,37,22,29,37,34
"ENSMUSG00000028530",9,10,33,45,26,29,28,59
"ENSMUSG00000028532",8,7,34,22,29,12,25,21
"ENSMUSG00000028538",11,5,16,9,21,12,26,30
"ENSMUSG00000028541",4,1,8,4,3,0,1,5
"ENSMUSG00000028542",0,1,16,5,9,11,17,3
"ENSMUSG00000028546",4,4,20,12,13,9,32,25
"ENSMUSG00000028549",9,12,25,26,23,13,24,39
"ENSMUSG00000028550",6,2,14,9,7,8,10,13
"ENSMUSG00000028552",19,11,64,32,55,23,66,48
"ENSMUSG00000028556",7,6,21,19,16,18,26,38
"ENSMUSG00000028557",9,5,40,30,27,18,29,50
"ENSMUSG00000028559",39,29,96,83,102,69,76,130
"ENSMUSG00000028560",1,3,7,4,5,7,9,11
"ENSMUSG00000028563",23,15,71,75,34,39,25,63
"ENSMUSG00000028565",104,80,319,237,292,129,162,249
"ENSMUSG00000028567",8,4,13,23,24,10,11,33
"ENSMUSG00000028568",1,1,5,7,10,3,11,15
"ENSMUSG00000028572",2,2,6,2,8,8,16,11
"ENSMUSG00000028573",9,9,23,8,30,5,20,31
"ENSMUSG00000028576",6,4,14,23,15,11,17,19
"ENSMUSG00000028577",5,14,25,28,17,21,24,42
"ENSMUSG00000028578",5,4,11,15,14,9,10,17
"ENSMUSG00000028580",19,9,47,51,52,38,40,73
"ENSMUSG00000028581",0,1,3,2,0,0,3,1
"ENSMUSG00000028582",0,1,5,3,3,2,5,6
"ENSMUSG00000028583",5,14,24,85,27,47,10,73
"ENSMUSG00000028587",3,2,9,2,9,2,2,9
"ENSMUSG00000028597",2,4,4,6,3,4,4,13
"ENSMUSG00000028601",1,4,15,6,13,13,3,14
"ENSMUSG00000028603",2,2,6,11,4,2,3,22
"ENSMUSG00000028608",3,5,5,8,15,4,11,20
"ENSMUSG00000028609",1,1,11,17,8,3,5,13
"ENSMUSG00000028613",6,4,10,20,20,24,13,39
"ENSMUSG00000028614",2,2,3,6,2,4,8,4
"ENSMUSG00000028617",3,1,4,3,5,2,7,8
"ENSMUSG00000028618",47,33,134,184,109,92,101,136
"ENSMUSG00000028619",0,1,4,3,9,2,2,8
"ENSMUSG00000028629",4,3,1,1,4,6,4,9
"ENSMUSG00000028633",2,3,4,27,6,4,8,10
"ENSMUSG00000028634",41,61,116,205,110,98,86,298
"ENSMUSG00000028637",4,3,1,16,3,6,14,6
"ENSMUSG00000028639",11,5,25,34,14,12,27,42
"ENSMUSG00000028641",2,0,3,3,10,4,3,7
"ENSMUSG00000028643",3,2,7,9,9,3,8,18
"ENSMUSG00000028645",20,9,32,38,21,29,11,45
"ENSMUSG00000028646",2,1,4,8,11,3,7,7
"ENSMUSG00000028647",8,3,8,5,8,2,20,13
"ENSMUSG00000028648",7,3,30,36,18,18,24,34
"ENSMUSG00000028649",139,90,460,245,426,161,258,408
"ENSMUSG00000028653",4,0,3,4,2,6,3,6
"ENSMUSG00000028655",27,25,46,102,32,100,20,116
"ENSMUSG00000028656",4,9,19,30,25,14,22,24
"ENSMUSG00000028657",14,14,39,52,35,34,40,49
"ENSMUSG00000028664",1,1,3,3,7,5,11,1
"ENSMUSG00000028669",11,2,11,20,23,12,15,20
"ENSMUSG00000028670",5,3,17,27,13,24,9,47
"ENSMUSG00000028671",4,1,6,6,4,9,4,14
"ENSMUSG00000028672",6,4,17,11,13,9,18,48
"ENSMUSG00000028673",9,7,24,27,26,23,11,43
"ENSMUSG00000028675",2,1,12,21,11,12,8,14
"ENSMUSG00000028676",4,8,19,22,19,24,16,30
"ENSMUSG00000028677",6,3,27,10,25,8,41,36
"ENSMUSG00000028683",3,6,10,10,17,12,12,21
"ENSMUSG00000028684",3,0,2,6,8,4,8,6
"ENSMUSG00000028691",26,14,81,119,70,30,64,86
"ENSMUSG00000028692",9,7,39,36,45,21,43,53
"ENSMUSG00000028693",4,6,19,12,14,12,15,21
"ENSMUSG00000028696",2,2,5,8,5,7,12,9
"ENSMUSG00000028698",6,2,28,15,16,14,28,23
"ENSMUSG00000028700",5,2,16,21,23,11,22,15
"ENSMUSG00000028701",13,8,11,13,26,7,17,32
"ENSMUSG00000028703",4,3,5,15,8,7,7,3
"ENSMUSG00000028708",5,7,8,11,9,15,9,13
"ENSMUSG00000028710",3,3,15,12,22,11,17,32
"ENSMUSG00000028719",10,4,30,47,32,17,15,45
"ENSMUSG00000028729",4,2,7,15,7,10,5,20
"ENSMUSG00000028741",2,2,13,13,5,7,14,15
"ENSMUSG00000028743",3,2,7,16,8,9,13,13
"ENSMUSG00000028744",1,1,5,4,5,3,6,2
"ENSMUSG00000028745",10,8,29,53,23,33,40,44
"ENSMUSG00000028756",3,4,24,32,19,15,25,24
"ENSMUSG00000028757",7,10,17,38,21,13,23,25
"ENSMUSG00000028758",2,1,4,7,5,8,6,10
"ENSMUSG00000028759",6,4,15,12,18,7,17,20
"ENSMUSG00000028760",27,14,84,58,87,46,77,111
"ENSMUSG00000028771",11,18,52,71,37,47,36,112
"ENSMUSG00000028772",13,9,27,53,20,14,35,54
"ENSMUSG00000028773",1,1,18,27,7,7,9,16
"ENSMUSG00000028776",0,1,0,0,0,1,2,0
"ENSMUSG00000028779",4,4,3,8,9,4,14,9
"ENSMUSG00000028780",2,6,3,6,3,0,3,6
"ENSMUSG00000028782",7,7,37,42,17,12,18,24
"ENSMUSG00000028785",14,6,45,84,58,34,59,93
"ENSMUSG00000028788",13,9,31,28,22,10,28,33
"ENSMUSG00000028789",4,3,7,12,5,6,5,14
"ENSMUSG00000028790",14,10,29,29,26,17,24,55
"ENSMUSG00000028792",6,6,11,24,23,10,8,37
"ENSMUSG00000028793",0,1,0,16,1,6,8,16
"ENSMUSG00000028795",7,4,10,15,15,2,11,23
"ENSMUSG00000028796",7,8,20,24,29,13,26,27
"ENSMUSG00000028797",23,14,67,69,56,33,40,96
"ENSMUSG00000028798",4,5,17,15,8,2,14,18
"ENSMUSG00000028800",8,2,27,16,16,14,20,28
"ENSMUSG00000028803",0,0,5,11,1,2,14,10
"ENSMUSG00000028804",7,7,15,24,30,24,41,44
"ENSMUSG00000028809",15,23,53,29,42,30,33,58
"ENSMUSG00000028811",8,9,31,36,22,22,33,67
"ENSMUSG00000028820",5,5,30,24,26,15,36,50
"ENSMUSG00000028821",6,6,12,34,16,6,20,20
"ENSMUSG00000028822",16,17,54,69,60,26,54,55
"ENSMUSG00000028826",9,7,15,18,25,12,29,28
"ENSMUSG00000028830",13,8,33,27,35,16,25,35
"ENSMUSG00000028832",63,28,164,218,145,73,167,224
"ENSMUSG00000028833",19,15,74,107,67,35,64,90
"ENSMUSG00000028837",7,8,27,62,30,29,30,55
"ENSMUSG00000028838",1,0,8,7,4,5,4,14
"ENSMUSG00000028842",18,20,62,55,57,52,48,95
"ENSMUSG00000028843",32,18,114,126,83,38,68,160
"ENSMUSG00000028847",9,2,13,33,16,13,20,21
"ENSMUSG00000028849",3,3,26,47,15,18,26,50
"ENSMUSG00000028850",2,2,3,3,6,2,5,7
"ENSMUSG00000028851",7,4,16,20,14,3,17,19
"ENSMUSG00000028854",6,6,19,18,10,10,8,18
"ENSMUSG00000028857",5,5,31,43,28,14,30,39
"ENSMUSG00000028861",9,5,15,28,12,12,19,32
"ENSMUSG00000028863",7,5,22,23,16,15,24,41
"ENSMUSG00000028864",4,22,10,35,10,25,5,78
"ENSMUSG00000028868",15,18,21,43,21,37,15,53
"ENSMUSG00000028869",1,4,10,14,8,15,12,32
"ENSMUSG00000028871",1,0,1,2,4,5,4,8
"ENSMUSG00000028876",2,1,1,3,9,5,13,13
"ENSMUSG00000028878",6,6,22,21,27,18,24,26
"ENSMUSG00000028879",15,14,36,49,46,21,30,64
"ENSMUSG00000028882",9,1,6,5,5,5,5,5
"ENSMUSG00000028883",4,2,3,5,5,3,4,10
"ENSMUSG00000028886",5,8,12,13,18,6,9,33
"ENSMUSG00000028889",6,2,15,7,11,6,9,15
"ENSMUSG00000028890",6,7,17,12,15,5,7,16
"ENSMUSG00000028894",6,3,11,4,11,6,12,24
"ENSMUSG00000028896",6,3,24,24,22,14,17,36
"ENSMUSG00000028898",4,1,11,28,13,7,13,26
"ENSMUSG00000028899",2,1,15,7,15,5,5,15
"ENSMUSG00000028901",9,7,17,16,12,13,15,29
"ENSMUSG00000028902",3,4,13,14,18,10,9,15
"ENSMUSG00000028906",2,5,18,12,9,10,34,16
"ENSMUSG00000028907",7,6,15,17,13,10,11,23
"ENSMUSG00000028909",0,0,3,3,4,1,4,2
"ENSMUSG00000028910",5,5,17,14,13,7,12,33
"ENSMUSG00000028911",5,4,12,23,14,9,16,16
"ENSMUSG00000028917",16,14,38,47,40,52,22,101
"ENSMUSG00000028920",6,6,34,26,32,27,25,41
"ENSMUSG00000028926",14,20,63,69,53,53,56,99
"ENSMUSG00000028927",4,1,46,8,39,5,28,4
"ENSMUSG00000028931",2,2,12,13,12,10,15,16
"ENSMUSG00000028932",6,6,10,10,8,6,17,20
"ENSMUSG00000028936",9,8,35,73,19,16,25,51
"ENSMUSG00000028937",18,9,22,32,32,19,45,44
"ENSMUSG00000028944",5,10,20,34,21,28,20,44
"ENSMUSG00000028945",23,11,104,120,86,50,73,98
"ENSMUSG00000028948",3,2,12,7,6,4,1,14
"ENSMUSG00000028949",6,1,23,12,19,9,16,23
"ENSMUSG00000028953",3,1,6,10,14,8,8,9
"ENSMUSG00000028954",6,1,7,17,9,5,13,20
"ENSMUSG00000028958",1,1,3,15,12,9,8,12
"ENSMUSG00000028959",3,3,15,20,9,7,12,27
"ENSMUSG00000028960",6,13,33,37,28,28,31,57
"ENSMUSG00000028962",1,2,6,5,9,9,5,8
"ENSMUSG00000028964",16,6,35,79,28,20,51,59
"ENSMUSG00000028965",0,2,1,2,2,0,2,8
"ENSMUSG00000028967",4,4,7,17,2,10,3,22
"ENSMUSG00000028969",9,5,16,33,14,12,14,40
"ENSMUSG00000028970",2,6,8,32,10,29,4,67
"ENSMUSG00000028971",1,0,5,3,6,0,1,3
"ENSMUSG00000028973",7,7,22,18,23,10,9,13
"ENSMUSG00000028974",0,3,13,8,9,13,5,13
"ENSMUSG00000028975",10,2,31,23,23,20,18,45
"ENSMUSG00000028977",2,0,2,3,0,1,2,3
"ENSMUSG00000028982",8,12,21,21,15,24,19,33
"ENSMUSG00000028986",12,4,23,23,31,18,23,46
"ENSMUSG00000028988",13,6,39,32,32,16,21,32
"ENSMUSG00000028990",5,3,13,9,13,6,10,11
"ENSMUSG00000028991",6,7,21,28,13,12,23,38
"ENSMUSG00000028995",1,4,12,16,13,2,10,10
"ENSMUSG00000028998",15,6,28,88,34,25,40,51
"ENSMUSG00000028999",9,7,10,12,17,10,15,21
"ENSMUSG00000029001",5,6,12,12,28,7,17,16
"ENSMUSG00000029003",4,3,5,9,14,6,9,18
"ENSMUSG00000029004",18,17,53,53,51,27,46,63
"ENSMUSG00000029009",0,2,0,0,2,0,1,3
"ENSMUSG00000029012",22,14,108,171,55,38,61,118
"ENSMUSG00000029014",6,2,10,9,7,9,11,20
"ENSMUSG00000029016",6,6,18,14,18,11,12,21
"ENSMUSG00000029017",2,1,6,3,2,1,4,1
"ENSMUSG00000029020",2,4,10,13,5,8,10,8
"ENSMUSG00000029022",3,2,11,9,5,11,4,18
"ENSMUSG00000029027",2,6,1,0,8,4,11,9
"ENSMUSG00000029029",4,0,9,6,11,4,16,9
"ENSMUSG00000029030",14,9,24,40,28,13,45,43
"ENSMUSG00000029033",3,0,7,18,13,4,6,12
"ENSMUSG00000029034",1,1,7,5,9,2,6,11
"ENSMUSG00000029036",2,7,10,16,14,6,13,6
"ENSMUSG00000029038",18,9,34,51,36,14,45,65
"ENSMUSG00000029048",18,7,32,30,30,13,23,36
"ENSMUSG00000029049",7,7,10,14,15,19,13,32
"ENSMUSG00000029050",10,10,24,33,19,25,27,41
"ENSMUSG00000029053",23,8,33,42,32,20,48,74
"ENSMUSG00000029054",3,2,3,7,5,4,30,8
"ENSMUSG00000029055",2,5,4,3,6,2,6,3
"ENSMUSG00000029056",3,2,5,5,3,2,4,3
"ENSMUSG00000029059",10,4,10,19,13,7,7,29
"ENSMUSG00000029060",5,0,17,16,17,7,15,16
"ENSMUSG00000029062",9,4,19,26,27,26,23,69
"ENSMUSG00000029063",13,5,27,18,19,14,10,35
"ENSMUSG00000029064",29,21,90,106,65,48,45,87
"ENSMUSG00000029066",19,9,47,80,39,20,50,64
"ENSMUSG00000029068",21,28,80,71,106,96,70,214
"ENSMUSG00000029071",1,2,5,5,6,3,7,7
"ENSMUSG00000029076",12,13,43,69,27,23,37,57
"ENSMUSG00000029084",4,0,9,2,9,3,3,6
"ENSMUSG00000029086",8,5,37,8,6,6,8,17
"ENSMUSG00000029088",187,160,149,151,368,378,951,292
"ENSMUSG00000029089",4,2,8,7,4,4,2,7
"ENSMUSG00000029092",0,1,2,3,2,2,1,2
"ENSMUSG00000029093",10,18,59,49,48,36,24,57
"ENSMUSG00000029094",2,1,6,1,5,1,3,5
"ENSMUSG00000029095",8,5,16,17,22,13,22,32
"ENSMUSG00000029098",3,2,2,10,4,13,7,7
"ENSMUSG00000029101",3,2,10,8,6,9,10,14
"ENSMUSG00000029103",16,18,40,59,41,32,54,57
"ENSMUSG00000029104",8,13,11,33,23,26,21,49
"ENSMUSG00000029106",23,10,47,34,36,26,32,48
"ENSMUSG00000029108",85,79,272,213,262,200,223,330
"ENSMUSG00000029110",3,2,10,13,15,16,14,36
"ENSMUSG00000029120",8,10,34,32,28,29,42,42
"ENSMUSG00000029121",3,1,10,16,7,9,18,22
"ENSMUSG00000029125",6,6,12,16,16,7,10,23
"ENSMUSG00000029126",25,18,57,72,47,31,85,80
"ENSMUSG00000029128",9,10,42,43,34,29,29,75
"ENSMUSG00000029130",3,3,3,10,7,1,1,3
"ENSMUSG00000029131",15,15,44,69,47,20,61,82
"ENSMUSG00000029135",2,2,1,4,0,2,5,1
"ENSMUSG00000029136",10,6,20,16,28,15,19,34
"ENSMUSG00000029141",1,1,18,15,14,6,11,21
"ENSMUSG00000029145",14,7,13,23,22,14,16,37
"ENSMUSG00000029146",2,2,12,17,13,11,10,26
"ENSMUSG00000029147",3,3,18,18,20,9,11,28
"ENSMUSG00000029148",1,3,8,14,4,8,12,20
"ENSMUSG00000029151",4,7,7,12,14,18,14,19
"ENSMUSG00000029152",15,13,48,76,44,29,65,90
"ENSMUSG00000029153",9,10,26,42,18,13,19,37
"ENSMUSG00000029154",1,0,3,1,2,2,2,1
"ENSMUSG00000029156",7,9,16,17,16,17,5,26
"ENSMUSG00000029161",4,0,3,3,5,3,7,5
"ENSMUSG00000029165",2,2,7,6,2,3,6,10
"ENSMUSG00000029166",10,7,27,23,38,20,41,40
"ENSMUSG00000029167",15,4,57,16,35,12,17,20
"ENSMUSG00000029168",1,1,0,0,2,2,4,3
"ENSMUSG00000029169",4,5,8,11,2,7,9,12
"ENSMUSG00000029174",11,6,11,5,5,9,14,15
"ENSMUSG00000029175",4,1,12,13,15,11,13,21
"ENSMUSG00000029176",3,6,5,13,9,8,7,19
"ENSMUSG00000029177",0,1,2,3,3,0,4,7
"ENSMUSG00000029178",3,1,12,7,13,2,11,6
"ENSMUSG00000029179",3,7,6,5,8,6,7,12
"ENSMUSG00000029189",1,1,5,5,6,1,18,13
"ENSMUSG00000029190",4,15,27,27,9,13,20,34
"ENSMUSG00000029191",10,4,10,10,8,6,7,21
"ENSMUSG00000029192",3,3,11,5,12,7,10,22
"ENSMUSG00000029198",6,2,12,25,12,9,19,28
"ENSMUSG00000029199",8,3,18,18,24,19,18,23
"ENSMUSG00000029201",0,0,7,13,5,13,5,17
"ENSMUSG00000029202",11,17,39,40,40,22,35,49
"ENSMUSG00000029203",19,29,84,85,71,53,68,95
"ENSMUSG00000029206",3,3,6,6,3,2,10,3
"ENSMUSG00000029207",15,11,29,26,40,25,27,35
"ENSMUSG00000029208",6,3,23,15,25,45,35,39
"ENSMUSG00000029209",0,0,4,5,4,5,3,9
"ENSMUSG00000029211",11,8,31,18,41,13,37,22
"ENSMUSG00000029212",172,116,766,381,491,273,354,532
"ENSMUSG00000029213",4,1,13,15,13,7,12,21
"ENSMUSG00000029221",11,8,31,29,20,18,27,45
"ENSMUSG00000029223",33,14,79,100,68,43,102,111
"ENSMUSG00000029227",4,3,15,19,14,9,17,24
"ENSMUSG00000029228",4,2,4,16,3,8,4,22
"ENSMUSG00000029229",6,5,28,29,19,12,18,20
"ENSMUSG00000029231",0,2,1,5,7,6,0,1
"ENSMUSG00000029233",0,1,6,7,5,5,12,13
"ENSMUSG00000029234",4,8,14,25,25,22,21,30
"ENSMUSG00000029238",5,6,15,24,27,19,23,32
"ENSMUSG00000029245",13,6,40,41,31,17,49,26
"ENSMUSG00000029247",1,1,7,12,8,3,13,11
"ENSMUSG00000029250",1,1,3,4,5,8,5,1
"ENSMUSG00000029253",10,10,21,35,18,21,17,33
"ENSMUSG00000029263",1,1,2,4,2,5,4,5
"ENSMUSG00000029265",2,2,3,10,9,2,6,8
"ENSMUSG00000029267",13,6,26,18,21,14,26,34
"ENSMUSG00000029270",6,2,9,4,15,8,14,8
"ENSMUSG00000029276",8,7,18,8,17,24,7,25
"ENSMUSG00000029279",1,7,10,9,16,7,12,18
"ENSMUSG00000029283",1,1,4,3,1,1,2,3
"ENSMUSG00000029287",2,2,6,6,5,3,9,4
"ENSMUSG00000029290",1,3,7,6,8,2,12,16
"ENSMUSG00000029291",17,9,43,45,28,24,42,31
"ENSMUSG00000029304",0,2,0,1,0,4,0,7
"ENSMUSG00000029309",190,91,700,422,608,188,467,404
"ENSMUSG00000029310",6,10,17,19,26,12,8,29
"ENSMUSG00000029312",0,3,9,4,4,4,6,7
"ENSMUSG00000029313",27,54,65,191,38,135,11,271
"ENSMUSG00000029319",9,10,18,27,21,39,31,62
"ENSMUSG00000029326",2,0,8,7,8,5,6,6
"ENSMUSG00000029328",16,7,50,42,72,49,43,105
"ENSMUSG00000029330",2,3,9,10,7,7,16,9
"ENSMUSG00000029333",1,0,4,5,3,5,5,3
"ENSMUSG00000029334",4,0,3,0,2,0,5,2
"ENSMUSG00000029335",0,0,3,2,0,0,4,1
"ENSMUSG00000029337",0,0,1,2,1,2,1,0
"ENSMUSG00000029344",11,3,13,22,15,14,4,26
"ENSMUSG00000029346",2,1,4,6,4,4,6,7
"ENSMUSG00000029348",5,1,18,9,13,5,11,21
"ENSMUSG00000029359",5,4,16,32,8,8,13,29
"ENSMUSG00000029361",1,1,2,2,4,0,3,2
"ENSMUSG00000029364",6,5,20,23,15,5,19,26
"ENSMUSG00000029376",5,3,13,7,10,9,7,18
"ENSMUSG00000029380",0,9,0,79,1,39,0,42
"ENSMUSG00000029381",1,2,11,14,20,3,10,9
"ENSMUSG00000029385",5,1,11,6,7,2,6,6
"ENSMUSG00000029388",5,3,8,14,10,7,13,20
"ENSMUSG00000029389",4,5,13,11,10,7,7,19
"ENSMUSG00000029390",15,15,74,89,57,50,46,102
"ENSMUSG00000029392",2,2,19,15,13,10,14,25
"ENSMUSG00000029394",3,1,12,13,5,5,6,6
"ENSMUSG00000029397",15,8,64,52,35,31,31,71
"ENSMUSG00000029401",1,1,5,16,2,5,8,19
"ENSMUSG00000029403",2,2,4,5,4,5,6,8
"ENSMUSG00000029404",8,2,15,13,15,2,14,13
"ENSMUSG00000029405",7,8,18,40,19,20,36,47
"ENSMUSG00000029406",13,6,53,43,29,20,15,39
"ENSMUSG00000029407",2,9,14,16,24,15,17,34
"ENSMUSG00000029408",11,9,21,8,17,9,19,5
"ENSMUSG00000029413",3,8,43,28,17,17,13,20
"ENSMUSG00000029415",1,0,2,9,6,3,4,13
"ENSMUSG00000029416",2,0,6,1,1,2,8,6
"ENSMUSG00000029417",0,0,0,3,0,0,0,0
"ENSMUSG00000029419",2,0,3,1,1,4,6,7
"ENSMUSG00000029420",8,3,14,12,13,16,27,11
"ENSMUSG00000029422",21,22,62,93,55,49,57,144
"ENSMUSG00000029426",8,4,30,41,32,16,23,22
"ENSMUSG00000029427",2,3,6,5,13,7,8,10
"ENSMUSG00000029428",0,1,2,2,3,3,0,6
"ENSMUSG00000029430",11,6,24,40,29,17,26,43
"ENSMUSG00000029432",9,6,26,29,33,26,40,61
"ENSMUSG00000029433",6,5,14,17,27,16,9,35
"ENSMUSG00000029434",7,4,10,16,9,10,16,8
"ENSMUSG00000029436",3,3,5,14,8,11,14,13
"ENSMUSG00000029438",5,5,9,11,1,5,11,11
"ENSMUSG00000029439",11,21,29,42,40,32,37,96
"ENSMUSG00000029440",6,3,29,22,17,27,20,50
"ENSMUSG00000029442",0,0,0,3,1,5,5,0
"ENSMUSG00000029446",4,3,12,7,16,11,7,14
"ENSMUSG00000029452",4,1,9,8,7,8,8,11
"ENSMUSG00000029455",11,5,24,25,21,17,29,30
"ENSMUSG00000029456",4,1,16,8,9,13,17,17
"ENSMUSG00000029458",3,4,10,10,16,6,16,22
"ENSMUSG00000029461",40,16,68,60,69,35,63,104
"ENSMUSG00000029462",15,11,46,47,30,19,42,56
"ENSMUSG00000029463",7,5,18,21,14,6,17,19
"ENSMUSG00000029464",2,0,7,4,2,5,10,3
"ENSMUSG00000029465",17,4,42,62,42,25,50,60
"ENSMUSG00000029466",3,2,5,10,4,2,6,10
"ENSMUSG00000029467",27,37,134,130,98,64,106,134
"ENSMUSG00000029468",1,0,12,9,8,6,7,20
"ENSMUSG00000029469",9,2,12,9,13,21,20,27
"ENSMUSG00000029470",2,4,13,16,11,10,13,25
"ENSMUSG00000029471",11,17,29,74,37,33,46,97
"ENSMUSG00000029472",5,4,19,29,33,21,23,40
"ENSMUSG00000029474",7,11,25,38,20,10,25,37
"ENSMUSG00000029475",7,10,22,19,13,8,23,30
"ENSMUSG00000029477",1,0,3,9,1,5,2,11
"ENSMUSG00000029478",6,10,16,28,17,16,12,27
"ENSMUSG00000029482",4,6,10,25,4,24,11,44
"ENSMUSG00000029484",0,0,3,2,0,0,0,1
"ENSMUSG00000029486",5,2,13,5,7,9,4,7
"ENSMUSG00000029499",16,7,31,27,37,40,13,45
"ENSMUSG00000029500",8,5,20,27,19,14,8,37
"ENSMUSG00000029501",6,3,10,10,7,7,3,16
"ENSMUSG00000029502",7,9,19,24,16,16,6,43
"ENSMUSG00000029505",18,6,32,31,23,20,24,35
"ENSMUSG00000029507",1,1,1,4,1,2,4,7
"ENSMUSG00000029512",3,4,6,11,2,4,5,9
"ENSMUSG00000029516",17,5,32,24,41,20,54,27
"ENSMUSG00000029518",2,5,7,9,7,2,7,15
"ENSMUSG00000029524",5,2,5,3,3,0,7,10
"ENSMUSG00000029528",3,1,11,10,10,6,7,9
"ENSMUSG00000029530",2,2,4,4,2,4,0,9
"ENSMUSG00000029534",7,6,21,18,10,10,15,26
"ENSMUSG00000029535",5,1,11,11,15,3,8,13
"ENSMUSG00000029538",3,3,7,3,5,5,6,4
"ENSMUSG00000029544",6,2,9,11,8,9,18,23
"ENSMUSG00000029547",2,2,6,5,2,4,2,7
"ENSMUSG00000029550",11,11,37,36,25,14,17,32
"ENSMUSG00000029554",6,4,23,24,28,16,24,37
"ENSMUSG00000029559",18,8,23,43,36,14,47,51
"ENSMUSG00000029560",3,0,6,6,6,4,9,1
"ENSMUSG00000029561",0,16,1,82,0,13,3,51
"ENSMUSG00000029563",2,1,15,14,6,2,12,8
"ENSMUSG00000029569",2,1,3,12,7,9,7,8
"ENSMUSG00000029570",30,25,68,85,61,68,46,132
"ENSMUSG00000029571",6,5,37,21,17,9,19,22
"ENSMUSG00000029575",5,2,8,10,15,9,9,14
"ENSMUSG00000029576",1,1,5,4,5,4,13,6
"ENSMUSG00000029577",1,6,11,9,1,1,5,13
"ENSMUSG00000029578",3,6,14,15,8,14,21,20
"ENSMUSG00000029580",46,60,307,347,295,144,324,363
"ENSMUSG00000029581",4,6,16,20,28,12,23,29
"ENSMUSG00000029587",2,0,4,3,3,1,7,10
"ENSMUSG00000029592",4,2,8,1,8,7,3,7
"ENSMUSG00000029598",9,10,23,15,14,8,19,19
"ENSMUSG00000029599",1,1,5,3,4,2,5,15
"ENSMUSG00000029600",0,1,7,12,10,3,4,10
"ENSMUSG00000029602",2,2,3,6,5,3,12,3
"ENSMUSG00000029603",4,4,12,12,11,7,14,13
"ENSMUSG00000029607",5,3,23,19,6,18,6,20
"ENSMUSG00000029608",9,3,13,14,16,6,32,19
"ENSMUSG00000029610",1,2,2,9,5,3,8,8
"ENSMUSG00000029613",4,3,7,5,7,14,9,12
"ENSMUSG00000029614",10,9,38,72,20,24,38,84
"ENSMUSG00000029616",10,9,33,69,37,15,38,49
"ENSMUSG00000029617",7,5,11,24,20,22,20,38
"ENSMUSG00000029621",31,17,55,81,41,43,41,99
"ENSMUSG00000029622",4,3,13,30,10,14,15,29
"ENSMUSG00000029623",14,6,29,49,16,12,24,33
"ENSMUSG00000029624",1,2,3,0,2,0,1,3
"ENSMUSG00000029625",1,0,0,4,5,1,3,5
"ENSMUSG00000029629",21,9,47,33,25,17,42,42
"ENSMUSG00000029632",40,22,120,269,107,65,89,168
"ENSMUSG00000029634",9,2,22,19,13,14,16,35
"ENSMUSG00000029635",15,11,38,27,33,31,16,54
"ENSMUSG00000029636",26,10,69,40,35,29,33,57
"ENSMUSG00000029640",2,1,10,8,5,9,13,10
"ENSMUSG00000029642",13,7,40,47,26,15,33,65
"ENSMUSG00000029647",26,23,61,50,41,39,50,61
"ENSMUSG00000029648",0,1,4,5,1,0,9,2
"ENSMUSG00000029649",14,11,64,78,59,37,51,107
"ENSMUSG00000029651",6,4,10,14,11,9,25,13
"ENSMUSG00000029655",27,24,60,58,49,58,61,87
"ENSMUSG00000029657",8,4,23,31,29,11,42,26
"ENSMUSG00000029659",0,0,1,3,3,0,4,4
"ENSMUSG00000029661",6,0,3,4,2,1,3,4
"ENSMUSG00000029669",4,11,28,42,19,23,11,25
"ENSMUSG00000029670",3,3,5,8,5,5,9,16
"ENSMUSG00000029672",11,6,25,28,15,6,23,25
"ENSMUSG00000029673",179,184,383,490,346,363,248,628
"ENSMUSG00000029674",3,2,6,6,4,4,3,11
"ENSMUSG00000029675",4,5,0,14,5,21,2,16
"ENSMUSG00000029676",4,5,13,11,14,2,11,16
"ENSMUSG00000029681",2,3,14,4,11,9,9,33
"ENSMUSG00000029684",13,15,34,36,20,20,30,44
"ENSMUSG00000029686",12,12,45,48,38,30,34,60
"ENSMUSG00000029687",5,10,12,58,7,21,9,44
"ENSMUSG00000029701",4,5,9,13,13,11,13,20
"ENSMUSG00000029705",9,15,38,28,53,23,42,54
"ENSMUSG00000029711",12,9,37,24,23,9,24,56
"ENSMUSG00000029712",7,4,6,8,9,6,12,10
"ENSMUSG00000029714",5,4,10,2,13,3,15,16
"ENSMUSG00000029716",3,0,1,1,1,0,2,1
"ENSMUSG00000029722",21,18,22,74,14,70,11,146
"ENSMUSG00000029723",27,35,82,145,88,83,60,161
"ENSMUSG00000029729",6,7,18,19,15,14,22,31
"ENSMUSG00000029735",7,4,10,6,15,8,13,14
"ENSMUSG00000029752",1,0,5,11,7,4,10,7
"ENSMUSG00000029757",10,8,11,20,15,24,43,22
"ENSMUSG00000029761",2,1,7,4,5,6,14,6
"ENSMUSG00000029763",29,23,113,84,84,57,80,142
"ENSMUSG00000029765",7,6,22,11,23,25,28,30
"ENSMUSG00000029767",8,4,27,24,19,19,17,21
"ENSMUSG00000029769",7,3,15,12,17,11,17,14
"ENSMUSG00000029772",20,15,50,39,53,38,54,73
"ENSMUSG00000029775",5,6,32,26,16,9,19,27
"ENSMUSG00000029776",3,6,16,30,14,19,21,35
"ENSMUSG00000029777",6,1,13,12,11,10,11,21
"ENSMUSG00000029778",4,3,34,8,24,13,12,23
"ENSMUSG00000029780",9,8,14,28,15,15,23,39
"ENSMUSG00000029781",5,3,17,21,8,11,8,12
"ENSMUSG00000029787",1,9,13,7,15,5,12,20
"ENSMUSG00000029798",7,12,14,66,7,23,4,76
"ENSMUSG00000029802",0,1,4,1,1,0,5,3
"ENSMUSG00000029804",6,6,30,14,21,24,23,36
"ENSMUSG00000029810",5,9,15,58,32,15,26,56
"ENSMUSG00000029814",37,29,95,122,82,102,72,179
"ENSMUSG00000029815",2,3,13,18,8,17,11,24
"ENSMUSG00000029817",14,16,43,43,33,26,50,74
"ENSMUSG00000029819",10,5,29,115,37,6,25,47
"ENSMUSG00000029821",12,13,83,53,66,29,87,74
"ENSMUSG00000029822",1,2,2,3,4,10,7,7
"ENSMUSG00000029823",43,33,134,100,102,86,89,216
"ENSMUSG00000029826",0,1,4,9,2,4,1,16
"ENSMUSG00000029828",3,0,6,2,5,4,5,3
"ENSMUSG00000029832",0,3,2,1,1,3,3,6
"ENSMUSG00000029833",1,3,13,12,13,9,8,14
"ENSMUSG00000029836",3,1,11,7,12,3,8,11
"ENSMUSG00000029837",12,9,6,10,9,13,6,11
"ENSMUSG00000029838",114,64,373,590,299,138,165,282
"ENSMUSG00000029840",7,4,31,26,14,13,19,40
"ENSMUSG00000029843",0,0,0,1,2,1,0,1
"ENSMUSG00000029860",0,1,1,3,6,6,1,4
"ENSMUSG00000029861",2,2,3,6,5,1,13,6
"ENSMUSG00000029869",3,2,7,4,7,6,12,10
"ENSMUSG00000029878",5,1,11,11,4,1,6,8
"ENSMUSG00000029911",2,2,6,5,4,4,3,6
"ENSMUSG00000029913",8,4,15,20,23,21,12,48
"ENSMUSG00000029916",5,6,15,15,20,10,9,28
"ENSMUSG00000029918",10,8,71,67,46,22,45,71
"ENSMUSG00000029919",2,4,4,6,4,4,4,6
"ENSMUSG00000029920",11,1,19,15,24,19,15,21
"ENSMUSG00000029922",4,2,12,19,15,10,24,33
"ENSMUSG00000029924",2,2,6,9,4,5,4,6
"ENSMUSG00000029925",3,1,3,27,6,3,6,16
"ENSMUSG00000029992",7,1,23,22,28,13,20,12
"ENSMUSG00000029993",9,4,22,28,20,8,22,19
"ENSMUSG00000029998",7,6,20,20,15,18,21,38
"ENSMUSG00000029999",5,5,14,5,6,4,5,12
"ENSMUSG00000030000",4,8,14,15,9,11,18,28
"ENSMUSG00000030002",2,2,12,13,8,9,11,26
"ENSMUSG00000030007",11,6,17,25,14,8,42,23
"ENSMUSG00000030008",5,4,13,20,15,9,8,18
"ENSMUSG00000030016",12,14,56,46,47,33,48,65
"ENSMUSG00000030020",30,15,58,33,48,54,65,78
"ENSMUSG00000030022",11,10,17,43,16,29,11,54
"ENSMUSG00000030029",11,14,25,50,24,47,22,79
"ENSMUSG00000030034",5,4,5,12,7,6,8,19
"ENSMUSG00000030035",3,1,11,15,15,4,9,10
"ENSMUSG00000030042",9,5,16,32,21,13,12,24
"ENSMUSG00000030043",0,0,0,1,0,1,0,0
"ENSMUSG00000030045",5,1,10,9,7,5,5,19
"ENSMUSG00000030047",0,0,2,3,0,1,4,1
"ENSMUSG00000030057",31,15,59,78,64,49,49,85
"ENSMUSG00000030058",5,15,27,37,24,12,27,28
"ENSMUSG00000030059",4,0,15,21,7,10,17,8
"ENSMUSG00000030060",4,1,3,8,5,4,2,7
"ENSMUSG00000030061",7,2,12,25,8,4,9,28
"ENSMUSG00000030062",8,7,13,32,26,9,14,21
"ENSMUSG00000030064",16,6,22,14,22,15,23,39
"ENSMUSG00000030067",8,17,35,46,22,27,42,30
"ENSMUSG00000030068",2,1,3,8,8,6,18,10
"ENSMUSG00000030074",1,0,0,0,1,0,0,1
"ENSMUSG00000030075",10,8,15,7,15,8,24,20
"ENSMUSG00000030077",9,9,28,81,13,36,33,88
"ENSMUSG00000030079",2,2,2,6,3,0,6,4
"ENSMUSG00000030082",6,7,24,14,17,15,16,33
"ENSMUSG00000030083",5,3,5,8,5,3,8,7
"ENSMUSG00000030084",0,0,9,7,5,5,8,8
"ENSMUSG00000030086",6,4,19,30,18,13,14,25
"ENSMUSG00000030088",18,39,46,84,41,79,15,137
"ENSMUSG00000030091",1,1,6,2,1,0,3,2
"ENSMUSG00000030092",2,4,5,1,6,9,25,11
"ENSMUSG00000030094",1,4,4,7,8,2,5,9
"ENSMUSG00000030096",5,6,13,13,16,12,18,9
"ENSMUSG00000030101",12,9,65,114,41,34,39,59
"ENSMUSG00000030102",22,20,26,27,26,21,53,43
"ENSMUSG00000030103",7,6,14,27,20,22,14,40
"ENSMUSG00000030104",1,0,8,6,4,3,5,9
"ENSMUSG00000030105",7,6,38,47,21,10,35,29
"ENSMUSG00000030107",0,7,0,11,0,3,0,18
"ENSMUSG00000030108",0,0,0,0,0,0,0,1
"ENSMUSG00000030111",1,22,0,64,1,48,14,188
"ENSMUSG00000030120",18,17,64,87,51,38,47,82
"ENSMUSG00000030122",16,15,71,93,51,36,63,122
"ENSMUSG00000030123",2,1,0,5,0,2,1,4
"ENSMUSG00000030126",26,37,140,94,113,45,66,134
"ENSMUSG00000030127",3,2,17,14,12,6,25,17
"ENSMUSG00000030134",11,9,22,24,19,14,37,30
"ENSMUSG00000030138",1,2,8,10,7,10,8,19
"ENSMUSG00000030145",4,2,5,3,5,4,4,5
"ENSMUSG00000030157",1,0,1,9,0,2,0,5
"ENSMUSG00000030161",37,23,100,146,104,59,122,187
"ENSMUSG00000030166",10,6,10,12,9,12,7,24
"ENSMUSG00000030168",3,9,23,34,28,33,18,36
"ENSMUSG00000030170",0,1,2,2,4,0,3,6
"ENSMUSG00000030172",16,26,51,106,48,58,41,115
"ENSMUSG00000030177",7,5,23,15,9,13,10,27
"ENSMUSG00000030180",10,7,24,27,21,12,18,38
"ENSMUSG00000030189",3,1,2,7,0,6,0,9
"ENSMUSG00000030199",13,29,29,100,30,62,14,152
"ENSMUSG00000030201",5,10,20,40,16,37,10,52
"ENSMUSG00000030203",2,2,6,11,14,10,11,17
"ENSMUSG00000030204",3,2,9,9,10,9,5,17
"ENSMUSG00000030206",0,0,4,1,2,3,0,4
"ENSMUSG00000030207",7,4,21,16,14,5,18,24
"ENSMUSG00000030209",34,20,83,69,74,86,130,116
"ENSMUSG00000030213",7,8,29,14,20,13,32,26
"ENSMUSG00000030216",5,4,23,30,8,13,11,28
"ENSMUSG00000030218",2,5,2,3,2,0,2,13
"ENSMUSG00000030222",0,1,0,2,1,1,1,1
"ENSMUSG00000030223",1,3,2,3,2,1,7,4
"ENSMUSG00000030224",5,6,18,27,13,14,27,29
"ENSMUSG00000030226",3,2,15,10,8,10,15,26
"ENSMUSG00000030231",3,10,22,28,21,11,40,43
"ENSMUSG00000030232",6,5,13,23,9,1,7,17
"ENSMUSG00000030235",31,30,157,62,160,68,108,122
"ENSMUSG00000030237",0,0,9,0,0,0,3,0
"ENSMUSG00000030243",0,4,1,3,5,1,3,4
"ENSMUSG00000030245",6,5,16,15,11,4,7,16
"ENSMUSG00000030246",37,11,89,101,87,33,118,96
"ENSMUSG00000030247",0,0,0,0,0,0,1,0
"ENSMUSG00000030249",1,0,1,0,0,0,0,1
"ENSMUSG00000030256",4,3,23,17,20,12,16,24
"ENSMUSG00000030257",20,15,83,33,86,20,67,51
"ENSMUSG00000030259",1,6,13,15,14,19,16,53
"ENSMUSG00000030264",5,7,10,30,25,11,9,31
"ENSMUSG00000030265",6,6,26,17,25,9,20,28
"ENSMUSG00000030268",3,3,13,20,7,10,11,21
"ENSMUSG00000030270",0,1,1,3,4,4,7,5
"ENSMUSG00000030271",2,2,3,8,5,2,3,6
"ENSMUSG00000030272",7,7,15,12,17,11,23,28
"ENSMUSG00000030275",15,7,19,32,20,17,16,42
"ENSMUSG00000030279",12,4,26,23,24,13,31,25
"ENSMUSG00000030282",11,3,23,27,25,11,10,42
"ENSMUSG00000030283",5,6,17,16,8,3,10,19
"ENSMUSG00000030284",4,9,8,15,12,10,15,20
"ENSMUSG00000030286",17,10,54,61,57,33,39,95
"ENSMUSG00000030287",21,18,50,69,55,50,17,86
"ENSMUSG00000030291",5,6,20,21,14,13,20,24
"ENSMUSG00000030298",4,2,6,16,8,8,12,17
"ENSMUSG00000030301",2,4,7,9,3,4,4,10
"ENSMUSG00000030302",23,25,49,67,52,39,84,99
"ENSMUSG00000030303",4,0,2,0,5,1,5,3
"ENSMUSG00000030304",4,9,20,28,21,21,24,41
"ENSMUSG00000030306",6,14,19,21,11,23,15,18
"ENSMUSG00000030307",48,29,152,119,100,91,45,85
"ENSMUSG00000030309",0,0,8,3,5,2,3,6
"ENSMUSG00000030310",51,52,153,166,144,150,68,227
"ENSMUSG00000030313",9,16,33,37,37,25,41,55
"ENSMUSG00000030314",10,3,28,20,23,10,23,35
"ENSMUSG00000030315",22,7,59,41,83,31,34,55
"ENSMUSG00000030317",25,14,73,53,66,45,54,82
"ENSMUSG00000030323",6,4,22,17,27,14,11,23
"ENSMUSG00000030327",9,5,26,29,22,9,27,34
"ENSMUSG00000030329",2,2,17,28,12,11,21,32
"ENSMUSG00000030330",7,8,23,26,36,25,23,42
"ENSMUSG00000030335",12,9,19,35,27,8,17,32
"ENSMUSG00000030336",25,16,55,82,42,25,29,95
"ENSMUSG00000030337",3,0,12,6,9,5,10,17
"ENSMUSG00000030341",2,6,10,36,6,16,6,39
"ENSMUSG00000030342",27,23,61,117,66,48,53,52
"ENSMUSG00000030347",1,2,4,10,7,4,2,10
"ENSMUSG00000030350",10,5,6,4,9,9,7,14
"ENSMUSG00000030351",0,0,0,1,2,0,1,1
"ENSMUSG00000030352",27,9,75,27,51,18,41,31
"ENSMUSG00000030357",3,2,14,21,16,9,21,18
"ENSMUSG00000030374",11,6,17,22,27,12,22,27
"ENSMUSG00000030376",4,1,15,11,11,12,16,13
"ENSMUSG00000030380",1,0,6,2,5,0,5,5
"ENSMUSG00000030385",0,0,1,0,1,1,0,1
"ENSMUSG00000030397",4,4,13,13,9,11,12,12
"ENSMUSG00000030401",0,1,10,7,4,2,6,5
"ENSMUSG00000030403",3,2,3,6,7,4,0,9
"ENSMUSG00000030407",2,0,10,12,2,6,9,17
"ENSMUSG00000030410",3,2,6,8,3,3,3,7
"ENSMUSG00000030411",2,0,5,8,5,1,3,9
"ENSMUSG00000030413",3,4,2,13,6,3,6,10
"ENSMUSG00000030417",1,5,18,15,14,10,16,23
"ENSMUSG00000030421",4,6,15,15,18,11,15,16
"ENSMUSG00000030423",1,5,7,3,3,5,7,13
"ENSMUSG00000030428",54,34,187,207,159,112,111,253
"ENSMUSG00000030432",15,6,74,112,62,27,70,92
"ENSMUSG00000030435",1,3,9,20,8,6,15,18
"ENSMUSG00000030446",1,3,1,5,3,2,2,8
"ENSMUSG00000030447",13,8,28,28,22,31,19,46
"ENSMUSG00000030451",24,11,35,24,24,23,27,41
"ENSMUSG00000030452",5,5,24,37,24,16,17,32
"ENSMUSG00000030465",26,18,93,70,71,41,48,72
"ENSMUSG00000030469",5,1,7,8,5,10,6,15
"ENSMUSG00000030471",2,2,15,13,8,12,10,19
"ENSMUSG00000030495",40,35,107,97,182,79,72,145
"ENSMUSG00000030498",2,2,1,2,6,2,7,3
"ENSMUSG00000030500",2,0,0,1,2,2,5,0
"ENSMUSG00000030505",2,0,4,5,4,2,6,14
"ENSMUSG00000030509",2,3,9,10,12,12,8,13
"ENSMUSG00000030512",9,2,12,14,10,7,12,18
"ENSMUSG00000030515",1,0,4,1,1,4,5,2
"ENSMUSG00000030516",46,94,136,160,141,214,90,490
"ENSMUSG00000030518",5,4,5,11,12,10,25,23
"ENSMUSG00000030519",19,24,64,40,63,37,64,100
"ENSMUSG00000030521",4,8,3,6,11,5,7,17
"ENSMUSG00000030522",3,3,14,8,14,7,11,13
"ENSMUSG00000030525",2,1,0,3,4,1,9,1
"ENSMUSG00000030527",17,8,49,30,36,20,17,65
"ENSMUSG00000030528",0,1,3,2,4,1,5,3
"ENSMUSG00000030530",0,0,2,8,9,2,2,7
"ENSMUSG00000030532",6,2,10,17,24,7,23,22
"ENSMUSG00000030533",4,1,13,10,12,15,11,23
"ENSMUSG00000030534",1,2,3,1,5,3,2,6
"ENSMUSG00000030536",6,3,12,15,6,5,10,15
"ENSMUSG00000030539",19,14,44,57,56,53,35,73
"ENSMUSG00000030541",14,12,31,50,31,37,14,68
"ENSMUSG00000030551",1,0,1,3,1,0,0,0
"ENSMUSG00000030554",5,1,3,5,3,4,1,6
"ENSMUSG00000030555",7,7,13,21,24,17,14,28
"ENSMUSG00000030556",4,4,9,7,7,8,8,21
"ENSMUSG00000030557",8,6,21,31,16,16,20,37
"ENSMUSG00000030560",2,0,2,6,3,4,3,6
"ENSMUSG00000030579",0,0,5,8,2,1,2,7
"ENSMUSG00000030583",4,6,19,13,20,4,14,23
"ENSMUSG00000030584",6,3,17,16,8,9,7,17
"ENSMUSG00000030588",6,4,14,24,10,9,16,21
"ENSMUSG00000030590",2,3,8,7,6,9,14,10
"ENSMUSG00000030591",7,5,12,19,11,11,19,31
"ENSMUSG00000030592",0,0,1,0,0,0,0,1
"ENSMUSG00000030595",1,0,3,7,5,3,5,11
"ENSMUSG00000030600",1,0,7,5,5,3,8,5
"ENSMUSG00000030603",5,8,13,22,19,12,20,26
"ENSMUSG00000030605",105,78,252,233,305,158,149,267
"ENSMUSG00000030610",3,1,1,2,3,1,4,4
"ENSMUSG00000030611",6,2,11,5,12,4,14,9
"ENSMUSG00000030612",6,1,10,12,11,7,9,19
"ENSMUSG00000030613",2,1,6,9,6,3,9,10
"ENSMUSG00000030614",2,4,8,5,3,1,4,8
"ENSMUSG00000030615",18,28,61,63,67,39,69,91
"ENSMUSG00000030616",6,4,10,6,5,7,22,14
"ENSMUSG00000030619",3,6,8,7,10,7,8,21
"ENSMUSG00000030621",3,13,18,17,12,13,27,21
"ENSMUSG00000030629",10,8,30,35,37,23,24,44
"ENSMUSG00000030630",6,9,61,56,27,28,17,62
"ENSMUSG00000030638",3,4,11,9,14,4,8,5
"ENSMUSG00000030643",24,14,84,31,96,30,52,73
"ENSMUSG00000030647",18,14,63,94,54,36,58,85
"ENSMUSG00000030649",4,1,8,10,4,5,7,7
"ENSMUSG00000030652",2,6,9,12,9,3,7,9
"ENSMUSG00000030653",12,6,19,21,11,10,16,23
"ENSMUSG00000030654",30,25,90,105,77,57,82,99
"ENSMUSG00000030655",14,11,27,35,36,30,29,62
"ENSMUSG00000030657",12,9,57,25,47,18,40,18
"ENSMUSG00000030659",1,0,3,1,1,0,5,2
"ENSMUSG00000030660",26,43,77,150,60,118,29,227
"ENSMUSG00000030662",6,2,12,14,12,10,10,15
"ENSMUSG00000030663",14,8,43,54,37,23,46,72
"ENSMUSG00000030671",1,2,0,4,4,0,6,5
"ENSMUSG00000030678",5,5,8,11,7,0,8,12
"ENSMUSG00000030682",12,9,21,33,26,22,30,33
"ENSMUSG00000030683",13,2,30,20,19,8,36,18
"ENSMUSG00000030685",8,2,36,38,40,16,24,40
"ENSMUSG00000030688",0,1,6,10,7,3,8,4
"ENSMUSG00000030689",1,1,8,9,10,5,5,13
"ENSMUSG00000030691",15,33,86,124,75,86,52,202
"ENSMUSG00000030695",75,37,146,260,135,88,250,208
"ENSMUSG00000030697",7,4,18,9,16,9,9,20
"ENSMUSG00000030701",3,3,12,17,8,3,11,4
"ENSMUSG00000030703",4,3,11,4,5,12,6,11
"ENSMUSG00000030704",19,24,68,72,84,46,66,101
"ENSMUSG00000030706",6,4,24,39,33,25,29,42
"ENSMUSG00000030707",0,0,5,10,11,4,12,10
"ENSMUSG00000030711",7,9,21,21,6,17,1,58
"ENSMUSG00000030714",7,2,6,8,10,10,9,16
"ENSMUSG00000030717",0,2,5,12,12,2,5,23
"ENSMUSG00000030718",6,7,27,20,24,20,38,40
"ENSMUSG00000030720",4,3,15,9,11,8,14,9
"ENSMUSG00000030727",2,4,4,5,9,3,7,13
"ENSMUSG00000030729",18,6,45,56,28,24,52,32
"ENSMUSG00000030731",1,0,4,5,7,7,7,3
"ENSMUSG00000030733",2,0,9,4,5,4,3,7
"ENSMUSG00000030737",0,0,3,0,0,0,1,1
"ENSMUSG00000030738",4,3,13,16,10,11,24,24
"ENSMUSG00000030739",7,5,49,16,57,11,34,30
"ENSMUSG00000030741",11,1,10,16,8,11,13,18
"ENSMUSG00000030744",38,22,111,194,87,48,101,137
"ENSMUSG00000030747",0,4,8,11,6,10,12,11
"ENSMUSG00000030748",0,3,0,4,1,5,0,3
"ENSMUSG00000030751",22,9,53,52,44,31,56,71
"ENSMUSG00000030752",0,1,6,2,4,5,2,10
"ENSMUSG00000030753",3,2,7,11,3,0,7,6
"ENSMUSG00000030754",12,13,36,35,15,19,17,47
"ENSMUSG00000030757",1,0,3,0,1,2,7,8
"ENSMUSG00000030759",20,23,11,65,18,49,14,104
"ENSMUSG00000030760",16,25,53,91,51,72,22,114
"ENSMUSG00000030763",7,4,12,16,13,14,15,22
"ENSMUSG00000030766",1,5,7,16,10,6,17,10
"ENSMUSG00000030768",1,1,2,0,11,1,4,3
"ENSMUSG00000030770",8,6,15,15,14,7,15,20
"ENSMUSG00000030772",26,22,74,118,76,54,46,101
"ENSMUSG00000030774",18,14,51,55,35,29,44,69
"ENSMUSG00000030779",15,5,42,39,39,26,26,60
"ENSMUSG00000030788",2,2,8,11,5,2,6,16
"ENSMUSG00000030790",0,0,0,2,0,2,0,2
"ENSMUSG00000030792",8,0,9,9,8,9,13,17
"ENSMUSG00000030793",4,5,11,13,12,5,5,11
"ENSMUSG00000030795",33,38,69,92,80,46,92,152
"ENSMUSG00000030802",2,5,4,11,8,6,6,12
"ENSMUSG00000030805",11,7,33,33,25,16,14,46
"ENSMUSG00000030806",5,4,30,29,24,21,29,32
"ENSMUSG00000030811",1,2,8,4,6,6,9,9
"ENSMUSG00000030814",3,1,6,10,9,6,13,9
"ENSMUSG00000030815",6,4,18,15,27,16,12,21
"ENSMUSG00000030822",10,6,35,36,23,20,34,45
"ENSMUSG00000030824",3,2,8,7,6,7,10,13
"ENSMUSG00000030835",3,3,10,12,11,2,12,14
"ENSMUSG00000030839",4,4,12,16,16,6,16,18
"ENSMUSG00000030842",15,10,21,44,36,22,30,48
"ENSMUSG00000030844",3,5,11,10,6,2,6,8
"ENSMUSG00000030846",10,5,17,25,30,23,21,35
"ENSMUSG00000030847",4,9,2,24,1,28,2,21
"ENSMUSG00000030849",228,228,658,644,368,440,194,846
"ENSMUSG00000030852",1,2,3,6,4,4,9,13
"ENSMUSG00000030854",6,5,17,7,12,6,14,27
"ENSMUSG00000030861",8,4,18,31,15,19,21,35
"ENSMUSG00000030868",5,3,4,11,8,1,8,21
"ENSMUSG00000030869",2,0,16,21,10,7,8,14
"ENSMUSG00000030870",1,2,4,6,4,5,6,9
"ENSMUSG00000030872",3,1,8,4,7,0,1,5
"ENSMUSG00000030876",1,4,21,31,18,19,21,36
"ENSMUSG00000030877",0,2,5,6,5,3,2,5
"ENSMUSG00000030879",5,5,9,35,11,12,17,28
"ENSMUSG00000030880",14,9,14,18,13,20,10,42
"ENSMUSG00000030881",11,7,14,23,16,10,14,38
"ENSMUSG00000030884",13,3,28,34,30,16,47,38
"ENSMUSG00000030889",2,1,2,4,2,4,6,1
"ENSMUSG00000030890",23,25,20,91,22,77,9,157
"ENSMUSG00000030894",7,8,23,17,13,16,11,15
"ENSMUSG00000030898",0,1,4,3,2,4,4,2
"ENSMUSG00000030905",1,3,17,14,10,3,8,14
"ENSMUSG00000030917",1,1,4,5,5,2,6,5
"ENSMUSG00000030921",3,6,9,36,3,5,4,38
"ENSMUSG00000030922",3,1,10,17,9,3,13,15
"ENSMUSG00000030929",2,0,5,3,5,3,7,6
"ENSMUSG00000030942",2,2,6,12,5,2,6,13
"ENSMUSG00000030965",8,8,31,14,28,16,23,32
"ENSMUSG00000030967",10,10,18,18,21,21,15,28
"ENSMUSG00000030979",0,0,3,3,8,4,8,3
"ENSMUSG00000030980",5,6,26,14,15,10,14,21
"ENSMUSG00000030982",13,6,25,13,15,8,25,24
"ENSMUSG00000030983",6,0,16,19,12,10,9,28
"ENSMUSG00000030986",3,4,14,5,10,4,13,10
"ENSMUSG00000030987",12,5,29,17,33,15,23,46
"ENSMUSG00000030990",16,4,31,21,7,11,15,56
"ENSMUSG00000030994",1,1,5,3,4,1,4,2
"ENSMUSG00000031004",0,1,0,0,0,2,2,0
"ENSMUSG00000031007",15,15,53,88,34,44,59,66
"ENSMUSG00000031010",12,15,27,42,26,15,29,42
"ENSMUSG00000031012",8,15,38,26,51,26,43,39
"ENSMUSG00000031015",3,3,18,7,15,11,6,12
"ENSMUSG00000031016",2,0,3,1,3,1,4,0
"ENSMUSG00000031021",14,16,61,79,86,47,51,77
"ENSMUSG00000031024",11,9,31,30,28,20,18,47
"ENSMUSG00000031026",0,1,0,0,0,2,2,5
"ENSMUSG00000031028",4,0,6,7,5,9,7,10
"ENSMUSG00000031029",9,4,30,44,25,14,25,44
"ENSMUSG00000031059",13,14,54,78,51,23,45,66
"ENSMUSG00000031060",7,3,31,25,18,19,15,29
"ENSMUSG00000031065",6,6,21,25,18,13,18,17
"ENSMUSG00000031066",2,4,13,11,12,6,18,14
"ENSMUSG00000031068",11,4,28,39,22,16,23,38
"ENSMUSG00000031072",2,4,13,7,14,11,5,28
"ENSMUSG00000031075",0,1,1,2,1,0,0,8
"ENSMUSG00000031078",0,0,10,9,11,9,12,18
"ENSMUSG00000031093",6,5,11,38,9,7,11,31
"ENSMUSG00000031095",2,3,6,10,3,4,2,11
"ENSMUSG00000031099",0,3,4,6,4,3,8,9
"ENSMUSG00000031104",1,0,4,12,12,7,11,12
"ENSMUSG00000031105",5,5,22,22,12,11,18,16
"ENSMUSG00000031107",0,1,1,4,1,2,4,3
"ENSMUSG00000031109",10,2,11,8,10,9,14,15
"ENSMUSG00000031119",2,5,13,50,16,16,9,32
"ENSMUSG00000031129",16,12,56,39,46,31,38,57
"ENSMUSG00000031133",1,1,3,0,1,1,4,0
"ENSMUSG00000031134",2,2,20,8,19,8,14,16
"ENSMUSG00000031137",22,12,63,46,65,29,44,37
"ENSMUSG00000031139",0,0,1,2,2,0,1,0
"ENSMUSG00000031144",29,17,72,66,57,50,103,76
"ENSMUSG00000031148",7,5,15,14,20,13,11,51
"ENSMUSG00000031149",6,2,15,30,17,12,18,21
"ENSMUSG00000031153",7,12,16,36,18,24,22,49
"ENSMUSG00000031154",3,3,14,10,12,4,10,19
"ENSMUSG00000031155",5,0,9,9,10,4,8,10
"ENSMUSG00000031156",5,4,16,14,16,17,13,29
"ENSMUSG00000031157",8,3,15,7,8,7,12,19
"ENSMUSG00000031158",4,2,4,8,5,2,8,11
"ENSMUSG00000031161",5,1,2,10,1,3,7,10
"ENSMUSG00000031166",5,3,10,14,18,5,6,10
"ENSMUSG00000031168",0,1,5,3,7,7,18,9
"ENSMUSG00000031169",1,1,11,9,10,5,9,13
"ENSMUSG00000031171",3,3,6,12,11,3,2,15
"ENSMUSG00000031174",3,2,8,5,8,6,4,11
"ENSMUSG00000031176",17,5,32,37,21,18,22,31
"ENSMUSG00000031189",1,3,7,6,3,3,5,12
"ENSMUSG00000031196",2,0,5,5,1,5,4,5
"ENSMUSG00000031197",8,5,27,34,20,11,19,37
"ENSMUSG00000031198",3,2,11,14,7,6,7,12
"ENSMUSG00000031201",1,2,7,4,9,1,5,8
"ENSMUSG00000031202",1,2,8,8,5,5,9,13
"ENSMUSG00000031207",7,10,22,42,7,13,24,35
"ENSMUSG00000031209",41,26,129,190,103,53,85,160
"ENSMUSG00000031214",5,9,26,17,19,12,24,31
"ENSMUSG00000031216",8,4,14,11,7,20,6,30
"ENSMUSG00000031221",4,5,13,16,11,6,12,16
"ENSMUSG00000031226",6,4,14,18,8,6,10,18
"ENSMUSG00000031227",2,1,5,11,10,4,19,15
"ENSMUSG00000031229",20,21,52,45,38,19,38,66
"ENSMUSG00000031231",60,27,155,202,124,77,140,198
"ENSMUSG00000031232",9,2,19,18,18,6,18,19
"ENSMUSG00000031239",1,0,5,4,0,1,5,1
"ENSMUSG00000031242",0,0,6,13,3,3,4,13
"ENSMUSG00000031246",12,5,29,37,26,7,14,26
"ENSMUSG00000031256",3,0,5,11,4,5,7,7
"ENSMUSG00000031257",4,7,11,7,8,8,9,8
"ENSMUSG00000031274",3,0,7,8,5,6,8,8
"ENSMUSG00000031278",5,0,20,14,10,12,10,23
"ENSMUSG00000031284",5,6,18,14,25,15,35,31
"ENSMUSG00000031285",1,1,1,4,5,7,12,4
"ENSMUSG00000031290",2,2,7,5,7,3,8,6
"ENSMUSG00000031292",5,8,23,15,21,23,28,27
"ENSMUSG00000031295",7,6,7,3,8,10,8,14
"ENSMUSG00000031299",11,5,23,29,21,14,19,30
"ENSMUSG00000031302",3,4,32,21,28,13,18,20
"ENSMUSG00000031309",10,7,24,40,17,18,17,44
"ENSMUSG00000031310",2,2,7,9,7,4,5,5
"ENSMUSG00000031311",11,4,12,28,19,9,23,28
"ENSMUSG00000031314",6,8,21,21,15,13,13,28
"ENSMUSG00000031320",38,9,109,137,74,55,78,154
"ENSMUSG00000031327",8,8,19,16,22,15,22,20
"ENSMUSG00000031328",0,1,0,3,2,1,3,1
"ENSMUSG00000031329",0,0,1,1,0,0,0,0
"ENSMUSG00000031333",13,9,26,37,40,19,37,38
"ENSMUSG00000031337",1,2,13,3,4,5,4,10
"ENSMUSG00000031342",122,92,535,397,444,241,366,393
"ENSMUSG00000031343",3,1,4,13,13,6,11,7
"ENSMUSG00000031347",1,2,10,22,10,5,7,12
"ENSMUSG00000031352",2,1,3,8,2,2,6,8
"ENSMUSG00000031353",7,5,20,25,15,12,21,20
"ENSMUSG00000031355",2,1,11,20,2,7,7,8
"ENSMUSG00000031357",1,2,5,8,9,6,4,26
"ENSMUSG00000031358",3,0,2,4,4,3,6,5
"ENSMUSG00000031360",6,3,15,10,7,7,11,17
"ENSMUSG00000031367",1,3,11,11,6,3,7,5
"ENSMUSG00000031370",8,6,22,43,20,13,12,31
"ENSMUSG00000031375",0,1,1,6,2,3,1,3
"ENSMUSG00000031376",1,0,1,2,8,4,17,10
"ENSMUSG00000031379",3,0,14,4,14,7,8,8
"ENSMUSG00000031385",0,0,2,0,2,3,10,1
"ENSMUSG00000031386",2,0,8,7,3,1,3,6
"ENSMUSG00000031389",4,0,6,3,3,5,4,4
"ENSMUSG00000031391",1,1,2,1,1,0,5,6
"ENSMUSG00000031392",4,4,6,11,10,6,6,11
"ENSMUSG00000031393",7,8,26,33,17,21,27,42
"ENSMUSG00000031399",2,1,2,7,0,4,3,2
"ENSMUSG00000031402",2,1,9,4,6,4,6,5
"ENSMUSG00000031403",1,1,11,3,5,2,7,6
"ENSMUSG00000031409",5,0,16,14,13,7,12,15
"ENSMUSG00000031422",14,8,64,55,38,22,27,57
"ENSMUSG00000031425",121,58,399,229,335,154,488,231
"ENSMUSG00000031428",14,10,32,27,18,13,50,34
"ENSMUSG00000031429",2,0,4,11,1,1,7,8
"ENSMUSG00000031431",47,20,110,136,77,69,40,124
"ENSMUSG00000031432",4,3,14,19,13,8,18,12
"ENSMUSG00000031433",1,3,5,3,2,4,7,6
"ENSMUSG00000031438",2,0,4,2,2,3,0,2
"ENSMUSG00000031441",3,4,10,15,7,6,14,15
"ENSMUSG00000031442",6,10,17,15,13,20,22,30
"ENSMUSG00000031446",7,8,21,18,16,13,17,21
"ENSMUSG00000031447",35,27,110,162,114,73,88,120
"ENSMUSG00000031451",6,3,25,57,18,20,17,39
"ENSMUSG00000031453",9,15,26,47,31,27,27,50
"ENSMUSG00000031458",4,2,9,12,8,7,11,28
"ENSMUSG00000031465",4,2,3,3,2,4,3,7
"ENSMUSG00000031467",29,31,45,78,41,52,38,78
"ENSMUSG00000031479",11,5,13,27,13,21,13,35
"ENSMUSG00000031480",1,1,0,1,3,1,5,3
"ENSMUSG00000031483",1,2,8,6,6,0,4,6
"ENSMUSG00000031485",10,10,15,20,13,11,15,20
"ENSMUSG00000031487",0,1,3,6,5,3,2,11
"ENSMUSG00000031502",1,7,3,7,1,5,1,31
"ENSMUSG00000031503",3,6,4,17,7,7,3,24
"ENSMUSG00000031505",5,5,14,25,18,12,11,33
"ENSMUSG00000031508",4,1,12,3,8,3,7,12
"ENSMUSG00000031509",18,3,67,90,25,21,12,57
"ENSMUSG00000031511",10,7,20,12,17,15,19,21
"ENSMUSG00000031513",7,5,25,12,12,14,30,24
"ENSMUSG00000031516",7,3,12,6,9,11,14,25
"ENSMUSG00000031517",108,76,481,472,372,242,327,390
"ENSMUSG00000031520",0,1,0,0,3,0,5,1
"ENSMUSG00000031523",11,6,54,30,35,19,48,44
"ENSMUSG00000031529",4,6,14,21,11,10,10,21
"ENSMUSG00000031532",23,20,76,149,89,68,97,118
"ENSMUSG00000031533",3,4,9,10,6,11,10,15
"ENSMUSG00000031534",8,7,13,17,25,11,13,33
"ENSMUSG00000031536",14,12,24,28,28,29,36,50
"ENSMUSG00000031537",8,1,12,16,13,13,12,25
"ENSMUSG00000031538",1,1,7,10,6,5,8,9
"ENSMUSG00000031539",4,1,10,5,7,2,11,10
"ENSMUSG00000031540",4,3,8,18,5,11,15,21
"ENSMUSG00000031543",0,0,2,3,1,1,13,2
"ENSMUSG00000031545",3,7,12,18,11,10,21,39
"ENSMUSG00000031548",11,6,28,25,23,7,11,19
"ENSMUSG00000031555",1,5,4,10,5,4,8,12
"ENSMUSG00000031556",18,10,48,59,33,25,33,58
"ENSMUSG00000031557",2,3,6,10,6,1,6,5
"ENSMUSG00000031558",6,4,10,8,6,8,23,16
"ENSMUSG00000031559",0,0,0,0,0,1,5,1
"ENSMUSG00000031561",40,23,148,69,101,49,79,72
"ENSMUSG00000031563",5,9,31,16,29,18,22,40
"ENSMUSG00000031565",34,58,85,171,63,124,34,325
"ENSMUSG00000031568",2,1,5,11,4,5,8,13
"ENSMUSG00000031574",2,4,11,8,15,9,13,15
"ENSMUSG00000031575",0,3,5,5,9,7,9,14
"ENSMUSG00000031576",0,0,6,5,8,2,3,5
"ENSMUSG00000031578",5,0,12,11,8,4,4,18
"ENSMUSG00000031583",6,6,14,7,10,4,15,12
"ENSMUSG00000031584",7,8,14,31,13,18,9,41
"ENSMUSG00000031585",2,3,14,11,16,5,3,16
"ENSMUSG00000031586",0,0,2,6,0,1,0,4
"ENSMUSG00000031590",1,5,8,10,6,9,6,7
"ENSMUSG00000031591",12,9,31,30,31,18,25,33
"ENSMUSG00000031592",20,12,48,44,44,30,58,64
"ENSMUSG00000031595",0,4,14,14,13,12,7,18
"ENSMUSG00000031596",13,19,73,80,50,46,19,88
"ENSMUSG00000031600",4,2,10,14,7,11,6,15
"ENSMUSG00000031601",10,3,18,26,19,15,26,34
"ENSMUSG00000031604",76,71,197,238,167,156,70,233
"ENSMUSG00000031605",26,19,55,65,37,51,23,84
"ENSMUSG00000031608",4,2,2,6,5,10,12,15
"ENSMUSG00000031610",25,34,126,147,70,72,37,107
"ENSMUSG00000031617",5,5,27,23,9,16,8,26
"ENSMUSG00000031618",19,6,65,35,66,13,43,49
"ENSMUSG00000031620",0,0,21,5,11,0,2,11
"ENSMUSG00000031622",7,8,22,23,10,11,10,19
"ENSMUSG00000031626",6,7,20,7,26,24,52,28
"ENSMUSG00000031627",12,8,32,35,25,44,20,88
"ENSMUSG00000031631",3,3,12,8,7,6,9,7
"ENSMUSG00000031633",45,28,122,212,123,63,212,212
"ENSMUSG00000031634",4,6,17,10,13,13,15,22
"ENSMUSG00000031637",2,2,3,3,2,6,4,9
"ENSMUSG00000031640",0,0,0,2,0,1,1,3
"ENSMUSG00000031642",9,14,36,40,17,31,27,59
"ENSMUSG00000031644",8,5,17,19,15,9,13,22
"ENSMUSG00000031647",7,4,32,24,26,14,14,26
"ENSMUSG00000031652",3,1,4,8,8,1,11,13
"ENSMUSG00000031654",1,0,0,0,1,0,9,0
"ENSMUSG00000031657",1,5,20,13,7,8,10,16
"ENSMUSG00000031659",0,0,3,0,0,2,0,2
"ENSMUSG00000031660",2,0,9,18,12,7,7,14
"ENSMUSG00000031666",7,10,25,18,12,20,15,36
"ENSMUSG00000031667",7,1,18,22,16,8,20,32
"ENSMUSG00000031668",0,2,8,3,6,1,3,2
"ENSMUSG00000031672",18,3,23,25,32,17,32,49
"ENSMUSG00000031673",8,6,24,15,20,9,36,25
"ENSMUSG00000031681",5,13,16,46,14,26,11,51
"ENSMUSG00000031683",5,6,20,22,18,4,15,15
"ENSMUSG00000031684",16,18,34,34,23,8,13,42
"ENSMUSG00000031691",3,0,8,14,9,2,7,14
"ENSMUSG00000031696",5,3,31,26,20,4,20,28
"ENSMUSG00000031697",8,4,15,19,18,14,10,37
"ENSMUSG00000031700",9,7,20,14,14,9,11,28
"ENSMUSG00000031701",3,4,28,44,30,18,27,35
"ENSMUSG00000031703",20,27,74,75,62,34,68,93
"ENSMUSG00000031708",42,28,105,172,136,96,144,185
"ENSMUSG00000031709",6,1,10,14,10,7,11,11
"ENSMUSG00000031711",3,1,10,9,4,6,8,16
"ENSMUSG00000031714",6,8,30,57,26,44,21,71
"ENSMUSG00000031715",7,7,20,24,18,8,10,18
"ENSMUSG00000031728",4,4,16,12,6,6,12,21
"ENSMUSG00000031729",1,1,6,12,12,10,5,18
"ENSMUSG00000031730",1,1,3,3,5,0,4,3
"ENSMUSG00000031731",9,2,10,10,11,4,16,27
"ENSMUSG00000031732",3,4,7,6,11,7,10,11
"ENSMUSG00000031748",61,38,261,125,261,81,153,215
"ENSMUSG00000031749",3,0,20,15,8,13,17,13
"ENSMUSG00000031750",2,3,6,11,9,4,7,8
"ENSMUSG00000031751",13,9,43,31,24,20,17,36
"ENSMUSG00000031753",12,5,23,20,28,17,24,47
"ENSMUSG00000031754",6,4,15,23,25,7,20,23
"ENSMUSG00000031755",5,7,13,5,19,10,5,14
"ENSMUSG00000031758",1,3,8,5,8,1,17,11
"ENSMUSG00000031760",60,52,303,523,231,214,174,466
"ENSMUSG00000031762",93,171,196,2099,121,822,172,1527
"ENSMUSG00000031765",121,257,353,2921,238,1022,283,2055
"ENSMUSG00000031770",8,5,17,28,16,13,19,28
"ENSMUSG00000031772",1,2,7,3,3,1,18,2
"ENSMUSG00000031774",1,2,8,13,4,2,5,6
"ENSMUSG00000031775",6,0,13,6,18,5,27,5
"ENSMUSG00000031776",9,4,22,35,26,11,25,28
"ENSMUSG00000031778",9,9,49,34,31,28,48,53
"ENSMUSG00000031780",2,4,2,4,2,3,1,3
"ENSMUSG00000031781",2,29,18,18,19,46,17,86
"ENSMUSG00000031782",7,7,22,17,12,11,23,39
"ENSMUSG00000031783",10,9,15,31,15,11,22,36
"ENSMUSG00000031785",19,26,52,68,43,52,33,68
"ENSMUSG00000031787",3,3,3,8,6,3,4,7
"ENSMUSG00000031788",4,2,12,8,24,7,9,21
"ENSMUSG00000031790",1,1,10,5,5,3,8,1
"ENSMUSG00000031791",12,5,33,22,18,15,37,30
"ENSMUSG00000031796",8,3,18,21,21,9,19,26
"ENSMUSG00000031799",0,1,5,10,8,4,2,4
"ENSMUSG00000031807",3,6,15,22,9,9,6,24
"ENSMUSG00000031808",32,8,69,58,71,39,32,69
"ENSMUSG00000031813",4,2,16,9,13,9,9,16
"ENSMUSG00000031816",7,5,13,19,13,12,16,18
"ENSMUSG00000031820",7,6,36,31,21,25,30,47
"ENSMUSG00000031823",2,2,2,8,4,4,3,12
"ENSMUSG00000031827",13,12,23,40,15,21,17,47
"ENSMUSG00000031832",31,13,105,129,51,30,55,107
"ENSMUSG00000031833",3,4,10,10,9,8,10,10
"ENSMUSG00000031834",2,5,8,9,4,2,10,17
"ENSMUSG00000031835",2,1,9,7,18,9,7,9
"ENSMUSG00000031837",2,0,0,2,1,1,2,5
"ENSMUSG00000031839",33,28,76,137,75,49,66,125
"ENSMUSG00000031840",29,18,63,116,85,49,124,134
"ENSMUSG00000031841",12,2,15,17,11,12,26,19
"ENSMUSG00000031843",2,1,6,10,7,5,5,18
"ENSMUSG00000031848",10,5,24,27,12,11,28,40
"ENSMUSG00000031851",1,1,8,5,2,2,7,8
"ENSMUSG00000031858",14,14,35,55,40,31,25,77
"ENSMUSG00000031860",3,4,5,11,4,2,13,8
"ENSMUSG00000031862",2,1,7,7,7,7,6,15
"ENSMUSG00000031864",3,8,18,11,13,7,14,20
"ENSMUSG00000031865",2,0,7,6,1,4,1,6
"ENSMUSG00000031870",2,1,0,2,3,4,8,3
"ENSMUSG00000031871",0,0,0,1,1,1,1,2
"ENSMUSG00000031875",17,18,14,57,12,50,9,77
"ENSMUSG00000031878",4,4,15,10,4,10,10,15
"ENSMUSG00000031879",5,3,9,24,12,7,5,15
"ENSMUSG00000031883",0,1,3,4,4,3,4,4
"ENSMUSG00000031885",5,5,24,30,25,11,19,38
"ENSMUSG00000031889",1,4,11,13,9,15,16,29
"ENSMUSG00000031897",8,1,20,34,16,15,13,26
"ENSMUSG00000031901",3,7,11,13,15,13,8,20
"ENSMUSG00000031902",10,5,25,15,24,13,23,31
"ENSMUSG00000031903",2,0,6,2,2,0,2,2
"ENSMUSG00000031904",7,2,7,14,6,8,13,21
"ENSMUSG00000031913",8,3,13,6,11,10,10,15
"ENSMUSG00000031917",3,1,6,8,5,8,9,10
"ENSMUSG00000031918",2,1,6,9,4,11,8,13
"ENSMUSG00000031921",6,2,14,9,10,7,8,11
"ENSMUSG00000031922",2,2,8,5,5,5,6,7
"ENSMUSG00000031924",10,4,24,28,10,5,22,21
"ENSMUSG00000031925",12,13,32,33,40,22,22,41
"ENSMUSG00000031928",6,6,8,11,14,13,9,17
"ENSMUSG00000031930",8,7,18,20,10,4,16,26
"ENSMUSG00000031932",1,0,4,0,2,0,4,3
"ENSMUSG00000031934",1,0,2,2,2,2,4,4
"ENSMUSG00000031935",0,6,7,4,7,4,5,14
"ENSMUSG00000031937",2,0,1,5,2,1,1,4
"ENSMUSG00000031938",5,5,13,22,8,16,11,30
"ENSMUSG00000031939",8,10,18,38,22,11,13,50
"ENSMUSG00000031948",1,1,4,3,7,2,3,8
"ENSMUSG00000031949",3,5,15,7,6,10,7,15
"ENSMUSG00000031950",46,18,95,105,79,31,97,155
"ENSMUSG00000031951",1,0,4,5,1,1,4,0
"ENSMUSG00000031954",18,15,48,48,34,17,43,55
"ENSMUSG00000031955",3,4,6,16,16,15,8,26
"ENSMUSG00000031958",2,2,8,6,3,3,3,3
"ENSMUSG00000031959",0,2,4,2,5,1,9,16
"ENSMUSG00000031960",5,5,19,33,22,19,27,39
"ENSMUSG00000031963",7,2,12,14,12,12,8,8
"ENSMUSG00000031969",3,3,10,10,10,13,11,19
"ENSMUSG00000031971",3,1,6,8,3,2,8,12
"ENSMUSG00000031972",2,1,5,14,5,1,6,14
"ENSMUSG00000031974",0,4,8,2,3,2,9,5
"ENSMUSG00000031979",6,1,5,5,6,4,4,11
"ENSMUSG00000031982",1,1,6,4,1,2,2,9
"ENSMUSG00000031984",2,0,10,8,4,4,5,9
"ENSMUSG00000031985",4,4,10,13,7,10,7,14
"ENSMUSG00000031986",0,1,4,4,3,1,1,8
"ENSMUSG00000031987",3,4,8,8,6,9,9,13
"ENSMUSG00000031988",5,9,14,9,12,7,18,15
"ENSMUSG00000031990",17,8,24,21,28,22,27,42
"ENSMUSG00000031993",0,8,11,6,6,5,7,13
"ENSMUSG00000031996",27,17,64,72,62,37,80,73
"ENSMUSG00000031997",1,2,11,2,5,5,13,13
"ENSMUSG00000032000",0,4,3,16,1,8,0,23
"ENSMUSG00000032002",10,10,43,27,34,21,22,49
"ENSMUSG00000032006",8,8,27,18,14,13,9,30
"ENSMUSG00000032009",9,9,47,22,28,10,22,21
"ENSMUSG00000032010",14,8,68,50,38,29,19,61
"ENSMUSG00000032011",12,11,90,118,49,63,117,82
"ENSMUSG00000032012",3,3,3,5,4,5,5,4
"ENSMUSG00000032014",15,20,60,86,61,40,19,70
"ENSMUSG00000032017",1,0,9,2,4,5,10,7
"ENSMUSG00000032018",1,10,27,29,23,14,17,30
"ENSMUSG00000032020",0,9,18,13,10,12,16,22
"ENSMUSG00000032024",1,2,1,2,3,1,18,6
"ENSMUSG00000032026",5,3,13,34,15,14,28,26
"ENSMUSG00000032028",4,5,15,16,7,16,5,27
"ENSMUSG00000032030",15,11,27,26,22,14,20,40
"ENSMUSG00000032033",0,0,0,2,0,0,0,6
"ENSMUSG00000032035",3,1,2,3,3,3,6,4
"ENSMUSG00000032036",121,44,285,233,350,153,222,284
"ENSMUSG00000032038",16,13,71,61,53,19,29,77
"ENSMUSG00000032040",3,1,2,10,3,3,10,9
"ENSMUSG00000032041",0,4,3,7,3,12,4,23
"ENSMUSG00000032042",5,6,22,19,13,13,15,35
"ENSMUSG00000032046",12,12,59,52,60,39,56,77
"ENSMUSG00000032047",18,11,31,47,36,24,36,67
"ENSMUSG00000032050",8,2,22,27,13,13,29,18
"ENSMUSG00000032051",1,3,8,11,6,3,3,10
"ENSMUSG00000032058",4,1,4,6,3,6,7,7
"ENSMUSG00000032059",2,1,7,3,9,6,4,3
"ENSMUSG00000032060",12,8,30,44,55,20,61,31
"ENSMUSG00000032064",5,1,9,10,8,2,15,19
"ENSMUSG00000032067",4,3,19,21,22,13,13,30
"ENSMUSG00000032076",157,107,494,354,367,292,203,574
"ENSMUSG00000032077",2,1,11,19,9,7,6,15
"ENSMUSG00000032078",1,3,8,17,8,3,6,7
"ENSMUSG00000032086",5,10,15,22,13,9,26,30
"ENSMUSG00000032087",3,5,9,4,22,6,12,15
"ENSMUSG00000032096",7,4,17,22,10,9,14,18
"ENSMUSG00000032097",4,5,19,29,22,15,17,24
"ENSMUSG00000032101",2,0,5,5,3,4,6,8
"ENSMUSG00000032103",7,3,12,11,15,8,11,24
"ENSMUSG00000032112",14,7,26,34,18,13,21,40
"ENSMUSG00000032114",4,2,1,21,6,11,2,20
"ENSMUSG00000032115",3,3,2,9,2,3,8,5
"ENSMUSG00000032116",5,3,12,21,18,16,16,18
"ENSMUSG00000032118",15,11,35,46,38,23,70,45
"ENSMUSG00000032120",8,6,12,14,4,3,8,13
"ENSMUSG00000032121",12,6,19,19,21,11,7,31
"ENSMUSG00000032125",0,0,0,2,1,0,0,0
"ENSMUSG00000032126",5,1,5,12,8,5,7,10
"ENSMUSG00000032127",1,3,11,2,10,10,11,20
"ENSMUSG00000032128",0,0,0,3,1,0,2,2
"ENSMUSG00000032131",1,0,5,5,5,1,5,9
"ENSMUSG00000032171",10,6,31,74,33,20,33,48
"ENSMUSG00000032172",2,5,8,6,4,3,8,11
"ENSMUSG00000032174",2,1,13,14,10,3,12,9
"ENSMUSG00000032175",2,5,8,7,6,2,3,8
"ENSMUSG00000032177",3,3,12,14,14,8,25,22
"ENSMUSG00000032178",6,7,19,17,15,7,22,19
"ENSMUSG00000032180",3,6,12,21,18,13,14,17
"ENSMUSG00000032181",23,32,133,142,103,90,97,160
"ENSMUSG00000032182",5,1,5,10,12,5,9,11
"ENSMUSG00000032184",8,10,29,31,16,13,26,41
"ENSMUSG00000032185",0,3,9,9,12,7,8,24
"ENSMUSG00000032186",14,8,60,71,41,28,49,83
"ENSMUSG00000032187",8,4,26,24,15,17,36,39
"ENSMUSG00000032192",3,0,2,0,3,2,8,1
"ENSMUSG00000032193",25,38,30,52,58,44,19,105
"ENSMUSG00000032194",3,1,11,15,14,6,8,8
"ENSMUSG00000032198",2,1,2,1,4,3,3,4
"ENSMUSG00000032199",9,6,28,54,31,8,19,57
"ENSMUSG00000032202",1,2,0,1,0,2,1,4
"ENSMUSG00000032212",18,13,69,86,87,39,67,119
"ENSMUSG00000032215",7,1,9,28,10,5,4,14
"ENSMUSG00000032216",27,18,106,62,85,38,84,86
"ENSMUSG00000032217",3,5,17,19,15,13,10,21
"ENSMUSG00000032220",6,9,15,11,10,14,13,28
"ENSMUSG00000032221",3,4,6,5,4,2,5,10
"ENSMUSG00000032224",6,4,19,13,10,3,8,23
"ENSMUSG00000032228",20,33,60,93,65,57,62,127
"ENSMUSG00000032231",0,3,1,18,2,12,1,22
"ENSMUSG00000032232",3,8,2,15,0,15,4,31
"ENSMUSG00000032235",2,0,4,4,6,1,2,16
"ENSMUSG00000032238",412,482,1049,1135,741,841,491,1729
"ENSMUSG00000032239",9,4,23,24,32,7,25,43
"ENSMUSG00000032243",1,1,3,3,3,2,0,5
"ENSMUSG00000032244",7,1,14,9,20,6,16,16
"ENSMUSG00000032249",12,6,34,35,32,19,56,49
"ENSMUSG00000032251",2,3,4,7,2,3,7,13
"ENSMUSG00000032252",3,0,4,11,6,3,5,5
"ENSMUSG00000032253",14,19,42,44,38,45,48,75
"ENSMUSG00000032258",1,3,6,1,7,3,2,4
"ENSMUSG00000032261",1,0,3,2,3,1,1,6
"ENSMUSG00000032262",6,1,11,12,12,9,14,18
"ENSMUSG00000032263",9,10,27,21,23,19,19,52
"ENSMUSG00000032264",2,1,10,3,15,8,6,9
"ENSMUSG00000032267",8,2,14,7,10,7,13,9
"ENSMUSG00000032269",0,0,0,0,0,0,0,1
"ENSMUSG00000032278",0,0,1,2,1,0,0,0
"ENSMUSG00000032279",7,5,25,27,26,11,38,32
"ENSMUSG00000032281",31,28,118,72,105,65,59,145
"ENSMUSG00000032285",2,2,7,7,5,4,3,15
"ENSMUSG00000032288",6,6,12,19,11,9,16,23
"ENSMUSG00000032289",0,2,2,3,0,1,2,3
"ENSMUSG00000032290",11,13,49,42,41,40,30,60
"ENSMUSG00000032293",6,4,22,20,18,13,15,18
"ENSMUSG00000032294",40,26,83,100,76,36,156,118
"ENSMUSG00000032295",2,1,4,4,8,1,4,16
"ENSMUSG00000032297",0,1,5,2,4,5,4,5
"ENSMUSG00000032299",6,4,18,26,16,13,14,18
"ENSMUSG00000032301",9,3,10,28,13,8,19,24
"ENSMUSG00000032306",2,2,2,5,5,2,5,9
"ENSMUSG00000032307",1,3,10,10,6,8,8,25
"ENSMUSG00000032308",0,0,1,5,2,3,2,2
"ENSMUSG00000032309",1,0,6,5,11,6,6,10
"ENSMUSG00000032311",3,0,1,3,1,0,2,2
"ENSMUSG00000032312",3,2,5,3,4,0,4,4
"ENSMUSG00000032313",0,0,0,0,2,0,8,0
"ENSMUSG00000032314",19,12,44,37,34,30,27,52
"ENSMUSG00000032316",3,3,10,11,10,8,10,13
"ENSMUSG00000032320",23,17,78,104,62,39,51,57
"ENSMUSG00000032324",29,22,120,162,155,89,139,150
"ENSMUSG00000032327",0,0,0,1,0,0,0,4
"ENSMUSG00000032328",17,16,52,49,39,23,42,49
"ENSMUSG00000032329",14,16,53,41,32,25,40,46
"ENSMUSG00000032330",45,23,132,222,103,59,102,156
"ENSMUSG00000032332",0,1,2,1,1,0,0,1
"ENSMUSG00000032333",4,3,10,12,6,9,11,18
"ENSMUSG00000032336",25,27,95,102,82,67,84,76
"ENSMUSG00000032340",26,13,87,53,72,67,51,80
"ENSMUSG00000032342",6,2,9,7,10,10,10,18
"ENSMUSG00000032348",1,0,6,5,6,4,9,5
"ENSMUSG00000032349",48,39,105,123,109,91,42,129
"ENSMUSG00000032350",8,1,14,10,8,4,10,12
"ENSMUSG00000032352",4,5,11,8,6,3,5,14
"ENSMUSG00000032353",15,7,17,22,21,11,15,30
"ENSMUSG00000032355",4,4,9,8,8,5,29,11
"ENSMUSG00000032356",12,6,29,15,26,18,70,24
"ENSMUSG00000032359",0,0,1,1,0,1,0,0
"ENSMUSG00000032360",0,0,2,1,0,0,1,1
"ENSMUSG00000032366",16,12,33,40,29,18,37,56
"ENSMUSG00000032368",5,0,6,4,0,2,14,0
"ENSMUSG00000032369",0,0,0,5,2,0,1,5
"ENSMUSG00000032370",4,4,9,15,12,6,17,29
"ENSMUSG00000032373",3,2,3,4,3,2,1,2
"ENSMUSG00000032374",1,2,3,16,6,2,9,15
"ENSMUSG00000032375",3,0,3,9,3,2,10,12
"ENSMUSG00000032376",14,3,36,12,25,11,31,39
"ENSMUSG00000032380",1,1,2,3,1,2,2,9
"ENSMUSG00000032381",1,2,20,14,12,5,8,17
"ENSMUSG00000032382",6,5,16,20,23,23,11,33
"ENSMUSG00000032383",27,23,46,88,64,46,44,65
"ENSMUSG00000032384",17,12,38,35,21,15,31,39
"ENSMUSG00000032386",17,14,46,36,36,35,31,64
"ENSMUSG00000032388",4,3,7,7,5,2,9,13
"ENSMUSG00000032392",0,0,3,7,7,2,3,6
"ENSMUSG00000032393",3,1,20,12,14,11,13,18
"ENSMUSG00000032394",12,6,13,10,15,7,7,18
"ENSMUSG00000032396",5,3,8,3,10,7,6,8
"ENSMUSG00000032397",5,6,12,18,16,5,19,22
"ENSMUSG00000032398",0,3,13,31,20,5,13,31
"ENSMUSG00000032399",30,16,105,149,95,60,106,169
"ENSMUSG00000032400",0,0,1,1,1,0,2,4
"ENSMUSG00000032402",2,4,10,12,10,12,17,23
"ENSMUSG00000032403",6,3,16,11,14,6,22,28
"ENSMUSG00000032405",46,40,109,138,86,112,61,268
"ENSMUSG00000032407",15,8,31,38,37,24,40,61
"ENSMUSG00000032409",3,10,25,24,19,21,15,26
"ENSMUSG00000032410",5,10,34,36,22,25,27,48
"ENSMUSG00000032411",6,5,15,18,15,5,25,22
"ENSMUSG00000032412",4,3,20,27,16,8,24,26
"ENSMUSG00000032413",24,16,82,45,50,36,49,77
"ENSMUSG00000032415",0,1,2,16,6,4,2,27
"ENSMUSG00000032417",1,2,2,6,1,5,6,6
"ENSMUSG00000032418",6,2,17,9,6,12,11,19
"ENSMUSG00000032420",0,0,1,1,0,3,3,11
"ENSMUSG00000032422",2,2,9,11,6,4,13,7
"ENSMUSG00000032423",6,9,8,19,17,12,14,23
"ENSMUSG00000032425",10,12,47,29,37,13,34,35
"ENSMUSG00000032434",2,0,4,8,6,2,3,8
"ENSMUSG00000032435",8,6,22,26,16,12,17,31
"ENSMUSG00000032437",18,18,41,88,37,64,40,130
"ENSMUSG00000032440",2,6,10,14,5,11,8,28
"ENSMUSG00000032449",7,4,12,14,12,16,13,21
"ENSMUSG00000032452",14,14,19,9,18,22,41,29
"ENSMUSG00000032456",4,0,5,2,5,6,1,8
"ENSMUSG00000032458",3,1,9,8,3,3,5,12
"ENSMUSG00000032462",1,5,5,6,6,3,8,9
"ENSMUSG00000032463",1,0,13,17,8,7,11,12
"ENSMUSG00000032468",11,3,33,15,15,14,8,21
"ENSMUSG00000032470",9,14,47,24,59,25,40,83
"ENSMUSG00000032475",2,3,11,13,9,6,15,16
"ENSMUSG00000032478",2,1,5,4,8,4,6,12
"ENSMUSG00000032479",36,23,129,115,113,81,97,175
"ENSMUSG00000032480",30,23,83,62,87,71,72,145
"ENSMUSG00000032481",10,8,25,29,31,18,30,43
"ENSMUSG00000032482",37,35,237,136,273,76,156,161
"ENSMUSG00000032485",7,0,24,27,16,6,17,19
"ENSMUSG00000032487",0,0,2,3,1,0,3,1
"ENSMUSG00000032489",3,3,13,14,8,8,8,15
"ENSMUSG00000032492",1,2,3,4,1,0,2,1
"ENSMUSG00000032497",8,4,7,15,15,10,15,24
"ENSMUSG00000032500",0,0,2,2,0,4,4,2
"ENSMUSG00000032501",3,8,4,15,10,20,2,32
"ENSMUSG00000032502",0,0,2,1,2,0,5,8
"ENSMUSG00000032503",44,22,81,59,94,88,203,105
"ENSMUSG00000032504",2,6,13,16,12,4,15,16
"ENSMUSG00000032507",4,4,11,7,7,6,16,13
"ENSMUSG00000032512",1,1,11,7,8,4,8,14
"ENSMUSG00000032517",30,11,75,82,46,20,59,43
"ENSMUSG00000032518",10,13,87,103,29,24,67,95
"ENSMUSG00000032519",4,5,16,13,10,11,16,31
"ENSMUSG00000032525",20,17,41,36,33,26,32,70
"ENSMUSG00000032526",19,6,24,62,23,11,14,42
"ENSMUSG00000032527",4,8,13,13,11,5,10,18
"ENSMUSG00000032528",1,2,1,8,1,3,3,0
"ENSMUSG00000032530",1,1,3,3,2,0,1,1
"ENSMUSG00000032532",130,74,296,549,320,229,306,529
"ENSMUSG00000032534",2,2,5,3,8,6,7,6
"ENSMUSG00000032536",11,5,50,36,57,16,36,35
"ENSMUSG00000032537",13,7,59,20,70,16,52,21
"ENSMUSG00000032547",4,4,15,9,15,6,13,15
"ENSMUSG00000032548",2,0,4,3,2,2,7,3
"ENSMUSG00000032549",13,10,41,42,36,24,45,48
"ENSMUSG00000032551",2,2,6,15,12,4,10,14
"ENSMUSG00000032553",3,3,13,14,14,14,9,18
"ENSMUSG00000032555",2,3,5,5,3,7,4,8
"ENSMUSG00000032556",1,0,1,0,0,2,1,0
"ENSMUSG00000032557",2,5,9,7,13,7,18,22
"ENSMUSG00000032558",4,3,15,8,8,16,1,23
"ENSMUSG00000032560",8,3,16,19,20,21,17,30
"ENSMUSG00000032562",2,4,22,34,23,12,18,27
"ENSMUSG00000032563",13,4,11,18,11,10,16,23
"ENSMUSG00000032564",4,2,7,9,15,6,25,17
"ENSMUSG00000032570",29,21,82,84,60,56,71,121
"ENSMUSG00000032571",2,3,6,3,5,4,9,5
"ENSMUSG00000032575",17,19,67,89,70,42,44,80
"ENSMUSG00000032580",21,15,47,46,52,32,50,82
"ENSMUSG00000032582",23,12,62,54,43,32,38,90
"ENSMUSG00000032583",3,4,4,9,8,4,4,7
"ENSMUSG00000032586",1,0,1,3,1,3,1,3
"ENSMUSG00000032589",13,5,24,19,17,10,41,40
"ENSMUSG00000032594",5,7,25,17,21,18,19,39
"ENSMUSG00000032598",1,1,4,7,4,5,3,3
"ENSMUSG00000032599",13,7,27,45,32,25,24,69
"ENSMUSG00000032601",12,2,21,12,18,8,16,19
"ENSMUSG00000032602",5,4,3,14,8,8,5,28
"ENSMUSG00000032604",1,1,5,10,7,5,5,6
"ENSMUSG00000032606",6,1,12,8,8,9,11,16
"ENSMUSG00000032607",2,1,11,2,9,2,8,3
"ENSMUSG00000032609",4,1,1,3,7,3,3,2
"ENSMUSG00000032612",5,8,9,17,21,17,22,23
"ENSMUSG00000032615",4,4,17,13,14,10,13,24
"ENSMUSG00000032621",12,4,28,20,24,28,23,38
"ENSMUSG00000032624",4,6,19,12,17,13,15,18
"ENSMUSG00000032625",6,1,5,9,7,8,14,13
"ENSMUSG00000032633",3,1,10,4,9,4,6,3
"ENSMUSG00000032637",9,5,19,20,25,16,16,41
"ENSMUSG00000032640",4,4,16,11,7,7,8,13
"ENSMUSG00000032641",6,9,17,18,26,14,12,26
"ENSMUSG00000032649",2,0,7,4,7,3,7,6
"ENSMUSG00000032652",5,2,14,4,9,4,11,12
"ENSMUSG00000032656",5,15,21,67,11,47,14,50
"ENSMUSG00000032657",4,1,8,5,5,7,4,10
"ENSMUSG00000032666",3,6,15,19,27,11,19,17
"ENSMUSG00000032667",10,8,47,57,48,33,30,46
"ENSMUSG00000032679",3,4,2,7,3,3,8,9
"ENSMUSG00000032688",1,0,2,4,5,5,3,5
"ENSMUSG00000032698",1,0,3,1,4,1,4,4
"ENSMUSG00000032702",27,30,101,56,73,53,38,81
"ENSMUSG00000032705",2,2,13,11,8,5,13,11
"ENSMUSG00000032712",6,5,9,19,12,8,12,14
"ENSMUSG00000032724",7,7,20,13,35,9,12,14
"ENSMUSG00000032735",2,1,0,2,2,3,22,3
"ENSMUSG00000032740",28,21,98,89,104,41,81,89
"ENSMUSG00000032741",10,2,36,12,40,11,32,19
"ENSMUSG00000032743",7,9,24,29,25,16,19,34
"ENSMUSG00000032745",10,8,30,23,23,12,20,24
"ENSMUSG00000032750",2,5,10,1,3,3,2,4
"ENSMUSG00000032757",4,2,11,14,5,2,4,13
"ENSMUSG00000032763",1,4,16,11,10,16,15,14
"ENSMUSG00000032766",4,0,6,9,12,4,9,3
"ENSMUSG00000032773",2,3,12,7,12,12,14,20
"ENSMUSG00000032776",0,0,2,1,4,1,0,1
"ENSMUSG00000032777",7,3,12,18,25,9,9,24
"ENSMUSG00000032782",0,1,1,2,5,13,6,12
"ENSMUSG00000032786",3,3,11,8,11,9,12,17
"ENSMUSG00000032788",4,4,14,16,3,8,7,13
"ENSMUSG00000032796",0,0,0,0,0,2,0,0
"ENSMUSG00000032802",2,4,10,18,14,6,6,19
"ENSMUSG00000032803",4,2,8,11,6,2,5,20
"ENSMUSG00000032816",18,4,37,28,52,22,33,24
"ENSMUSG00000032826",92,123,419,387,471,293,593,671
"ENSMUSG00000032827",26,21,76,53,63,41,69,69
"ENSMUSG00000032839",9,8,19,12,17,8,15,19
"ENSMUSG00000032840",3,3,7,12,9,4,6,13
"ENSMUSG00000032841",3,4,17,9,22,19,35,24
"ENSMUSG00000032842",1,1,12,14,14,10,11,36
"ENSMUSG00000032846",10,14,45,40,43,45,21,54
"ENSMUSG00000032849",2,3,10,5,8,5,5,15
"ENSMUSG00000032850",6,2,3,8,14,5,11,21
"ENSMUSG00000032854",0,0,14,7,17,3,13,8
"ENSMUSG00000032855",5,7,16,25,16,11,26,14
"ENSMUSG00000032867",3,2,12,11,4,13,16,22
"ENSMUSG00000032869",5,0,2,7,10,5,10,10
"ENSMUSG00000032870",5,1,9,15,12,9,15,12
"ENSMUSG00000032872",5,0,6,16,8,5,6,17
"ENSMUSG00000032875",6,5,4,10,13,2,19,15
"ENSMUSG00000032878",37,33,56,95,34,67,51,113
"ENSMUSG00000032883",59,35,179,127,143,71,77,123
"ENSMUSG00000032890",4,4,10,10,14,3,8,11
"ENSMUSG00000032897",8,3,33,25,31,11,22,22
"ENSMUSG00000032898",4,2,12,13,15,4,18,19
"ENSMUSG00000032902",2,9,24,47,12,22,11,48
"ENSMUSG00000032905",5,4,16,22,8,9,11,24
"ENSMUSG00000032908",0,0,1,1,3,1,10,3
"ENSMUSG00000032911",1,1,1,0,3,2,2,1
"ENSMUSG00000032913",5,11,25,33,25,31,31,58
"ENSMUSG00000032925",1,0,3,4,1,1,2,2
"ENSMUSG00000032932",5,2,8,13,11,3,8,16
"ENSMUSG00000032936",14,8,23,25,25,17,39,29
"ENSMUSG00000032937",1,0,5,2,3,1,2,3
"ENSMUSG00000032939",3,0,15,8,5,6,8,13
"ENSMUSG00000032946",0,0,1,8,3,1,4,6
"ENSMUSG00000032959",65,43,168,235,135,88,166,251
"ENSMUSG00000032965",3,2,15,15,18,8,18,12
"ENSMUSG00000032966",63,25,153,239,155,85,165,245
"ENSMUSG00000032968",0,1,4,1,0,3,2,3
"ENSMUSG00000032977",4,0,1,8,6,8,5,16
"ENSMUSG00000032985",9,7,12,14,13,25,27,28
"ENSMUSG00000032997",1,2,12,15,8,4,8,10
"ENSMUSG00000032998",7,3,23,23,20,15,19,34
"ENSMUSG00000033004",29,20,51,66,65,44,55,99
"ENSMUSG00000033006",1,2,2,3,2,2,7,2
"ENSMUSG00000033007",1,0,0,1,1,0,0,2
"ENSMUSG00000033009",4,5,26,14,27,10,15,28
"ENSMUSG00000033014",6,6,22,30,25,7,19,30
"ENSMUSG00000033020",4,5,18,35,15,6,17,24
"ENSMUSG00000033021",1,0,8,2,3,7,9,5
"ENSMUSG00000033022",1,2,0,19,3,6,6,16
"ENSMUSG00000033029",4,3,10,12,11,4,5,22
"ENSMUSG00000033032",1,3,2,5,1,1,6,3
"ENSMUSG00000033033",0,1,5,1,2,2,1,5
"ENSMUSG00000033039",1,3,3,7,5,8,5,9
"ENSMUSG00000033054",9,2,7,15,10,7,15,13
"ENSMUSG00000033059",19,6,96,46,62,24,46,25
"ENSMUSG00000033060",9,2,7,8,7,10,7,9
"ENSMUSG00000033061",2,3,9,28,8,2,8,14
"ENSMUSG00000033063",0,0,0,3,0,1,1,1
"ENSMUSG00000033065",15,7,28,35,37,25,29,67
"ENSMUSG00000033066",14,7,42,55,44,29,58,74
"ENSMUSG00000033068",3,1,11,6,9,6,2,9
"ENSMUSG00000033075",7,4,21,15,15,16,10,40
"ENSMUSG00000033083",1,1,9,9,7,3,8,19
"ENSMUSG00000033096",5,1,17,15,12,8,11,9
"ENSMUSG00000033099",3,2,9,15,8,8,8,23
"ENSMUSG00000033102",5,4,11,9,11,16,13,22
"ENSMUSG00000033106",16,12,19,24,25,22,26,64
"ENSMUSG00000033107",0,0,1,3,0,2,1,13
"ENSMUSG00000033111",9,16,32,23,27,17,12,43
"ENSMUSG00000033124",8,4,15,13,28,10,14,31
"ENSMUSG00000033128",1,2,6,5,5,5,9,6
"ENSMUSG00000033147",3,1,0,2,1,3,4,2
"ENSMUSG00000033149",1,1,6,2,2,0,2,2
"ENSMUSG00000033152",12,10,19,29,20,14,31,30
"ENSMUSG00000033159",6,1,6,18,8,5,14,12
"ENSMUSG00000033161",22,14,40,73,43,33,71,76
"ENSMUSG00000033174",66,49,191,131,178,72,118,210
"ENSMUSG00000033184",18,9,39,53,37,28,38,41
"ENSMUSG00000033186",9,3,9,22,17,10,15,24
"ENSMUSG00000033192",1,1,3,6,1,3,1,3
"ENSMUSG00000033207",1,3,16,11,9,6,13,6
"ENSMUSG00000033208",6,5,32,48,33,20,45,48
"ENSMUSG00000033209",10,8,27,24,45,10,42,26
"ENSMUSG00000033214",7,7,3,16,6,13,8,17
"ENSMUSG00000033216",9,5,13,16,25,10,23,18
"ENSMUSG00000033228",8,10,15,25,12,16,20,34
"ENSMUSG00000033237",10,5,21,26,19,9,16,31
"ENSMUSG00000033253",1,2,7,3,3,3,1,10
"ENSMUSG00000033257",1,7,22,14,20,12,9,19
"ENSMUSG00000033272",2,1,11,16,6,5,10,12
"ENSMUSG00000033278",15,13,60,40,71,26,38,68
"ENSMUSG00000033282",0,1,3,7,9,2,8,6
"ENSMUSG00000033295",6,4,24,27,16,22,11,35
"ENSMUSG00000033306",39,29,99,121,72,85,49,142
"ENSMUSG00000033307",35,13,65,135,66,25,66,103
"ENSMUSG00000033308",4,0,15,14,5,8,14,18
"ENSMUSG00000033316",2,4,14,18,5,5,13,16
"ENSMUSG00000033319",1,3,8,8,3,6,9,11
"ENSMUSG00000033326",3,2,4,5,4,3,9,11
"ENSMUSG00000033335",16,10,75,42,38,25,55,59
"ENSMUSG00000033342",4,0,6,6,7,4,15,5
"ENSMUSG00000033350",10,10,32,53,42,30,15,41
"ENSMUSG00000033352",10,7,15,26,31,12,29,48
"ENSMUSG00000033355",0,8,1,32,0,16,1,35
"ENSMUSG00000033364",6,11,39,38,23,15,26,61
"ENSMUSG00000033365",2,0,10,2,2,3,5,3
"ENSMUSG00000033373",7,1,11,15,12,10,23,19
"ENSMUSG00000033377",1,0,1,5,1,0,1,3
"ENSMUSG00000033379",35,35,116,184,120,77,131,157
"ENSMUSG00000033382",8,10,22,16,22,7,21,21
"ENSMUSG00000033386",3,3,8,10,5,4,2,11
"ENSMUSG00000033389",3,9,20,25,17,6,24,25
"ENSMUSG00000033392",38,22,129,57,93,46,104,91
"ENSMUSG00000033396",3,12,20,14,23,26,7,50
"ENSMUSG00000033400",26,15,90,33,74,29,29,68
"ENSMUSG00000033411",8,7,29,25,28,24,29,43
"ENSMUSG00000033416",7,7,10,13,9,14,7,18
"ENSMUSG00000033417",5,7,11,12,13,13,12,30
"ENSMUSG00000033419",10,2,36,29,27,8,36,31
"ENSMUSG00000033420",5,3,23,18,13,8,15,13
"ENSMUSG00000033423",10,10,34,37,31,21,26,33
"ENSMUSG00000033429",3,4,11,29,7,17,8,35
"ENSMUSG00000033430",3,2,5,15,6,7,4,11
"ENSMUSG00000033434",2,3,12,17,4,6,4,10
"ENSMUSG00000033436",1,1,10,8,8,3,11,12
"ENSMUSG00000033439",4,1,8,11,11,5,19,27
"ENSMUSG00000033444",7,9,39,37,30,13,24,40
"ENSMUSG00000033454",2,1,7,6,6,4,3,10
"ENSMUSG00000033458",4,6,9,6,6,9,8,9
"ENSMUSG00000033460",4,4,11,8,7,2,9,7
"ENSMUSG00000033467",0,2,5,12,6,7,11,14
"ENSMUSG00000033478",0,3,3,12,7,0,7,5
"ENSMUSG00000033486",7,5,14,3,14,1,8,13
"ENSMUSG00000033487",6,10,19,24,16,10,9,43
"ENSMUSG00000033499",14,9,28,29,19,16,22,31
"ENSMUSG00000033502",4,5,17,18,24,12,14,10
"ENSMUSG00000033510",25,14,53,52,44,54,50,63
"ENSMUSG00000033526",8,4,11,5,11,5,17,12
"ENSMUSG00000033530",7,8,13,19,16,21,22,35
"ENSMUSG00000033538",0,0,0,9,0,1,0,2
"ENSMUSG00000033543",20,10,50,53,41,24,30,53
"ENSMUSG00000033545",2,4,23,21,22,9,24,26
"ENSMUSG00000033554",6,4,17,19,12,6,7,31
"ENSMUSG00000033557",3,3,17,18,15,4,13,11
"ENSMUSG00000033565",13,17,33,38,29,33,42,50
"ENSMUSG00000033569",139,105,495,247,520,205,423,373
"ENSMUSG00000033577",51,48,165,158,173,119,88,242
"ENSMUSG00000033578",3,4,19,21,9,10,10,11
"ENSMUSG00000033579",6,4,6,3,15,10,10,12
"ENSMUSG00000033585",9,7,23,18,19,12,47,34
"ENSMUSG00000033590",0,0,1,0,1,0,1,1
"ENSMUSG00000033594",1,0,1,2,1,3,0,7
"ENSMUSG00000033595",5,4,11,11,14,17,14,14
"ENSMUSG00000033596",6,1,13,17,20,7,11,26
"ENSMUSG00000033597",3,0,10,3,7,5,9,5
"ENSMUSG00000033610",9,7,18,15,15,10,14,20
"ENSMUSG00000033615",16,11,46,59,43,30,52,103
"ENSMUSG00000033618",2,2,11,10,5,5,11,12
"ENSMUSG00000033623",3,5,16,15,9,10,7,22
"ENSMUSG00000033624",5,5,17,28,16,14,13,25
"ENSMUSG00000033628",2,2,4,9,2,5,4,4
"ENSMUSG00000033629",15,19,63,34,56,26,45,74
"ENSMUSG00000033632",11,7,35,18,22,16,26,31
"ENSMUSG00000033633",1,1,3,3,1,3,1,3
"ENSMUSG00000033653",6,10,26,14,27,17,28,40
"ENSMUSG00000033658",2,3,2,5,3,2,10,13
"ENSMUSG00000033669",1,0,4,2,1,0,2,4
"ENSMUSG00000033671",5,4,19,13,14,7,7,30
"ENSMUSG00000033676",13,15,34,24,27,29,68,48
"ENSMUSG00000033684",2,2,5,7,12,11,13,11
"ENSMUSG00000033685",2,1,4,5,0,1,8,1
"ENSMUSG00000033697",11,15,25,45,25,31,24,70
"ENSMUSG00000033701",12,8,17,31,32,15,24,35
"ENSMUSG00000033705",12,11,25,18,25,17,31,17
"ENSMUSG00000033706",1,2,3,3,2,5,6,9
"ENSMUSG00000033707",3,0,9,7,10,9,20,16
"ENSMUSG00000033713",27,16,51,68,45,57,48,101
"ENSMUSG00000033720",46,22,245,65,214,37,168,105
"ENSMUSG00000033721",4,7,30,18,33,10,23,33
"ENSMUSG00000033726",2,1,6,7,8,3,7,11
"ENSMUSG00000033728",0,4,5,10,5,1,6,7
"ENSMUSG00000033732",11,11,12,29,23,18,19,42
"ENSMUSG00000033735",10,3,8,16,8,2,12,19
"ENSMUSG00000033740",3,4,12,4,23,7,32,7
"ENSMUSG00000033751",6,5,10,15,12,7,9,9
"ENSMUSG00000033760",31,35,83,79,107,91,53,115
"ENSMUSG00000033763",6,1,24,4,24,0,16,12
"ENSMUSG00000033767",2,4,3,2,2,2,10,7
"ENSMUSG00000033768",60,35,168,129,102,80,89,106
"ENSMUSG00000033769",16,20,48,57,42,59,39,100
"ENSMUSG00000033770",0,0,2,0,0,0,1,0
"ENSMUSG00000033773",3,1,6,9,9,10,8,8
"ENSMUSG00000033781",3,4,9,6,13,6,15,12
"ENSMUSG00000033788",0,0,2,1,1,1,2,2
"ENSMUSG00000033790",5,7,16,16,10,12,17,20
"ENSMUSG00000033792",6,6,17,23,15,14,12,25
"ENSMUSG00000033793",8,5,25,35,27,22,21,46
"ENSMUSG00000033799",1,2,3,13,11,3,6,14
"ENSMUSG00000033805",10,4,34,37,27,10,25,39
"ENSMUSG00000033808",4,8,9,21,14,7,6,24
"ENSMUSG00000033813",6,7,18,19,17,11,11,27
"ENSMUSG00000033819",6,2,8,12,6,4,11,11
"ENSMUSG00000033845",5,1,18,12,23,6,19,26
"ENSMUSG00000033849",12,7,36,30,24,13,17,30
"ENSMUSG00000033854",2,2,11,5,10,8,23,2
"ENSMUSG00000033863",29,27,90,129,80,88,61,193
"ENSMUSG00000033871",1,1,1,0,2,5,10,3
"ENSMUSG00000033883",0,3,7,8,9,4,7,14
"ENSMUSG00000033885",3,0,11,12,9,5,9,13
"ENSMUSG00000033900",9,3,13,13,11,9,17,15
"ENSMUSG00000033902",3,2,5,14,11,7,10,7
"ENSMUSG00000033904",3,1,3,4,8,0,4,3
"ENSMUSG00000033906",2,1,5,0,2,6,2,2
"ENSMUSG00000033909",3,7,20,20,14,12,21,38
"ENSMUSG00000033910",2,2,17,5,5,11,6,7
"ENSMUSG00000033916",3,3,14,22,20,7,18,24
"ENSMUSG00000033917",21,9,55,82,44,30,69,82
"ENSMUSG00000033918",0,0,16,15,7,11,11,21
"ENSMUSG00000033931",4,3,6,6,2,6,5,11
"ENSMUSG00000033933",3,2,7,7,4,4,3,11
"ENSMUSG00000033938",13,4,23,54,27,19,41,43
"ENSMUSG00000033940",35,12,93,120,70,40,65,123
"ENSMUSG00000033943",11,9,29,25,25,17,25,34
"ENSMUSG00000033948",6,0,22,10,16,6,16,19
"ENSMUSG00000033955",2,2,6,6,1,2,4,7
"ENSMUSG00000033960",2,0,7,1,5,2,8,4
"ENSMUSG00000033965",20,29,137,155,83,57,85,159
"ENSMUSG00000033966",1,0,4,8,2,1,2,5
"ENSMUSG00000033972",3,2,4,6,5,5,2,16
"ENSMUSG00000033981",89,72,299,161,245,193,198,252
"ENSMUSG00000033983",4,0,11,5,11,3,13,9
"ENSMUSG00000033985",10,26,34,53,33,55,15,83
"ENSMUSG00000033991",5,5,11,12,9,8,7,18
"ENSMUSG00000033998",55,53,70,195,91,82,50,212
"ENSMUSG00000034000",1,0,2,0,1,0,0,2
"ENSMUSG00000034006",4,1,4,7,7,2,9,10
"ENSMUSG00000034007",15,15,58,56,41,43,46,58
"ENSMUSG00000034009",1,1,4,4,1,1,2,2
"ENSMUSG00000034021",8,7,17,21,14,11,20,22
"ENSMUSG00000034023",0,1,10,3,7,1,2,4
"ENSMUSG00000034024",3,1,16,28,8,8,28,25
"ENSMUSG00000034032",3,5,11,5,11,7,5,13
"ENSMUSG00000034040",10,3,8,13,4,7,27,21
"ENSMUSG00000034042",6,4,12,10,15,2,5,21
"ENSMUSG00000034055",39,23,176,78,142,43,49,126
"ENSMUSG00000034059",3,2,7,10,12,8,13,9
"ENSMUSG00000034063",2,1,1,4,6,1,3,5
"ENSMUSG00000034064",2,6,13,18,11,9,8,20
"ENSMUSG00000034066",12,9,30,27,13,11,8,40
"ENSMUSG00000034075",1,3,4,9,4,0,5,12
"ENSMUSG00000034083",9,10,15,32,29,13,9,34
"ENSMUSG00000034088",9,3,19,16,14,13,15,29
"ENSMUSG00000034098",3,2,13,10,6,2,11,10
"ENSMUSG00000034108",3,2,11,12,19,11,8,15
"ENSMUSG00000034109",8,2,15,9,11,4,10,12
"ENSMUSG00000034111",4,2,6,5,5,2,8,3
"ENSMUSG00000034118",3,3,14,6,11,5,18,15
"ENSMUSG00000034120",17,9,61,71,71,43,44,103
"ENSMUSG00000034126",1,4,11,10,10,3,4,14
"ENSMUSG00000034135",77,98,216,347,161,237,117,560
"ENSMUSG00000034145",1,1,2,0,0,1,11,4
"ENSMUSG00000034152",3,6,15,18,21,11,26,21
"ENSMUSG00000034154",5,10,28,36,28,29,19,36
"ENSMUSG00000034156",3,3,8,8,9,5,16,7
"ENSMUSG00000034157",9,1,21,19,18,11,18,39
"ENSMUSG00000034158",36,34,91,161,70,111,59,294
"ENSMUSG00000034160",46,23,90,114,54,94,93,104
"ENSMUSG00000034163",10,10,25,35,28,30,21,41
"ENSMUSG00000034164",1,1,5,3,10,2,10,3
"ENSMUSG00000034165",50,39,115,109,67,59,18,161
"ENSMUSG00000034168",3,4,12,15,13,8,11,16
"ENSMUSG00000034171",1,1,4,9,11,10,14,12
"ENSMUSG00000034175",2,5,5,4,13,2,5,6
"ENSMUSG00000034187",31,12,84,75,70,41,90,109
"ENSMUSG00000034189",1,3,4,6,8,4,6,9
"ENSMUSG00000034190",4,5,19,11,10,6,15,10
"ENSMUSG00000034192",9,4,16,19,11,7,12,26
"ENSMUSG00000034201",2,0,2,6,5,3,8,2
"ENSMUSG00000034203",4,11,23,43,30,14,25,45
"ENSMUSG00000034209",3,2,18,16,5,10,8,20
"ENSMUSG00000034210",11,5,24,29,21,14,22,36
"ENSMUSG00000034211",8,4,25,27,25,21,24,37
"ENSMUSG00000034216",1,0,8,7,5,5,9,6
"ENSMUSG00000034218",5,1,12,4,9,6,14,8
"ENSMUSG00000034220",1,0,5,10,2,3,4,11
"ENSMUSG00000034235",34,34,48,61,27,44,11,127
"ENSMUSG00000034243",22,17,44,43,30,46,22,99
"ENSMUSG00000034245",3,5,11,17,12,9,17,16
"ENSMUSG00000034252",6,14,23,30,29,11,29,36
"ENSMUSG00000034254",1,3,4,14,9,5,8,11
"ENSMUSG00000034259",3,2,8,17,9,4,12,20
"ENSMUSG00000034263",5,2,7,11,5,4,6,13
"ENSMUSG00000034265",2,3,5,8,9,6,22,15
"ENSMUSG00000034266",0,1,0,2,0,1,0,0
"ENSMUSG00000034269",17,11,43,40,45,35,35,55
"ENSMUSG00000034274",0,4,10,3,1,1,8,3
"ENSMUSG00000034278",4,4,7,10,6,8,8,13
"ENSMUSG00000034285",3,2,9,9,6,7,18,20
"ENSMUSG00000034290",4,11,13,22,18,21,21,36
"ENSMUSG00000034292",7,5,10,2,5,6,7,13
"ENSMUSG00000034295",7,7,4,12,20,12,17,24
"ENSMUSG00000034297",14,14,23,34,24,22,18,35
"ENSMUSG00000034300",1,2,7,8,6,2,6,11
"ENSMUSG00000034303",6,1,5,12,13,7,3,12
"ENSMUSG00000034310",2,6,10,3,15,17,24,22
"ENSMUSG00000034312",9,5,29,23,38,13,51,51
"ENSMUSG00000034317",1,0,1,1,6,2,14,4
"ENSMUSG00000034321",4,0,10,10,10,4,9,23
"ENSMUSG00000034324",0,0,0,2,0,1,2,2
"ENSMUSG00000034333",2,0,3,5,10,3,8,6
"ENSMUSG00000034336",5,3,22,25,14,12,40,29
"ENSMUSG00000034341",16,16,45,72,38,47,46,93
"ENSMUSG00000034342",12,11,16,26,22,23,21,39
"ENSMUSG00000034343",5,6,15,26,19,17,15,37
"ENSMUSG00000034345",26,11,42,63,42,24,31,58
"ENSMUSG00000034353",18,21,77,76,64,44,41,74
"ENSMUSG00000034354",8,13,23,24,24,15,28,35
"ENSMUSG00000034361",0,1,14,5,20,3,13,15
"ENSMUSG00000034377",14,16,71,42,75,28,73,54
"ENSMUSG00000034390",14,23,58,70,38,59,43,111
"ENSMUSG00000034401",0,0,11,12,6,2,4,14
"ENSMUSG00000034402",2,1,5,3,6,8,11,22
"ENSMUSG00000034403",3,2,13,10,11,7,22,25
"ENSMUSG00000034412",5,6,25,25,13,13,8,20
"ENSMUSG00000034413",0,0,4,4,0,1,4,5
"ENSMUSG00000034422",0,6,1,45,0,12,0,40
"ENSMUSG00000034424",2,1,14,20,10,4,10,12
"ENSMUSG00000034429",3,1,7,6,5,2,8,13
"ENSMUSG00000034430",1,2,3,4,9,8,12,5
"ENSMUSG00000034432",4,7,14,24,25,11,26,41
"ENSMUSG00000034438",1,0,5,12,0,0,3,0
"ENSMUSG00000034453",2,3,7,10,8,8,2,7
"ENSMUSG00000034459",0,5,0,23,1,13,0,40
"ENSMUSG00000034462",5,10,11,18,8,8,9,32
"ENSMUSG00000034463",8,3,39,33,33,19,17,24
"ENSMUSG00000034472",1,1,1,6,0,0,3,11
"ENSMUSG00000034473",5,4,11,15,11,17,17,17
"ENSMUSG00000034480",9,23,46,28,41,36,36,55
"ENSMUSG00000034484",5,1,8,15,13,2,24,17
"ENSMUSG00000034488",10,3,19,21,31,20,36,24
"ENSMUSG00000034493",9,4,10,12,13,17,12,21
"ENSMUSG00000034501",3,1,8,13,18,4,2,8
"ENSMUSG00000034518",7,5,16,8,12,6,16,11
"ENSMUSG00000034525",2,3,4,8,7,5,9,11
"ENSMUSG00000034532",0,1,0,3,0,1,5,1
"ENSMUSG00000034543",1,2,12,7,5,3,8,14
"ENSMUSG00000034544",15,12,25,16,20,20,34,31
"ENSMUSG00000034551",6,3,2,16,3,9,5,25
"ENSMUSG00000034557",22,8,34,25,33,37,34,60
"ENSMUSG00000034560",6,1,11,8,7,11,4,19
"ENSMUSG00000034566",15,16,57,107,46,14,52,73
"ENSMUSG00000034570",4,2,6,10,5,11,8,14
"ENSMUSG00000034573",8,4,21,19,10,6,17,14
"ENSMUSG00000034574",18,12,38,28,37,26,23,47
"ENSMUSG00000034575",4,0,5,7,7,3,7,7
"ENSMUSG00000034579",47,22,34,83,20,87,28,136
"ENSMUSG00000034584",0,1,0,2,0,1,8,4
"ENSMUSG00000034586",5,1,8,5,5,4,14,12
"ENSMUSG00000034591",1,3,9,9,2,6,4,8
"ENSMUSG00000034593",11,8,33,35,26,17,36,36
"ENSMUSG00000034601",3,2,15,5,10,9,12,21
"ENSMUSG00000034602",10,12,20,25,24,18,22,30
"ENSMUSG00000034610",18,10,58,54,48,41,33,79
"ENSMUSG00000034612",14,33,57,100,50,62,29,139
"ENSMUSG00000034613",9,5,19,23,15,12,22,27
"ENSMUSG00000034614",21,15,53,53,51,54,36,84
"ENSMUSG00000034616",0,1,1,1,2,2,1,7
"ENSMUSG00000034620",6,4,24,19,12,11,15,32
"ENSMUSG00000034621",45,34,75,119,65,67,77,127
"ENSMUSG00000034636",8,14,38,21,34,16,39,61
"ENSMUSG00000034640",32,67,63,271,65,345,34,542
"ENSMUSG00000034647",23,28,71,50,62,39,69,103
"ENSMUSG00000034648",0,1,6,15,10,6,10,7
"ENSMUSG00000034653",3,4,7,10,11,11,9,11
"ENSMUSG00000034656",6,10,9,19,12,30,86,23
"ENSMUSG00000034659",3,2,17,9,16,5,14,14
"ENSMUSG00000034663",2,4,14,13,13,5,20,18
"ENSMUSG00000034667",7,2,12,10,9,9,14,15
"ENSMUSG00000034673",1,1,7,8,3,1,5,9
"ENSMUSG00000034674",1,3,4,4,3,1,8,6
"ENSMUSG00000034675",5,6,11,11,8,6,11,17
"ENSMUSG00000034681",10,15,24,26,19,20,25,49
"ENSMUSG00000034685",2,4,13,8,7,3,9,11
"ENSMUSG00000034686",3,3,25,23,23,14,15,27
"ENSMUSG00000034687",4,3,6,4,9,8,7,3
"ENSMUSG00000034707",8,3,27,28,23,13,15,32
"ENSMUSG00000034708",7,4,20,23,16,6,11,15
"ENSMUSG00000034709",1,4,10,5,5,5,6,9
"ENSMUSG00000034714",11,3,31,10,33,12,33,28
"ENSMUSG00000034723",8,10,22,33,23,15,28,23
"ENSMUSG00000034724",2,3,15,5,11,10,9,9
"ENSMUSG00000034729",6,9,16,18,21,19,27,47
"ENSMUSG00000034730",15,8,27,51,32,25,40,41
"ENSMUSG00000034731",4,5,3,6,10,21,11,24
"ENSMUSG00000034738",1,0,0,0,0,0,0,1
"ENSMUSG00000034744",8,10,21,12,19,6,18,17
"ENSMUSG00000034748",2,1,2,2,2,5,4,5
"ENSMUSG00000034751",68,52,132,132,162,130,99,248
"ENSMUSG00000034755",26,6,48,16,48,31,47,41
"ENSMUSG00000034757",3,2,12,15,12,4,18,20
"ENSMUSG00000034761",4,11,14,19,17,8,16,25
"ENSMUSG00000034762",2,0,5,3,0,6,2,9
"ENSMUSG00000034771",2,2,12,7,9,7,4,6
"ENSMUSG00000034780",93,94,420,246,395,195,239,404
"ENSMUSG00000034781",1,5,16,16,8,3,10,9
"ENSMUSG00000034789",24,20,54,54,47,25,42,78
"ENSMUSG00000034793",3,3,16,20,11,16,12,17
"ENSMUSG00000034799",5,4,19,18,15,10,22,20
"ENSMUSG00000034801",7,5,40,30,28,16,31,19
"ENSMUSG00000034807",6,3,6,6,5,4,7,9
"ENSMUSG00000034810",0,0,0,3,1,0,0,3
"ENSMUSG00000034813",24,10,32,50,52,32,44,59
"ENSMUSG00000034818",8,0,15,13,15,8,18,21
"ENSMUSG00000034820",9,4,20,28,19,16,13,37
"ENSMUSG00000034825",4,2,22,35,21,6,30,30
"ENSMUSG00000034826",2,3,5,5,9,3,4,25
"ENSMUSG00000034832",12,9,30,16,40,19,29,20
"ENSMUSG00000034839",2,0,8,5,8,2,12,6
"ENSMUSG00000034842",1,1,2,7,1,3,3,4
"ENSMUSG00000034845",3,1,10,11,3,3,6,9
"ENSMUSG00000034848",3,1,4,4,3,3,2,7
"ENSMUSG00000034850",6,4,16,21,25,11,21,21
"ENSMUSG00000034853",36,17,55,56,79,65,28,135
"ENSMUSG00000034854",1,0,3,2,3,3,3,3
"ENSMUSG00000034855",0,58,0,429,0,74,0,250
"ENSMUSG00000034858",15,14,38,18,18,8,14,15
"ENSMUSG00000034867",3,1,5,10,4,1,4,9
"ENSMUSG00000034868",10,8,32,52,22,14,24,44
"ENSMUSG00000034875",10,4,14,27,14,12,11,26
"ENSMUSG00000034880",7,7,12,23,16,9,20,29
"ENSMUSG00000034889",4,3,9,11,9,8,7,15
"ENSMUSG00000034891",75,40,187,279,164,104,138,277
"ENSMUSG00000034892",31,19,228,352,123,94,139,202
"ENSMUSG00000034893",3,3,12,8,4,3,3,10
"ENSMUSG00000034898",0,0,2,1,0,0,3,3
"ENSMUSG00000034902",9,4,22,23,22,17,15,27
"ENSMUSG00000034903",3,1,4,6,5,4,21,2
"ENSMUSG00000034908",0,2,8,6,9,5,8,13
"ENSMUSG00000034910",6,1,6,4,2,1,2,10
"ENSMUSG00000034912",223,177,573,514,438,422,252,750
"ENSMUSG00000034926",5,11,39,42,25,16,13,30
"ENSMUSG00000034928",1,2,4,4,4,3,6,6
"ENSMUSG00000034930",6,4,16,3,13,8,13,17
"ENSMUSG00000034931",2,4,5,3,3,3,12,9
"ENSMUSG00000034932",12,2,22,27,18,15,12,30
"ENSMUSG00000034940",5,7,27,18,31,11,18,27
"ENSMUSG00000034949",1,6,10,5,10,8,12,9
"ENSMUSG00000034951",6,2,10,17,10,7,12,15
"ENSMUSG00000034958",6,2,13,12,13,13,22,17
"ENSMUSG00000034973",10,8,18,19,15,12,18,36
"ENSMUSG00000034974",6,2,8,11,10,4,13,20
"ENSMUSG00000034981",4,4,7,4,6,4,11,12
"ENSMUSG00000034994",22,11,56,91,64,32,90,112
"ENSMUSG00000034997",0,0,1,0,4,4,0,2
"ENSMUSG00000034998",3,3,16,9,20,7,14,13
"ENSMUSG00000035000",0,0,0,0,1,0,0,1
"ENSMUSG00000035007",5,4,15,8,7,8,8,25
"ENSMUSG00000035011",15,8,31,31,27,15,38,46
"ENSMUSG00000035024",9,1,15,9,7,11,8,12
"ENSMUSG00000035027",15,10,50,55,56,42,42,70
"ENSMUSG00000035032",0,2,4,6,2,4,4,1
"ENSMUSG00000035033",8,2,13,14,11,9,18,14
"ENSMUSG00000035042",0,4,0,23,0,6,0,15
"ENSMUSG00000035045",9,7,31,23,21,16,19,37
"ENSMUSG00000035047",5,2,6,21,9,14,6,39
"ENSMUSG00000035048",8,3,17,33,13,8,18,22
"ENSMUSG00000035051",4,4,17,8,13,4,11,17
"ENSMUSG00000035062",2,2,5,2,7,2,3,5
"ENSMUSG00000035064",11,16,26,31,13,21,18,60
"ENSMUSG00000035067",6,6,9,15,17,17,28,27
"ENSMUSG00000035069",0,0,4,4,8,4,5,3
"ENSMUSG00000035086",3,7,12,22,12,17,12,46
"ENSMUSG00000035093",3,3,12,17,17,6,10,19
"ENSMUSG00000035104",14,4,46,30,64,22,18,46
"ENSMUSG00000035105",1,0,4,5,6,2,8,3
"ENSMUSG00000035107",6,5,12,13,4,7,6,10
"ENSMUSG00000035125",4,0,3,5,2,2,3,5
"ENSMUSG00000035126",1,0,2,6,5,2,2,4
"ENSMUSG00000035131",29,30,59,81,94,59,58,113
"ENSMUSG00000035133",39,16,116,53,120,44,75,85
"ENSMUSG00000035139",5,4,20,10,11,5,7,31
"ENSMUSG00000035142",2,3,5,7,5,2,4,7
"ENSMUSG00000035150",1,2,7,14,1,3,7,13
"ENSMUSG00000035152",20,7,47,49,29,29,37,54
"ENSMUSG00000035158",4,8,14,13,23,10,14,16
"ENSMUSG00000035161",6,9,15,13,20,11,17,23
"ENSMUSG00000035164",1,4,9,11,7,3,10,14
"ENSMUSG00000035168",3,3,11,17,8,10,9,21
"ENSMUSG00000035171",8,11,25,36,19,19,21,26
"ENSMUSG00000035173",3,0,4,6,7,3,11,9
"ENSMUSG00000035181",0,3,12,12,11,3,10,14
"ENSMUSG00000035183",7,8,13,16,14,20,26,27
"ENSMUSG00000035184",4,2,7,7,10,2,9,5
"ENSMUSG00000035189",2,3,6,5,13,3,15,12
"ENSMUSG00000035198",3,1,6,7,8,6,9,12
"ENSMUSG00000035199",16,13,48,69,54,33,48,67
"ENSMUSG00000035202",3,2,10,9,9,6,13,13
"ENSMUSG00000035203",3,11,18,37,29,21,35,35
"ENSMUSG00000035206",5,0,3,6,6,7,4,12
"ENSMUSG00000035212",6,4,12,11,10,4,5,24
"ENSMUSG00000035215",4,1,8,11,14,7,8,16
"ENSMUSG00000035226",2,0,6,5,6,3,12,8
"ENSMUSG00000035227",17,15,70,79,79,38,49,57
"ENSMUSG00000035228",3,1,10,12,8,1,7,19
"ENSMUSG00000035232",2,4,2,5,3,1,6,16
"ENSMUSG00000035234",1,3,8,5,11,4,3,6
"ENSMUSG00000035236",11,8,25,29,17,16,37,35
"ENSMUSG00000035237",14,20,66,110,76,44,41,91
"ENSMUSG00000035242",70,48,197,302,179,98,154,279
"ENSMUSG00000035245",3,3,18,1,9,5,3,14
"ENSMUSG00000035246",7,1,22,7,15,2,14,13
"ENSMUSG00000035247",15,12,47,57,26,17,39,51
"ENSMUSG00000035248",8,10,21,32,19,24,15,30
"ENSMUSG00000035258",1,0,6,2,1,1,11,1
"ENSMUSG00000035266",1,1,7,3,4,7,6,11
"ENSMUSG00000035268",9,9,44,46,34,28,35,65
"ENSMUSG00000035274",2,2,19,15,11,11,6,8
"ENSMUSG00000035275",9,4,26,7,19,9,7,25
"ENSMUSG00000035277",6,4,16,5,7,1,7,8
"ENSMUSG00000035278",12,5,20,38,21,10,18,30
"ENSMUSG00000035283",2,1,5,3,0,2,6,7
"ENSMUSG00000035284",6,3,13,7,16,5,22,16
"ENSMUSG00000035285",7,3,17,19,7,9,7,19
"ENSMUSG00000035297",7,7,14,23,19,8,18,17
"ENSMUSG00000035299",15,14,39,41,47,22,16,46
"ENSMUSG00000035305",14,7,15,18,12,12,15,21
"ENSMUSG00000035310",6,1,12,14,13,9,7,15
"ENSMUSG00000035311",5,2,15,9,12,8,9,9
"ENSMUSG00000035314",3,2,5,5,9,5,4,9
"ENSMUSG00000035325",3,0,18,7,13,2,10,17
"ENSMUSG00000035329",2,2,8,10,6,8,13,17
"ENSMUSG00000035337",0,1,7,1,5,5,7,9
"ENSMUSG00000035342",9,5,11,10,17,12,7,19
"ENSMUSG00000035352",0,2,0,21,0,2,1,14
"ENSMUSG00000035354",6,12,11,13,11,14,20,26
"ENSMUSG00000035355",0,0,1,0,3,1,3,3
"ENSMUSG00000035356",0,5,0,17,6,18,4,26
"ENSMUSG00000035357",16,11,28,29,36,35,54,44
"ENSMUSG00000035372",3,1,3,8,3,4,4,8
"ENSMUSG00000035373",0,10,0,42,0,15,0,43
"ENSMUSG00000035376",56,76,94,247,106,189,50,371
"ENSMUSG00000035382",7,4,18,15,19,10,11,22
"ENSMUSG00000035385",0,15,0,129,0,37,0,85
"ENSMUSG00000035390",3,2,17,13,7,2,13,15
"ENSMUSG00000035392",43,34,140,84,109,43,90,108
"ENSMUSG00000035397",0,0,3,4,0,1,4,7
"ENSMUSG00000035401",14,7,34,32,31,18,16,39
"ENSMUSG00000035407",0,1,1,0,0,0,4,4
"ENSMUSG00000035431",0,0,4,2,2,0,1,2
"ENSMUSG00000035437",18,13,64,52,60,67,47,86
"ENSMUSG00000035441",5,4,14,14,8,14,10,14
"ENSMUSG00000035443",3,2,14,16,17,10,16,27
"ENSMUSG00000035456",1,2,2,4,3,3,3,3
"ENSMUSG00000035469",8,2,8,15,11,9,12,25
"ENSMUSG00000035473",1,0,4,5,4,1,0,3
"ENSMUSG00000035478",3,5,3,16,9,7,6,21
"ENSMUSG00000035486",0,0,1,0,3,1,6,1
"ENSMUSG00000035495",2,2,5,8,7,9,3,20
"ENSMUSG00000035505",3,4,6,5,4,4,10,10
"ENSMUSG00000035513",1,0,15,6,20,14,14,15
"ENSMUSG00000035517",0,0,4,6,2,3,10,3
"ENSMUSG00000035521",7,5,4,18,16,13,23,48
"ENSMUSG00000035530",77,48,229,335,185,133,190,330
"ENSMUSG00000035545",12,6,29,36,47,40,23,93
"ENSMUSG00000035551",0,4,0,1,7,0,14,1
"ENSMUSG00000035559",7,4,14,16,14,14,6,29
"ENSMUSG00000035566",15,11,56,51,29,15,22,38
"ENSMUSG00000035569",9,10,29,27,26,19,22,55
"ENSMUSG00000035572",7,9,18,11,15,12,14,25
"ENSMUSG00000035575",4,2,13,9,6,13,11,20
"ENSMUSG00000035576",2,0,2,5,0,1,1,2
"ENSMUSG00000035580",0,0,7,4,4,2,2,5
"ENSMUSG00000035585",8,8,21,20,22,10,20,25
"ENSMUSG00000035596",5,4,15,17,12,24,20,12
"ENSMUSG00000035597",4,7,12,8,12,4,5,16
"ENSMUSG00000035601",2,1,4,3,4,6,5,6
"ENSMUSG00000035614",7,2,10,19,9,9,6,18
"ENSMUSG00000035615",11,15,34,36,23,34,16,72
"ENSMUSG00000035620",0,3,5,12,15,5,14,10
"ENSMUSG00000035621",0,3,7,12,6,6,1,18
"ENSMUSG00000035623",12,19,35,33,38,34,37,62
"ENSMUSG00000035629",3,3,5,11,11,4,12,15
"ENSMUSG00000035632",2,4,9,9,5,3,12,12
"ENSMUSG00000035637",7,3,9,9,10,2,6,9
"ENSMUSG00000035640",8,8,25,29,27,19,22,37
"ENSMUSG00000035642",10,5,32,19,22,10,16,34
"ENSMUSG00000035649",10,15,51,44,28,36,41,83
"ENSMUSG00000035653",13,13,18,15,38,42,102,48
"ENSMUSG00000035673",1,35,8,175,7,119,0,292
"ENSMUSG00000035674",12,5,17,48,20,13,21,29
"ENSMUSG00000035681",3,10,14,16,11,15,17,28
"ENSMUSG00000035686",5,5,18,48,22,35,22,69
"ENSMUSG00000035692",0,4,1,29,1,2,2,22
"ENSMUSG00000035696",0,11,14,31,14,14,11,36
"ENSMUSG00000035697",0,0,1,0,1,0,1,1
"ENSMUSG00000035704",3,1,2,6,5,3,3,10
"ENSMUSG00000035722",1,0,3,1,2,1,3,1
"ENSMUSG00000035725",1,1,0,3,2,2,1,4
"ENSMUSG00000035726",8,1,11,15,24,12,10,24
"ENSMUSG00000035735",5,6,16,6,26,13,21,27
"ENSMUSG00000035754",5,0,10,10,8,3,13,16
"ENSMUSG00000035757",2,3,11,5,7,9,9,14
"ENSMUSG00000035762",7,6,26,29,29,19,17,35
"ENSMUSG00000035764",3,1,6,11,3,7,4,12
"ENSMUSG00000035765",7,7,19,17,19,8,22,16
"ENSMUSG00000035770",14,6,38,50,46,30,55,66
"ENSMUSG00000035772",0,0,3,4,3,1,5,4
"ENSMUSG00000035776",0,2,14,10,14,4,21,24
"ENSMUSG00000035778",1,7,3,67,4,21,0,57
"ENSMUSG00000035781",14,7,40,57,32,29,42,56
"ENSMUSG00000035790",12,4,31,34,19,20,20,49
"ENSMUSG00000035798",12,10,22,28,29,28,33,46
"ENSMUSG00000035805",20,19,68,124,72,64,49,70
"ENSMUSG00000035824",4,1,11,11,13,13,7,16
"ENSMUSG00000035828",9,6,12,22,19,15,20,45
"ENSMUSG00000035834",0,0,6,1,5,2,2,4
"ENSMUSG00000035835",1,0,2,3,4,2,4,7
"ENSMUSG00000035847",6,5,23,22,14,8,20,18
"ENSMUSG00000035849",7,3,10,10,2,9,15,13
"ENSMUSG00000035851",3,8,14,9,10,11,6,19
"ENSMUSG00000035863",6,5,20,18,20,17,28,21
"ENSMUSG00000035864",63,66,125,130,159,136,298,203
"ENSMUSG00000035873",0,3,9,12,5,7,2,8
"ENSMUSG00000035877",34,27,90,55,73,19,47,96
"ENSMUSG00000035885",140,72,400,632,324,195,339,578
"ENSMUSG00000035890",3,5,15,7,17,4,14,15
"ENSMUSG00000035891",7,5,15,13,17,17,13,23
"ENSMUSG00000035898",3,0,8,7,4,4,5,8
"ENSMUSG00000035900",4,6,14,11,18,5,22,9
"ENSMUSG00000035901",10,5,37,33,23,19,44,37
"ENSMUSG00000035910",1,3,5,8,4,1,1,3
"ENSMUSG00000035914",3,0,1,4,4,1,5,1
"ENSMUSG00000035916",0,0,1,2,3,2,2,2
"ENSMUSG00000035919",19,16,14,67,62,56,12,128
"ENSMUSG00000035929",0,5,0,49,0,28,1,45
"ENSMUSG00000035933",17,17,45,65,56,21,53,49
"ENSMUSG00000035934",6,5,14,5,15,9,11,14
"ENSMUSG00000035936",2,1,10,7,7,6,9,12
"ENSMUSG00000035941",2,1,7,5,7,6,4,16
"ENSMUSG00000035948",5,4,12,25,4,13,2,25
"ENSMUSG00000035949",15,11,41,54,37,41,32,65
"ENSMUSG00000035953",3,4,8,19,16,13,17,36
"ENSMUSG00000035954",85,62,209,165,204,168,151,245
"ENSMUSG00000035958",1,0,5,12,4,4,8,13
"ENSMUSG00000035960",2,3,3,9,5,6,7,8
"ENSMUSG00000035964",8,9,22,26,19,21,40,22
"ENSMUSG00000035967",5,8,24,14,17,12,19,24
"ENSMUSG00000035969",6,3,23,14,7,11,13,21
"ENSMUSG00000035984",2,3,8,8,6,2,12,8
"ENSMUSG00000035992",28,16,55,37,51,29,32,78
"ENSMUSG00000036002",4,3,6,5,16,11,9,18
"ENSMUSG00000036006",10,4,15,7,18,12,13,4
"ENSMUSG00000036009",5,1,8,10,3,4,8,11
"ENSMUSG00000036019",28,19,79,54,76,32,80,76
"ENSMUSG00000036023",13,9,19,16,20,20,20,40
"ENSMUSG00000036026",10,2,18,24,17,19,17,25
"ENSMUSG00000036030",1,2,2,2,5,0,4,2
"ENSMUSG00000036046",10,9,38,19,42,32,23,56
"ENSMUSG00000036052",0,0,5,7,4,9,7,11
"ENSMUSG00000036053",45,57,115,215,124,148,68,302
"ENSMUSG00000036054",6,0,4,17,14,19,13,25
"ENSMUSG00000036062",5,6,22,20,20,9,16,24
"ENSMUSG00000036067",1,0,1,1,5,0,1,1
"ENSMUSG00000036078",10,9,24,44,25,32,20,30
"ENSMUSG00000036086",2,3,12,9,14,6,6,12
"ENSMUSG00000036087",2,3,7,8,7,4,3,13
"ENSMUSG00000036093",0,2,8,6,6,3,6,11
"ENSMUSG00000036095",48,40,271,87,226,88,134,156
"ENSMUSG00000036097",4,5,20,13,20,14,25,17
"ENSMUSG00000036098",1,0,4,7,9,6,5,3
"ENSMUSG00000036099",6,4,22,19,22,10,17,23
"ENSMUSG00000036103",0,0,3,0,7,1,8,1
"ENSMUSG00000036104",6,7,22,26,16,14,21,25
"ENSMUSG00000036111",2,3,11,5,10,2,8,5
"ENSMUSG00000036112",7,8,21,33,25,12,26,44
"ENSMUSG00000036114",2,5,6,22,11,7,9,14
"ENSMUSG00000036138",1,6,10,18,6,9,13,21
"ENSMUSG00000036155",50,51,67,123,59,89,61,139
"ENSMUSG00000036158",44,25,83,52,70,63,79,149
"ENSMUSG00000036167",2,2,13,10,4,4,8,15
"ENSMUSG00000036169",0,0,1,2,3,0,2,0
"ENSMUSG00000036180",3,0,6,5,5,11,8,8
"ENSMUSG00000036186",5,3,18,22,24,22,21,24
"ENSMUSG00000036188",3,0,13,7,23,5,9,14
"ENSMUSG00000036192",71,56,268,166,273,131,178,277
"ENSMUSG00000036196",2,2,5,1,4,4,3,3
"ENSMUSG00000036197",0,1,1,4,3,4,7,4
"ENSMUSG00000036202",6,4,20,21,17,12,19,17
"ENSMUSG00000036206",1,0,4,3,0,1,3,1
"ENSMUSG00000036218",4,2,4,8,14,5,24,8
"ENSMUSG00000036225",14,19,22,60,24,33,32,89
"ENSMUSG00000036241",8,9,25,39,28,27,33,49
"ENSMUSG00000036242",0,0,2,3,3,1,5,4
"ENSMUSG00000036246",2,0,0,0,4,3,4,4
"ENSMUSG00000036249",2,2,2,2,6,4,2,2
"ENSMUSG00000036256",1,3,4,23,5,7,9,21
"ENSMUSG00000036257",7,3,19,18,11,8,17,23
"ENSMUSG00000036264",4,2,2,10,9,26,31,14
"ENSMUSG00000036270",1,0,3,4,0,9,5,5
"ENSMUSG00000036273",6,6,9,7,10,10,8,11
"ENSMUSG00000036275",6,1,18,15,14,12,16,11
"ENSMUSG00000036278",38,19,96,50,79,23,57,57
"ENSMUSG00000036281",0,1,6,2,4,0,5,5
"ENSMUSG00000036285",1,2,7,7,5,4,6,8
"ENSMUSG00000036291",0,2,2,4,1,4,3,2
"ENSMUSG00000036295",2,0,8,7,7,2,6,4
"ENSMUSG00000036298",12,9,20,23,31,25,34,25
"ENSMUSG00000036299",26,10,61,85,62,40,42,109
"ENSMUSG00000036306",1,1,18,16,19,13,11,13
"ENSMUSG00000036309",11,7,36,53,25,14,31,53
"ENSMUSG00000036315",1,1,5,10,9,3,5,13
"ENSMUSG00000036323",5,6,15,19,10,17,15,25
"ENSMUSG00000036327",3,1,3,5,3,6,8,4
"ENSMUSG00000036333",6,14,50,31,45,25,35,49
"ENSMUSG00000036339",8,5,13,12,7,10,15,12
"ENSMUSG00000036352",2,4,9,11,11,8,6,25
"ENSMUSG00000036353",12,3,12,13,11,13,7,24
"ENSMUSG00000036356",18,17,104,18,78,21,56,43
"ENSMUSG00000036368",1,0,4,3,5,3,4,8
"ENSMUSG00000036371",12,5,38,57,29,28,29,61
"ENSMUSG00000036372",2,4,17,28,12,9,17,21
"ENSMUSG00000036377",8,1,20,9,12,11,21,14
"ENSMUSG00000036381",25,24,32,96,25,53,25,98
"ENSMUSG00000036390",0,0,2,7,5,2,3,6
"ENSMUSG00000036391",9,6,28,27,21,23,16,42
"ENSMUSG00000036398",6,3,18,39,14,13,26,28
"ENSMUSG00000036402",31,23,76,97,66,29,33,94
"ENSMUSG00000036403",1,1,3,5,2,2,4,5
"ENSMUSG00000036411",2,2,5,15,2,7,3,12
"ENSMUSG00000036422",1,0,1,4,4,1,5,0
"ENSMUSG00000036427",15,15,56,71,62,32,65,55
"ENSMUSG00000036430",3,0,4,12,6,6,15,13
"ENSMUSG00000036432",0,2,1,6,6,4,1,6
"ENSMUSG00000036435",5,7,5,8,7,4,15,14
"ENSMUSG00000036437",0,0,5,5,1,2,4,1
"ENSMUSG00000036438",242,121,634,960,545,308,599,833
"ENSMUSG00000036442",0,1,7,7,3,3,9,11
"ENSMUSG00000036450",2,2,1,5,5,5,5,9
"ENSMUSG00000036452",44,66,118,123,106,116,82,157
"ENSMUSG00000036461",6,4,30,32,20,11,12,46
"ENSMUSG00000036466",1,2,4,6,4,3,23,3
"ENSMUSG00000036469",9,10,11,19,25,34,49,38
"ENSMUSG00000036473",3,1,11,3,4,4,10,9
"ENSMUSG00000036478",7,4,41,37,28,28,20,35
"ENSMUSG00000036499",6,3,23,24,23,13,19,36
"ENSMUSG00000036501",9,7,15,24,16,19,17,26
"ENSMUSG00000036502",2,1,2,6,0,2,2,3
"ENSMUSG00000036503",17,16,71,76,69,34,42,50
"ENSMUSG00000036510",2,6,12,13,11,18,33,16
"ENSMUSG00000036513",0,5,10,4,7,2,5,13
"ENSMUSG00000036523",2,11,7,27,13,15,3,35
"ENSMUSG00000036528",5,12,16,13,11,31,11,30
"ENSMUSG00000036529",3,4,6,9,10,4,7,12
"ENSMUSG00000036533",4,0,3,3,5,3,8,7
"ENSMUSG00000036534",0,0,3,3,4,5,2,8
"ENSMUSG00000036545",0,0,4,0,0,0,2,1
"ENSMUSG00000036550",6,2,21,9,17,16,14,18
"ENSMUSG00000036552",14,22,47,90,43,72,27,79
"ENSMUSG00000036555",4,3,12,9,5,3,4,12
"ENSMUSG00000036560",10,8,37,40,40,14,22,43
"ENSMUSG00000036561",1,3,3,1,4,10,5,4
"ENSMUSG00000036564",20,26,72,92,73,36,102,132
"ENSMUSG00000036565",29,19,77,75,55,57,34,92
"ENSMUSG00000036568",6,6,20,16,17,7,17,29
"ENSMUSG00000036570",6,2,37,39,37,16,24,37
"ENSMUSG00000036572",8,8,26,27,29,18,23,44
"ENSMUSG00000036578",15,7,42,62,32,23,55,72
"ENSMUSG00000036585",19,12,34,16,25,38,25,39
"ENSMUSG00000036591",4,9,39,25,37,28,32,45
"ENSMUSG00000036599",5,6,7,6,5,12,4,10
"ENSMUSG00000036606",2,2,9,12,5,4,6,8
"ENSMUSG00000036611",0,1,5,5,7,3,8,7
"ENSMUSG00000036613",2,3,13,20,9,14,24,24
"ENSMUSG00000036617",17,24,31,33,34,45,83,51
"ENSMUSG00000036620",3,1,16,10,11,4,11,16
"ENSMUSG00000036622",5,1,14,11,9,5,18,15
"ENSMUSG00000036632",3,7,28,12,8,9,6,18
"ENSMUSG00000036634",4,6,28,17,28,15,44,21
"ENSMUSG00000036636",3,4,16,12,14,12,10,21
"ENSMUSG00000036641",2,0,7,11,5,3,10,11
"ENSMUSG00000036644",12,17,24,109,21,73,17,169
"ENSMUSG00000036646",4,8,18,18,17,8,13,23
"ENSMUSG00000036661",1,11,0,47,2,22,5,66
"ENSMUSG00000036667",17,8,40,42,28,19,24,38
"ENSMUSG00000036672",11,7,14,23,9,11,16,22
"ENSMUSG00000036676",3,2,10,10,2,9,2,14
"ENSMUSG00000036678",5,1,4,8,2,5,5,19
"ENSMUSG00000036686",3,2,6,5,7,6,11,8
"ENSMUSG00000036693",3,2,5,9,7,9,4,11
"ENSMUSG00000036698",5,8,33,31,19,26,12,80
"ENSMUSG00000036699",0,0,2,3,1,0,5,0
"ENSMUSG00000036707",2,7,16,15,17,20,21,18
"ENSMUSG00000036712",11,6,22,18,19,11,25,27
"ENSMUSG00000036733",6,2,6,10,10,6,10,20
"ENSMUSG00000036745",6,8,35,20,25,9,35,31
"ENSMUSG00000036748",11,8,15,33,16,6,34,33
"ENSMUSG00000036751",48,20,118,228,104,69,115,158
"ENSMUSG00000036752",13,9,28,45,28,24,51,46
"ENSMUSG00000036764",2,1,1,5,2,4,4,7
"ENSMUSG00000036766",13,24,52,42,36,35,25,55
"ENSMUSG00000036769",2,0,10,5,4,2,5,1
"ENSMUSG00000036775",1,1,1,5,6,7,5,6
"ENSMUSG00000036777",3,0,22,18,9,12,10,12
"ENSMUSG00000036779",6,6,22,14,14,10,15,30
"ENSMUSG00000036781",1,1,13,20,9,2,6,9
"ENSMUSG00000036782",1,0,16,7,12,4,8,3
"ENSMUSG00000036790",9,4,21,15,17,16,17,18
"ENSMUSG00000036792",22,18,66,57,61,37,57,84
"ENSMUSG00000036800",2,3,5,3,13,12,24,7
"ENSMUSG00000036810",4,3,13,22,18,10,15,17
"ENSMUSG00000036814",1,0,1,0,0,0,1,0
"ENSMUSG00000036815",16,17,34,31,35,32,78,54
"ENSMUSG00000036817",4,2,11,18,14,10,21,32
"ENSMUSG00000036822",0,3,5,5,2,4,6,19
"ENSMUSG00000036825",1,1,11,8,6,7,11,9
"ENSMUSG00000036833",92,49,272,339,146,142,130,391
"ENSMUSG00000036834",5,0,12,2,12,0,7,2
"ENSMUSG00000036835",11,7,30,52,29,23,41,39
"ENSMUSG00000036840",1,2,4,11,6,3,5,9
"ENSMUSG00000036845",1,1,3,5,5,5,5,8
"ENSMUSG00000036850",17,16,33,57,35,39,21,115
"ENSMUSG00000036856",1,2,0,8,3,3,2,2
"ENSMUSG00000036860",3,2,7,21,13,3,9,14
"ENSMUSG00000036873",4,6,14,13,8,5,9,14
"ENSMUSG00000036875",1,4,3,11,1,7,3,14
"ENSMUSG00000036879",17,22,64,56,56,28,32,71
"ENSMUSG00000036882",3,0,6,5,4,4,7,3
"ENSMUSG00000036885",27,32,97,123,72,83,49,174
"ENSMUSG00000036887",1,2,6,16,7,5,14,9
"ENSMUSG00000036890",7,10,27,35,18,23,32,44
"ENSMUSG00000036893",16,11,39,35,48,26,34,53
"ENSMUSG00000036894",4,4,13,13,12,3,14,5
"ENSMUSG00000036896",0,4,2,6,4,1,2,6
"ENSMUSG00000036898",2,5,9,8,10,11,12,18
"ENSMUSG00000036902",2,5,8,16,9,6,21,14
"ENSMUSG00000036905",2,2,0,16,3,3,5,14
"ENSMUSG00000036907",0,0,3,0,1,0,0,1
"ENSMUSG00000036908",0,0,0,2,2,1,6,3
"ENSMUSG00000036916",11,14,32,20,21,14,14,51
"ENSMUSG00000036918",0,1,5,4,3,1,4,4
"ENSMUSG00000036923",1,0,1,2,1,2,2,1
"ENSMUSG00000036932",2,5,13,21,12,9,8,19
"ENSMUSG00000036934",4,4,14,11,3,3,5,10
"ENSMUSG00000036940",1,6,8,8,15,6,7,8
"ENSMUSG00000036941",1,2,1,7,1,1,3,5
"ENSMUSG00000036943",4,3,11,15,19,6,15,11
"ENSMUSG00000036948",2,5,9,8,7,2,8,6
"ENSMUSG00000036949",29,23,122,78,82,57,50,77
"ENSMUSG00000036955",17,11,23,40,33,24,35,38
"ENSMUSG00000036959",2,2,1,6,5,4,7,7
"ENSMUSG00000036966",3,8,13,14,7,12,17,27
"ENSMUSG00000036972",2,0,0,2,1,0,12,3
"ENSMUSG00000036977",3,2,12,18,16,11,13,21
"ENSMUSG00000036980",5,7,9,12,16,10,17,23
"ENSMUSG00000036985",5,1,12,9,10,10,11,14
"ENSMUSG00000036986",5,2,6,15,3,8,4,28
"ENSMUSG00000036989",3,2,9,11,14,5,7,12
"ENSMUSG00000036990",5,3,14,8,11,6,5,19
"ENSMUSG00000036992",2,1,4,9,5,2,4,7
"ENSMUSG00000036995",0,21,3,73,5,37,8,92
"ENSMUSG00000037012",7,3,33,31,36,15,40,50
"ENSMUSG00000037013",1,1,8,9,10,1,4,15
"ENSMUSG00000037017",6,1,7,10,6,6,8,13
"ENSMUSG00000037022",4,1,4,5,10,3,8,9
"ENSMUSG00000037031",7,4,45,17,17,12,15,20
"ENSMUSG00000037032",11,8,27,38,34,13,45,50
"ENSMUSG00000037049",9,9,33,54,32,32,35,53
"ENSMUSG00000037058",11,10,41,48,36,19,41,52
"ENSMUSG00000037060",2,1,6,10,9,2,10,7
"ENSMUSG00000037062",12,7,35,35,37,30,32,60
"ENSMUSG00000037070",3,6,7,7,5,4,11,7
"ENSMUSG00000037071",1,2,14,14,11,9,9,10
"ENSMUSG00000037072",27,11,80,113,74,37,62,102
"ENSMUSG00000037075",3,2,9,9,10,10,4,16
"ENSMUSG00000037089",6,1,12,6,10,3,12,8
"ENSMUSG00000037095",0,4,1,24,0,15,0,32
"ENSMUSG00000037098",6,12,37,16,33,28,28,38
"ENSMUSG00000037104",5,6,11,12,9,5,7,12
"ENSMUSG00000037110",4,1,7,19,9,15,22,23
"ENSMUSG00000037111",18,5,56,39,38,20,28,49
"ENSMUSG00000037112",5,5,20,28,16,24,12,37
"ENSMUSG00000037119",2,1,11,11,3,5,5,10
"ENSMUSG00000037126",7,4,36,31,17,7,11,26
"ENSMUSG00000037134",5,2,4,9,7,5,10,14
"ENSMUSG00000037138",12,17,7,43,17,22,34,46
"ENSMUSG00000037143",2,2,7,12,6,8,5,6
"ENSMUSG00000037148",0,4,8,3,10,10,18,7
"ENSMUSG00000037149",6,7,17,22,22,21,23,25
"ENSMUSG00000037151",1,3,1,6,1,4,5,4
"ENSMUSG00000037152",12,5,32,66,28,19,37,60
"ENSMUSG00000037166",1,1,11,11,8,0,10,5
"ENSMUSG00000037172",5,2,11,7,11,6,13,11
"ENSMUSG00000037174",10,9,28,26,20,20,10,42
"ENSMUSG00000037190",1,6,4,12,3,3,6,6
"ENSMUSG00000037196",19,11,67,37,55,21,46,39
"ENSMUSG00000037197",3,4,7,13,6,7,7,11
"ENSMUSG00000037204",5,2,7,9,13,2,5,10
"ENSMUSG00000037210",7,13,29,30,23,22,29,46
"ENSMUSG00000037217",13,15,47,53,43,38,57,67
"ENSMUSG00000037221",2,0,5,5,8,1,4,9
"ENSMUSG00000037224",2,5,3,6,5,2,20,10
"ENSMUSG00000037234",12,8,38,35,30,23,35,51
"ENSMUSG00000037235",19,20,26,44,14,47,15,82
"ENSMUSG00000037236",17,11,50,54,30,26,39,43
"ENSMUSG00000037239",2,3,5,7,3,1,3,8
"ENSMUSG00000037242",9,18,21,53,13,45,24,75
"ENSMUSG00000037243",6,5,15,13,24,12,17,24
"ENSMUSG00000037251",3,1,1,4,4,3,2,3
"ENSMUSG00000037253",3,3,8,13,4,8,4,10
"ENSMUSG00000037257",4,1,6,1,4,2,3,8
"ENSMUSG00000037259",7,5,19,16,19,12,22,14
"ENSMUSG00000037260",3,2,4,6,9,3,14,9
"ENSMUSG00000037262",0,2,5,4,6,5,3,11
"ENSMUSG00000037266",89,72,250,214,267,204,194,421
"ENSMUSG00000037270",13,14,42,44,35,18,24,50
"ENSMUSG00000037275",2,3,10,10,11,2,6,18
"ENSMUSG00000037278",2,3,14,11,11,4,12,15
"ENSMUSG00000037279",6,4,3,6,4,2,2,21
"ENSMUSG00000037280",1,1,1,1,3,2,5,2
"ENSMUSG00000037286",27,21,53,66,75,31,62,80
"ENSMUSG00000037287",6,8,30,16,17,19,13,24
"ENSMUSG00000037296",9,8,27,30,17,17,24,32
"ENSMUSG00000037300",1,1,14,5,7,2,14,8
"ENSMUSG00000037306",3,2,12,16,8,7,18,9
"ENSMUSG00000037315",1,0,4,3,4,3,1,5
"ENSMUSG00000037316",3,3,6,11,13,6,13,28
"ENSMUSG00000037321",0,3,1,30,0,10,1,19
"ENSMUSG00000037325",1,3,4,5,7,3,4,10
"ENSMUSG00000037326",22,14,44,24,49,42,35,61
"ENSMUSG00000037331",3,7,12,27,17,17,5,20
"ENSMUSG00000037339",4,1,9,13,15,4,8,19
"ENSMUSG00000037341",1,3,12,7,7,3,6,12
"ENSMUSG00000037343",2,1,6,2,4,4,7,7
"ENSMUSG00000037344",3,5,17,19,12,21,14,45
"ENSMUSG00000037348",14,11,38,32,52,25,22,35
"ENSMUSG00000037351",11,8,32,38,31,31,29,41
"ENSMUSG00000037353",6,4,8,19,16,15,6,16
"ENSMUSG00000037355",6,5,12,10,25,9,12,27
"ENSMUSG00000037361",21,11,42,52,45,29,36,76
"ENSMUSG00000037362",0,1,2,4,5,5,3,1
"ENSMUSG00000037363",27,36,47,91,28,73,19,162
"ENSMUSG00000037364",7,5,10,16,11,11,11,17
"ENSMUSG00000037366",3,1,6,8,10,13,5,9
"ENSMUSG00000037369",9,5,11,15,10,10,18,20
"ENSMUSG00000037373",9,3,28,32,31,20,26,29
"ENSMUSG00000037375",1,0,5,0,1,4,5,4
"ENSMUSG00000037376",6,4,8,10,13,8,15,26
"ENSMUSG00000037386",16,11,32,26,55,32,52,49
"ENSMUSG00000037395",6,2,9,7,4,9,8,8
"ENSMUSG00000037400",5,3,14,11,13,18,16,22
"ENSMUSG00000037405",0,8,1,20,0,17,0,24
"ENSMUSG00000037410",6,6,16,42,11,14,16,22
"ENSMUSG00000037415",7,5,31,18,17,18,17,38
"ENSMUSG00000037416",13,10,21,29,29,25,23,57
"ENSMUSG00000037419",5,4,11,44,8,16,25,36
"ENSMUSG00000037426",14,15,36,26,26,15,23,37
"ENSMUSG00000037428",3,8,17,28,28,11,25,21
"ENSMUSG00000037434",3,0,7,5,10,2,6,8
"ENSMUSG00000037443",0,1,0,4,5,4,5,8
"ENSMUSG00000037455",0,1,2,7,9,3,6,12
"ENSMUSG00000037458",13,25,51,120,30,87,18,164
"ENSMUSG00000037461",1,3,9,12,11,9,9,20
"ENSMUSG00000037463",1,0,1,2,2,2,2,5
"ENSMUSG00000037465",4,1,7,13,14,11,7,10
"ENSMUSG00000037470",3,2,10,8,7,7,10,16
"ENSMUSG00000037475",24,17,31,67,49,39,31,60
"ENSMUSG00000037486",31,13,88,96,79,51,68,114
"ENSMUSG00000037487",17,9,43,49,43,27,35,75
"ENSMUSG00000037490",3,0,12,3,10,3,5,10
"ENSMUSG00000037492",7,2,7,6,12,9,24,26
"ENSMUSG00000037493",3,1,4,9,4,0,8,12
"ENSMUSG00000037499",19,14,70,100,43,15,47,54
"ENSMUSG00000037503",10,9,29,29,34,16,23,39
"ENSMUSG00000037509",35,30,123,136,86,74,40,190
"ENSMUSG00000037514",7,2,33,31,29,10,23,32
"ENSMUSG00000037519",6,1,20,11,14,13,14,19
"ENSMUSG00000037531",5,4,10,11,9,11,13,10
"ENSMUSG00000037533",13,18,26,45,16,30,33,64
"ENSMUSG00000037536",6,1,14,13,13,12,14,25
"ENSMUSG00000037541",3,15,9,22,10,13,13,24
"ENSMUSG00000037553",2,3,8,14,10,9,10,10
"ENSMUSG00000037563",29,11,83,148,56,32,62,104
"ENSMUSG00000037570",6,4,16,17,7,10,15,15
"ENSMUSG00000037573",4,2,23,12,15,2,10,16
"ENSMUSG00000037579",2,2,10,6,3,2,8,5
"ENSMUSG00000037593",2,2,3,2,4,16,5,13
"ENSMUSG00000037605",45,46,176,80,159,90,232,147
"ENSMUSG00000037608",23,20,73,59,60,48,44,105
"ENSMUSG00000037610",1,1,3,9,3,2,6,8
"ENSMUSG00000037622",5,1,5,16,13,10,11,22
"ENSMUSG00000037624",41,11,51,52,51,28,45,68
"ENSMUSG00000037625",26,13,88,56,69,32,86,44
"ENSMUSG00000037640",1,1,2,4,7,1,3,11
"ENSMUSG00000037643",1,0,11,9,3,6,8,7
"ENSMUSG00000037646",18,19,34,32,42,33,47,61
"ENSMUSG00000037649",1,1,2,2,2,2,0,5
"ENSMUSG00000037652",4,10,16,23,17,12,17,37
"ENSMUSG00000037653",1,0,8,3,7,9,22,4
"ENSMUSG00000037656",3,9,13,15,15,11,14,20
"ENSMUSG00000037669",6,5,22,15,17,13,15,25
"ENSMUSG00000037674",14,7,31,18,36,12,32,42
"ENSMUSG00000037679",9,1,21,16,12,12,16,18
"ENSMUSG00000037685",25,14,53,40,45,49,63,90
"ENSMUSG00000037692",4,8,25,13,12,11,12,29
"ENSMUSG00000037697",11,18,101,51,59,44,35,89
"ENSMUSG00000037703",0,1,8,6,4,4,7,3
"ENSMUSG00000037706",106,106,376,588,343,213,266,308
"ENSMUSG00000037708",0,2,0,2,1,0,1,2
"ENSMUSG00000037709",13,3,20,13,20,14,11,19
"ENSMUSG00000037710",50,18,94,128,63,38,71,112
"ENSMUSG00000037712",19,22,79,63,48,44,44,105
"ENSMUSG00000037720",7,7,35,53,35,18,20,29
"ENSMUSG00000037730",9,7,14,17,23,14,11,35
"ENSMUSG00000037735",0,0,1,5,0,0,2,1
"ENSMUSG00000037736",35,31,84,95,68,79,54,152
"ENSMUSG00000037740",16,5,38,44,38,21,22,89
"ENSMUSG00000037742",71,61,259,315,191,135,253,454
"ENSMUSG00000037747",21,13,83,53,69,33,65,85
"ENSMUSG00000037750",14,11,40,28,38,25,19,36
"ENSMUSG00000037754",4,0,17,14,23,5,32,18
"ENSMUSG00000037761",2,2,2,3,4,2,5,5
"ENSMUSG00000037771",0,2,7,15,5,3,10,7
"ENSMUSG00000037772",0,3,7,23,13,3,14,23
"ENSMUSG00000037773",3,1,5,3,6,1,5,8
"ENSMUSG00000037784",9,7,19,11,20,21,9,37
"ENSMUSG00000037787",8,9,31,23,28,23,21,51
"ENSMUSG00000037788",3,4,17,17,15,11,11,23
"ENSMUSG00000037791",11,7,24,27,27,18,23,34
"ENSMUSG00000037801",7,4,7,21,14,7,10,14
"ENSMUSG00000037805",34,21,82,145,52,39,59,152
"ENSMUSG00000037808",0,0,5,4,5,6,1,12
"ENSMUSG00000037815",14,16,24,76,29,67,25,118
"ENSMUSG00000037818",25,14,47,20,49,39,37,62
"ENSMUSG00000037820",2,2,0,11,2,3,0,8
"ENSMUSG00000037822",4,1,7,12,7,5,8,13
"ENSMUSG00000037824",7,3,9,3,9,4,4,13
"ENSMUSG00000037826",4,4,21,17,15,6,13,21
"ENSMUSG00000037833",1,1,1,0,0,1,0,2
"ENSMUSG00000037843",3,0,7,7,9,5,4,12
"ENSMUSG00000037846",0,0,1,0,2,1,1,2
"ENSMUSG00000037847",1,1,14,16,9,11,6,16
"ENSMUSG00000037851",9,3,10,12,12,10,9,26
"ENSMUSG00000037852",221,174,712,718,530,347,405,573
"ENSMUSG00000037855",11,3,35,41,21,17,18,37
"ENSMUSG00000037857",8,7,31,34,18,15,16,37
"ENSMUSG00000037860",0,1,2,6,1,0,1,5
"ENSMUSG00000037872",2,1,2,5,0,1,8,8
"ENSMUSG00000037876",25,65,70,230,52,129,78,316
"ENSMUSG00000037887",3,0,4,10,7,1,9,11
"ENSMUSG00000037890",1,6,6,5,9,8,5,4
"ENSMUSG00000037894",35,15,91,154,89,51,76,149
"ENSMUSG00000037896",7,5,14,11,4,12,8,8
"ENSMUSG00000037902",21,16,105,78,115,49,98,85
"ENSMUSG00000037904",13,8,10,19,7,13,6,46
"ENSMUSG00000037905",5,8,16,15,15,4,9,26
"ENSMUSG00000037907",1,0,4,3,7,4,8,3
"ENSMUSG00000037916",3,4,22,22,15,5,17,24
"ENSMUSG00000037921",1,1,4,31,2,5,0,13
"ENSMUSG00000037926",23,16,56,86,51,40,122,117
"ENSMUSG00000037933",4,6,13,7,5,6,11,10
"ENSMUSG00000037935",1,3,2,11,7,3,11,4
"ENSMUSG00000037936",1,4,9,14,4,2,7,16
"ENSMUSG00000037940",2,5,24,23,17,10,29,11
"ENSMUSG00000037949",0,2,7,18,9,7,3,12
"ENSMUSG00000037957",4,8,16,14,25,10,16,23
"ENSMUSG00000037958",6,4,7,14,10,4,8,20
"ENSMUSG00000037965",3,9,26,37,34,26,16,59
"ENSMUSG00000037966",2,1,6,14,4,3,1,9
"ENSMUSG00000037971",7,2,8,22,11,11,15,27
"ENSMUSG00000037972",1,3,12,18,19,12,19,20
"ENSMUSG00000037973",0,1,0,5,0,0,0,6
"ENSMUSG00000037979",0,5,6,11,11,8,12,21
"ENSMUSG00000037984",11,3,22,28,25,7,35,24
"ENSMUSG00000037989",64,52,126,110,88,92,56,214
"ENSMUSG00000037990",8,4,9,3,13,1,9,11
"ENSMUSG00000037992",1,1,1,6,1,4,2,6
"ENSMUSG00000037994",0,0,0,0,3,1,0,2
"ENSMUSG00000037995",0,0,0,0,2,1,1,2
"ENSMUSG00000037996",24,32,70,55,76,46,112,103
"ENSMUSG00000037997",3,1,9,11,12,9,6,16
"ENSMUSG00000037999",10,24,63,62,40,39,40,67
"ENSMUSG00000038000",0,2,9,6,7,4,7,12
"ENSMUSG00000038002",6,12,21,24,21,18,20,44
"ENSMUSG00000038005",1,5,20,29,14,8,17,29
"ENSMUSG00000038007",0,0,1,2,1,2,0,5
"ENSMUSG00000038010",10,6,18,10,15,10,13,17
"ENSMUSG00000038013",10,5,21,17,12,12,17,17
"ENSMUSG00000038014",5,6,22,8,12,4,18,21
"ENSMUSG00000038020",0,1,10,5,7,10,13,8
"ENSMUSG00000038023",7,1,17,19,20,8,12,32
"ENSMUSG00000038024",8,14,29,19,27,12,21,43
"ENSMUSG00000038026",3,3,13,10,10,15,21,17
"ENSMUSG00000038028",2,3,3,11,5,0,2,6
"ENSMUSG00000038034",20,14,98,59,52,33,40,90
"ENSMUSG00000038039",2,7,23,14,11,13,12,35
"ENSMUSG00000038046",2,2,3,2,3,5,6,14
"ENSMUSG00000038047",1,1,2,2,5,3,2,6
"ENSMUSG00000038048",0,2,9,6,3,3,10,6
"ENSMUSG00000038055",7,7,11,21,19,10,27,35
"ENSMUSG00000038056",15,25,55,49,76,45,39,67
"ENSMUSG00000038059",3,11,20,50,12,28,8,88
"ENSMUSG00000038065",2,2,6,7,5,0,4,6
"ENSMUSG00000038067",0,0,0,15,0,2,0,2
"ENSMUSG00000038068",0,0,1,1,2,0,3,1
"ENSMUSG00000038069",4,3,6,3,6,3,2,11
"ENSMUSG00000038070",2,3,8,4,9,2,15,8
"ENSMUSG00000038072",3,3,11,12,15,7,13,21
"ENSMUSG00000038077",4,5,28,28,15,6,20,26
"ENSMUSG00000038079",3,2,7,22,11,9,10,26
"ENSMUSG00000038084",8,6,31,20,24,15,27,41
"ENSMUSG00000038085",8,3,36,36,16,16,27,40
"ENSMUSG00000038094",22,19,67,42,59,67,18,96
"ENSMUSG00000038095",23,11,59,44,45,39,44,79
"ENSMUSG00000038102",7,0,6,8,7,7,7,13
"ENSMUSG00000038115",1,0,0,1,0,0,0,1
"ENSMUSG00000038116",10,16,36,34,27,20,34,46
"ENSMUSG00000038119",3,1,5,1,4,1,7,2
"ENSMUSG00000038121",0,1,5,13,5,3,5,1
"ENSMUSG00000038122",2,4,15,15,13,9,12,12
"ENSMUSG00000038126",13,4,17,4,21,12,24,19
"ENSMUSG00000038127",18,11,35,54,40,34,24,66
"ENSMUSG00000038128",17,3,15,32,34,28,71,48
"ENSMUSG00000038132",1,0,3,3,2,3,3,4
"ENSMUSG00000038141",7,9,19,10,24,25,34,38
"ENSMUSG00000038143",40,24,95,76,77,53,58,83
"ENSMUSG00000038145",5,3,25,9,20,6,27,41
"ENSMUSG00000038146",4,5,8,23,6,24,7,52
"ENSMUSG00000038150",6,1,8,13,8,4,12,15
"ENSMUSG00000038156",28,32,17,71,17,79,19,115
"ENSMUSG00000038160",4,3,15,19,13,7,11,19
"ENSMUSG00000038168",1,2,2,1,0,0,2,1
"ENSMUSG00000038170",16,13,37,36,37,30,53,54
"ENSMUSG00000038172",5,1,8,10,9,5,13,8
"ENSMUSG00000038173",1,0,2,0,2,0,1,1
"ENSMUSG00000038174",7,6,21,12,25,12,26,23
"ENSMUSG00000038175",2,3,6,3,1,2,5,10
"ENSMUSG00000038178",5,5,20,12,17,8,25,19
"ENSMUSG00000038181",2,4,7,12,9,6,13,5
"ENSMUSG00000038187",9,8,17,25,18,13,17,19
"ENSMUSG00000038205",0,3,14,13,14,11,7,9
"ENSMUSG00000038206",4,3,8,13,7,5,10,5
"ENSMUSG00000038212",5,1,17,18,13,12,15,17
"ENSMUSG00000038215",3,1,11,6,6,14,4,19
"ENSMUSG00000038217",8,2,11,27,13,13,14,30
"ENSMUSG00000038235",0,0,3,1,1,0,3,0
"ENSMUSG00000038240",15,10,30,15,29,32,18,32
"ENSMUSG00000038241",3,3,10,7,12,3,5,7
"ENSMUSG00000038244",43,25,89,59,91,53,66,150
"ENSMUSG00000038248",17,9,33,41,31,21,43,38
"ENSMUSG00000038250",4,3,7,5,3,3,2,14
"ENSMUSG00000038252",4,1,8,3,6,0,5,8
"ENSMUSG00000038255",5,4,10,22,11,5,22,23
"ENSMUSG00000038256",16,3,38,18,40,14,32,30
"ENSMUSG00000038257",2,0,2,0,0,6,3,2
"ENSMUSG00000038260",3,2,6,1,2,0,1,4
"ENSMUSG00000038264",1,2,4,5,5,4,2,2
"ENSMUSG00000038267",9,6,25,12,32,5,22,18
"ENSMUSG00000038271",8,1,19,18,19,18,15,19
"ENSMUSG00000038274",1,2,3,5,3,3,5,15
"ENSMUSG00000038280",5,8,56,22,44,26,30,31
"ENSMUSG00000038286",5,3,11,12,12,6,9,19
"ENSMUSG00000038290",19,11,59,55,48,44,44,76
"ENSMUSG00000038291",3,10,18,13,19,10,12,8
"ENSMUSG00000038296",37,31,50,70,19,84,19,113
"ENSMUSG00000038299",1,0,4,4,3,0,4,14
"ENSMUSG00000038301",10,13,23,95,24,38,16,103
"ENSMUSG00000038302",6,6,40,12,27,12,18,24
"ENSMUSG00000038305",1,1,4,6,8,2,3,13
"ENSMUSG00000038312",6,1,5,12,11,7,9,7
"ENSMUSG00000038324",15,8,22,23,23,24,27,37
"ENSMUSG00000038331",7,7,12,9,19,16,35,28
"ENSMUSG00000038332",29,19,41,46,35,32,31,58
"ENSMUSG00000038342",7,12,17,38,17,33,12,49
"ENSMUSG00000038344",9,9,22,25,25,19,23,41
"ENSMUSG00000038347",8,6,17,11,22,6,15,17
"ENSMUSG00000038349",20,21,63,46,40,40,52,85
"ENSMUSG00000038351",9,5,18,19,24,16,24,32
"ENSMUSG00000038354",1,0,1,1,5,1,5,7
"ENSMUSG00000038365",4,2,8,5,5,8,6,13
"ENSMUSG00000038366",4,1,7,12,11,5,19,14
"ENSMUSG00000038368",10,7,10,18,18,20,17,48
"ENSMUSG00000038369",3,6,20,19,21,9,10,25
"ENSMUSG00000038370",1,1,0,6,6,1,3,4
"ENSMUSG00000038371",24,32,42,85,34,111,37,134
"ENSMUSG00000038372",4,7,30,18,25,8,16,50
"ENSMUSG00000038374",1,2,12,22,17,6,12,19
"ENSMUSG00000038375",4,7,25,21,19,29,23,64
"ENSMUSG00000038383",2,3,22,16,17,5,19,19
"ENSMUSG00000038384",0,1,5,4,4,3,7,9
"ENSMUSG00000038388",20,10,35,22,50,21,50,41
"ENSMUSG00000038390",9,12,29,50,44,23,43,54
"ENSMUSG00000038393",1,0,3,11,1,8,1,11
"ENSMUSG00000038398",2,0,5,4,4,4,8,14
"ENSMUSG00000038400",2,3,8,9,4,5,6,12
"ENSMUSG00000038406",4,2,16,16,11,9,14,20
"ENSMUSG00000038412",13,4,39,66,41,26,36,54
"ENSMUSG00000038415",0,0,0,0,0,0,0,0
"ENSMUSG00000038416",3,4,11,16,6,9,9,8
"ENSMUSG00000038417",5,7,8,13,11,8,7,19
"ENSMUSG00000038418",4,4,28,14,10,6,20,15
"ENSMUSG00000038421",5,1,21,23,17,10,24,42
"ENSMUSG00000038429",2,5,10,14,12,8,24,16
"ENSMUSG00000038437",2,3,15,7,11,3,16,11
"ENSMUSG00000038446",11,8,26,31,22,19,31,35
"ENSMUSG00000038453",2,6,24,9,22,8,32,19
"ENSMUSG00000038456",6,8,30,28,16,4,20,25
"ENSMUSG00000038459",0,1,7,3,7,4,5,8
"ENSMUSG00000038462",17,4,32,39,37,22,45,75
"ENSMUSG00000038463",1,5,2,19,0,9,0,17
"ENSMUSG00000038467",12,4,34,35,34,16,19,32
"ENSMUSG00000038473",10,13,20,25,23,28,39,39
"ENSMUSG00000038481",13,8,60,37,57,23,33,53
"ENSMUSG00000038485",3,2,12,18,15,13,7,24
"ENSMUSG00000038486",12,7,45,48,35,21,58,37
"ENSMUSG00000038495",12,10,29,30,25,21,21,30
"ENSMUSG00000038496",0,0,0,0,0,1,0,0
"ENSMUSG00000038497",9,6,17,24,30,15,22,34
"ENSMUSG00000038500",4,5,13,21,7,14,14,30
"ENSMUSG00000038502",11,4,47,28,38,19,31,42
"ENSMUSG00000038503",3,6,15,18,15,6,11,15
"ENSMUSG00000038506",8,3,8,4,12,6,12,16
"ENSMUSG00000038507",2,3,5,25,7,10,5,37
"ENSMUSG00000038510",1,2,6,12,5,5,7,18
"ENSMUSG00000038515",2,1,14,11,9,1,5,11
"ENSMUSG00000038518",9,5,48,11,34,14,24,21
"ENSMUSG00000038520",3,3,7,9,14,4,6,7
"ENSMUSG00000038523",2,1,9,3,2,1,3,3
"ENSMUSG00000038526",1,0,4,5,3,0,1,3
"ENSMUSG00000038530",15,1,41,47,47,19,30,43
"ENSMUSG00000038533",8,10,40,28,36,15,23,41
"ENSMUSG00000038534",4,6,6,5,12,16,2,20
"ENSMUSG00000038535",5,6,26,21,14,15,18,29
"ENSMUSG00000038538",32,30,87,63,99,64,67,121
"ENSMUSG00000038539",1,2,5,5,5,1,4,8
"ENSMUSG00000038542",1,0,3,5,5,4,11,9
"ENSMUSG00000038543",1,0,6,1,0,0,1,3
"ENSMUSG00000038544",4,0,6,3,5,4,5,4
"ENSMUSG00000038546",10,12,22,29,11,15,13,38
"ENSMUSG00000038550",2,2,7,9,10,5,3,14
"ENSMUSG00000038552",11,6,23,36,15,26,11,28
"ENSMUSG00000038555",4,3,13,11,14,11,12,18
"ENSMUSG00000038563",4,4,9,10,8,10,9,17
"ENSMUSG00000038564",1,2,3,6,5,2,7,7
"ENSMUSG00000038569",2,9,23,8,20,11,10,25
"ENSMUSG00000038576",6,3,6,7,8,8,16,24
"ENSMUSG00000038578",0,0,1,3,2,2,3,2
"ENSMUSG00000038582",4,2,11,12,12,10,12,20
"ENSMUSG00000038587",0,8,4,29,3,19,10,27
"ENSMUSG00000038594",22,18,54,34,44,37,27,70
"ENSMUSG00000038602",14,2,38,12,37,16,31,16
"ENSMUSG00000038604",3,1,4,7,9,0,9,13
"ENSMUSG00000038605",0,1,1,5,5,3,4,4
"ENSMUSG00000038608",5,3,17,9,18,7,27,10
"ENSMUSG00000038611",4,12,15,16,17,19,14,33
"ENSMUSG00000038612",2,0,6,7,4,4,1,11
"ENSMUSG00000038615",2,6,16,34,11,10,19,18
"ENSMUSG00000038619",23,18,82,93,60,42,60,120
"ENSMUSG00000038622",3,2,9,11,8,2,5,9
"ENSMUSG00000038623",3,2,5,7,4,1,7,8
"ENSMUSG00000038628",6,4,9,17,9,8,7,14
"ENSMUSG00000038630",1,4,2,3,0,5,2,1
"ENSMUSG00000038633",7,8,25,40,35,22,31,41
"ENSMUSG00000038642",2,2,5,12,4,6,7,8
"ENSMUSG00000038646",10,8,23,25,21,12,34,41
"ENSMUSG00000038648",3,1,13,10,4,5,4,15
"ENSMUSG00000038650",4,6,21,22,17,12,15,42
"ENSMUSG00000038658",6,3,5,11,12,7,10,22
"ENSMUSG00000038664",19,23,50,53,44,32,47,60
"ENSMUSG00000038665",36,28,63,52,67,79,75,99
"ENSMUSG00000038668",0,1,12,7,6,1,13,6
"ENSMUSG00000038671",6,5,9,13,13,16,8,17
"ENSMUSG00000038679",57,51,209,148,182,94,121,178
"ENSMUSG00000038683",12,2,11,18,11,10,12,26
"ENSMUSG00000038685",7,4,14,24,8,12,7,30
"ENSMUSG00000038690",24,21,83,127,55,40,79,101
"ENSMUSG00000038695",8,2,25,17,22,8,22,21
"ENSMUSG00000038696",16,4,57,42,28,24,33,68
"ENSMUSG00000038697",0,2,6,15,4,2,5,9
"ENSMUSG00000038705",6,6,12,13,8,6,10,28
"ENSMUSG00000038708",3,4,8,13,19,8,11,22
"ENSMUSG00000038717",32,16,101,192,114,83,117,160
"ENSMUSG00000038718",1,1,13,15,5,10,16,10
"ENSMUSG00000038722",5,3,16,22,13,9,13,16
"ENSMUSG00000038733",8,7,45,57,35,27,19,77
"ENSMUSG00000038736",1,2,7,7,8,0,7,6
"ENSMUSG00000038738",7,6,45,61,22,17,51,37
"ENSMUSG00000038740",6,3,23,20,24,12,19,21
"ENSMUSG00000038759",1,2,4,2,4,1,3,5
"ENSMUSG00000038760",1,0,0,1,0,0,0,0
"ENSMUSG00000038762",9,6,20,23,13,3,20,24
"ENSMUSG00000038764",4,1,11,10,7,11,10,19
"ENSMUSG00000038766",5,5,27,18,12,6,11,17
"ENSMUSG00000038773",11,9,36,24,21,24,23,51
"ENSMUSG00000038774",6,14,17,45,13,17,14,66
"ENSMUSG00000038777",0,1,2,2,0,2,4,3
"ENSMUSG00000038780",14,1,24,12,15,5,13,20
"ENSMUSG00000038784",22,25,55,65,32,48,52,115
"ENSMUSG00000038803",3,0,8,14,10,1,7,10
"ENSMUSG00000038806",1,1,8,9,5,4,5,8
"ENSMUSG00000038807",2,4,11,14,13,13,31,18
"ENSMUSG00000038812",6,3,17,26,11,7,20,19
"ENSMUSG00000038816",6,5,23,12,17,7,15,18
"ENSMUSG00000038822",5,5,12,16,11,7,13,21
"ENSMUSG00000038828",6,4,7,12,11,10,12,19
"ENSMUSG00000038831",10,7,25,11,27,19,21,32
"ENSMUSG00000038836",3,4,20,13,19,10,12,11
"ENSMUSG00000038844",3,0,9,4,10,8,5,11
"ENSMUSG00000038845",3,2,12,14,7,6,6,15
"ENSMUSG00000038848",3,8,20,25,19,10,26,31
"ENSMUSG00000038855",5,1,18,29,15,14,9,16
"ENSMUSG00000038859",0,1,2,1,6,2,8,5
"ENSMUSG00000038860",10,19,23,55,37,33,33,57
"ENSMUSG00000038861",21,10,36,37,36,30,28,59
"ENSMUSG00000038871",4,4,19,20,16,7,17,15
"ENSMUSG00000038872",11,6,18,26,16,22,14,31
"ENSMUSG00000038876",3,3,21,17,20,11,14,26
"ENSMUSG00000038879",0,1,2,1,3,0,11,4
"ENSMUSG00000038880",19,3,21,27,14,11,24,38
"ENSMUSG00000038884",2,4,7,15,5,12,13,26
"ENSMUSG00000038886",9,4,27,19,18,5,30,14
"ENSMUSG00000038894",2,10,5,24,0,22,7,24
"ENSMUSG00000038895",1,3,4,6,6,4,3,7
"ENSMUSG00000038900",6,5,11,23,9,8,14,39
"ENSMUSG00000038902",7,5,18,12,18,9,27,18
"ENSMUSG00000038909",7,2,10,17,14,11,15,23
"ENSMUSG00000038910",6,14,17,18,8,23,23,31
"ENSMUSG00000038914",8,6,16,12,23,20,17,32
"ENSMUSG00000038916",7,11,23,13,17,20,28,44
"ENSMUSG00000038930",3,2,4,5,8,5,11,10
"ENSMUSG00000038936",4,4,18,8,16,4,13,21
"ENSMUSG00000038949",5,4,11,6,10,2,10,9
"ENSMUSG00000038954",5,5,22,10,14,2,20,15
"ENSMUSG00000038957",3,3,15,15,17,10,6,17
"ENSMUSG00000038965",9,9,34,32,25,15,26,46
"ENSMUSG00000038967",16,12,36,44,13,42,20,92
"ENSMUSG00000038970",8,4,15,11,10,4,23,20
"ENSMUSG00000038975",4,6,15,12,10,13,15,41
"ENSMUSG00000038976",13,9,32,72,27,21,22,57
"ENSMUSG00000038984",1,1,6,1,8,0,8,3
"ENSMUSG00000038991",8,2,18,12,11,7,17,11
"ENSMUSG00000039000",15,18,48,39,49,31,38,86
"ENSMUSG00000039001",1,0,11,5,7,1,4,25
"ENSMUSG00000039004",0,0,3,0,1,0,3,1
"ENSMUSG00000039005",1,1,7,14,2,8,1,5
"ENSMUSG00000039007",19,9,53,44,51,34,42,82
"ENSMUSG00000039016",42,9,97,160,77,52,76,129
"ENSMUSG00000039031",14,11,25,26,28,37,19,48
"ENSMUSG00000039033",11,11,17,21,17,11,14,26
"ENSMUSG00000039037",47,14,166,42,213,22,136,69
"ENSMUSG00000039046",5,5,15,17,15,16,14,16
"ENSMUSG00000039047",20,9,85,30,56,18,53,41
"ENSMUSG00000039048",1,0,4,3,6,3,4,7
"ENSMUSG00000039050",8,9,16,18,13,10,18,18
"ENSMUSG00000039057",6,7,20,19,14,13,14,47
"ENSMUSG00000039058",15,6,19,19,23,26,37,30
"ENSMUSG00000039059",0,2,1,2,1,2,1,8
"ENSMUSG00000039067",29,8,42,35,43,32,50,75
"ENSMUSG00000039068",4,4,7,14,12,5,19,25
"ENSMUSG00000039069",8,3,23,14,18,13,12,33
"ENSMUSG00000039086",3,1,4,11,8,2,8,9
"ENSMUSG00000039087",15,10,32,19,43,28,17,46
"ENSMUSG00000039089",9,6,21,10,15,11,12,20
"ENSMUSG00000039096",4,1,5,7,3,2,5,13
"ENSMUSG00000039100",12,13,50,52,50,32,38,54
"ENSMUSG00000039103",4,2,2,14,4,7,6,15
"ENSMUSG00000039105",27,28,71,116,61,47,42,100
"ENSMUSG00000039108",1,0,5,8,6,6,7,5
"ENSMUSG00000039109",2,0,5,2,1,1,4,0
"ENSMUSG00000039110",0,0,2,0,3,1,3,2
"ENSMUSG00000039114",46,13,104,144,93,71,97,132
"ENSMUSG00000039115",0,1,8,8,0,2,5,5
"ENSMUSG00000039116",0,0,10,15,3,0,7,11
"ENSMUSG00000039117",2,0,4,4,1,1,1,2
"ENSMUSG00000039126",14,26,27,55,12,40,17,71
"ENSMUSG00000039128",7,5,19,28,14,10,17,30
"ENSMUSG00000039130",3,4,13,4,3,1,7,8
"ENSMUSG00000039131",0,0,0,2,0,1,0,1
"ENSMUSG00000039137",3,3,5,7,2,2,6,10
"ENSMUSG00000039145",22,11,50,36,42,44,44,45
"ENSMUSG00000039148",0,3,0,5,4,2,1,8
"ENSMUSG00000039153",2,4,2,5,3,7,7,12
"ENSMUSG00000039154",5,1,7,9,7,6,8,16
"ENSMUSG00000039156",6,6,24,12,12,16,18,28
"ENSMUSG00000039159",12,11,41,42,45,34,46,52
"ENSMUSG00000039163",4,0,8,6,9,8,4,18
"ENSMUSG00000039166",5,7,28,22,21,20,12,24
"ENSMUSG00000039167",0,0,1,3,0,0,3,1
"ENSMUSG00000039176",5,1,10,14,19,14,8,19
"ENSMUSG00000039178",3,7,16,13,9,6,10,11
"ENSMUSG00000039182",6,2,3,7,3,5,7,9
"ENSMUSG00000039183",4,0,4,6,6,3,4,5
"ENSMUSG00000039191",3,9,12,16,15,7,7,15
"ENSMUSG00000039193",26,11,81,107,53,35,61,82
"ENSMUSG00000039195",72,29,159,190,125,72,116,213
"ENSMUSG00000039197",45,61,199,229,168,130,75,341
"ENSMUSG00000039199",5,5,15,15,12,6,11,19
"ENSMUSG00000039201",2,1,6,5,1,2,5,6
"ENSMUSG00000039202",6,6,13,26,16,16,25,39
"ENSMUSG00000039205",1,3,12,8,5,8,14,22
"ENSMUSG00000039206",5,4,17,14,14,11,26,16
"ENSMUSG00000039208",3,3,9,7,4,4,7,19
"ENSMUSG00000039210",20,16,31,42,33,28,23,55
"ENSMUSG00000039217",8,14,49,41,54,54,30,105
"ENSMUSG00000039218",31,18,76,96,70,59,81,123
"ENSMUSG00000039219",16,13,47,37,43,36,31,70
"ENSMUSG00000039220",8,16,14,35,31,28,20,65
"ENSMUSG00000039221",22,13,84,152,46,27,56,103
"ENSMUSG00000039230",3,6,18,7,16,14,18,21
"ENSMUSG00000039233",15,5,20,22,27,29,18,42
"ENSMUSG00000039234",2,1,1,6,3,7,4,16
"ENSMUSG00000039239",6,2,12,9,22,7,16,10
"ENSMUSG00000039242",0,2,4,4,4,4,4,5
"ENSMUSG00000039246",4,5,7,10,6,5,6,27
"ENSMUSG00000039252",1,1,5,0,4,1,6,3
"ENSMUSG00000039254",4,4,10,5,11,3,8,7
"ENSMUSG00000039257",1,1,5,12,1,5,9,13
"ENSMUSG00000039262",8,7,42,31,38,22,57,44
"ENSMUSG00000039270",20,5,34,43,26,32,23,36
"ENSMUSG00000039275",1,8,15,16,9,16,18,25
"ENSMUSG00000039278",70,53,322,409,216,134,261,288
"ENSMUSG00000039285",8,3,11,11,17,4,17,26
"ENSMUSG00000039286",5,8,16,46,20,25,10,70
"ENSMUSG00000039298",4,1,22,18,15,13,24,28
"ENSMUSG00000039304",0,0,0,5,0,1,0,0
"ENSMUSG00000039307",5,2,6,8,15,11,4,9
"ENSMUSG00000039315",2,0,1,0,0,0,0,2
"ENSMUSG00000039316",1,2,1,3,0,2,10,0
"ENSMUSG00000039318",5,4,14,14,12,12,9,20
"ENSMUSG00000039323",25,9,34,70,74,53,27,62
"ENSMUSG00000039328",1,4,2,23,0,31,10,22
"ENSMUSG00000039335",0,0,4,3,1,2,4,2
"ENSMUSG00000039347",20,10,61,87,44,27,64,82
"ENSMUSG00000039354",2,0,3,2,2,1,2,9
"ENSMUSG00000039356",2,0,3,4,9,6,3,9
"ENSMUSG00000039357",1,1,3,2,2,1,3,2
"ENSMUSG00000039361",6,3,24,16,9,13,15,21
"ENSMUSG00000039367",4,1,4,8,18,9,4,28
"ENSMUSG00000039372",0,1,5,3,2,3,3,2
"ENSMUSG00000039375",168,56,676,217,367,120,180,322
"ENSMUSG00000039384",1,0,3,0,5,3,4,1
"ENSMUSG00000039385",7,0,4,4,8,12,8,17
"ENSMUSG00000039405",3,1,5,26,4,6,0,9
"ENSMUSG00000039410",33,26,60,55,59,51,25,131
"ENSMUSG00000039414",3,4,12,17,19,11,8,20
"ENSMUSG00000039419",51,24,31,47,55,48,166,95
"ENSMUSG00000039427",4,2,10,15,6,9,9,9
"ENSMUSG00000039428",6,8,25,29,13,19,21,45
"ENSMUSG00000039431",1,1,2,3,4,2,9,6
"ENSMUSG00000039449",1,5,8,12,2,6,6,15
"ENSMUSG00000039456",4,0,8,6,9,6,5,9
"ENSMUSG00000039458",6,3,10,10,10,12,18,20
"ENSMUSG00000039461",11,4,17,17,25,9,10,16
"ENSMUSG00000039463",6,4,20,25,16,23,5,27
"ENSMUSG00000039470",3,4,12,8,12,12,22,16
"ENSMUSG00000039473",11,7,19,16,21,15,22,36
"ENSMUSG00000039474",3,3,12,32,12,14,13,17
"ENSMUSG00000039477",8,4,33,23,29,8,21,24
"ENSMUSG00000039478",4,6,33,26,32,21,22,48
"ENSMUSG00000039480",5,1,12,18,13,12,15,20
"ENSMUSG00000039485",7,3,17,32,23,16,45,30
"ENSMUSG00000039488",18,11,17,14,26,29,101,48
"ENSMUSG00000039497",0,2,1,15,1,9,2,7
"ENSMUSG00000039501",1,7,9,21,10,11,3,28
"ENSMUSG00000039509",1,1,6,4,5,4,1,3
"ENSMUSG00000039515",12,10,32,31,31,13,32,55
"ENSMUSG00000039519",15,22,81,72,38,42,30,128
"ENSMUSG00000039523",0,0,7,6,6,4,7,12
"ENSMUSG00000039529",0,0,10,5,8,3,9,13
"ENSMUSG00000039530",18,20,50,51,32,29,48,55
"ENSMUSG00000039531",2,2,8,6,4,3,4,11
"ENSMUSG00000039533",56,29,174,135,140,80,80,159
"ENSMUSG00000039536",5,4,12,15,12,11,10,21
"ENSMUSG00000039539",22,13,38,10,65,43,82,48
"ENSMUSG00000039542",87,56,297,165,282,144,234,284
"ENSMUSG00000039546",2,1,4,2,5,3,5,6
"ENSMUSG00000039556",0,1,4,10,5,1,3,3
"ENSMUSG00000039568",4,3,16,19,10,13,15,14
"ENSMUSG00000039577",0,1,4,3,3,8,14,8
"ENSMUSG00000039578",21,22,24,23,46,40,86,62
"ENSMUSG00000039579",8,2,29,15,22,10,28,7
"ENSMUSG00000039585",11,19,40,31,25,23,44,58
"ENSMUSG00000039599",2,0,13,8,8,5,13,9
"ENSMUSG00000039601",23,25,41,85,35,61,27,151
"ENSMUSG00000039607",9,11,16,29,27,26,23,45
"ENSMUSG00000039611",9,8,27,25,29,16,37,43
"ENSMUSG00000039615",19,10,53,89,63,30,50,93
"ENSMUSG00000039620",1,0,4,2,5,2,9,3
"ENSMUSG00000039621",15,5,98,33,69,40,46,77
"ENSMUSG00000039629",2,0,3,5,4,2,7,10
"ENSMUSG00000039633",0,1,1,3,3,1,6,6
"ENSMUSG00000039637",5,3,7,10,9,10,13,15
"ENSMUSG00000039640",14,6,29,40,32,14,26,43
"ENSMUSG00000039648",2,7,10,8,8,6,8,12
"ENSMUSG00000039652",41,27,105,98,110,111,76,156
"ENSMUSG00000039656",0,2,5,5,9,5,11,7
"ENSMUSG00000039660",8,8,15,8,12,14,11,21
"ENSMUSG00000039661",3,3,13,9,3,5,15,11
"ENSMUSG00000039662",2,0,9,7,3,7,7,3
"ENSMUSG00000039670",5,6,10,13,13,6,10,14
"ENSMUSG00000039671",32,23,65,43,51,42,59,91
"ENSMUSG00000039678",3,0,7,3,4,2,6,7
"ENSMUSG00000039680",3,7,7,35,5,12,11,36
"ENSMUSG00000039682",1,7,11,17,11,13,12,34
"ENSMUSG00000039683",2,2,6,12,6,9,15,6
"ENSMUSG00000039686",5,5,20,15,20,14,27,21
"ENSMUSG00000039697",8,7,23,31,21,14,22,32
"ENSMUSG00000039701",12,24,29,122,33,79,21,290
"ENSMUSG00000039703",5,8,20,23,19,14,14,43
"ENSMUSG00000039704",1,0,4,4,6,5,5,12
"ENSMUSG00000039706",9,6,11,28,30,10,53,17
"ENSMUSG00000039713",3,1,6,8,9,5,9,13
"ENSMUSG00000039714",1,1,9,1,4,2,2,2
"ENSMUSG00000039715",3,4,11,6,8,6,13,14
"ENSMUSG00000039716",26,13,53,46,65,46,89,88
"ENSMUSG00000039717",6,5,26,30,22,19,31,37
"ENSMUSG00000039735",10,5,5,8,15,10,17,11
"ENSMUSG00000039737",3,0,8,20,8,5,6,11
"ENSMUSG00000039740",2,1,22,24,17,14,18,19
"ENSMUSG00000039741",2,0,3,4,6,7,5,2
"ENSMUSG00000039745",1,1,5,8,6,4,8,4
"ENSMUSG00000039747",4,2,2,9,3,4,6,4
"ENSMUSG00000039753",9,1,9,15,14,5,11,12
"ENSMUSG00000039756",1,2,4,7,7,6,6,7
"ENSMUSG00000039759",21,14,58,71,84,55,53,94
"ENSMUSG00000039765",7,3,16,14,23,9,21,8
"ENSMUSG00000039768",10,7,26,15,14,15,25,45
"ENSMUSG00000039770",1,2,14,13,9,5,10,12
"ENSMUSG00000039771",8,6,23,32,31,13,27,36
"ENSMUSG00000039781",1,1,2,0,2,1,3,1
"ENSMUSG00000039782",3,4,10,10,10,5,7,13
"ENSMUSG00000039795",1,2,8,9,8,5,4,21
"ENSMUSG00000039801",8,10,29,30,27,21,40,44
"ENSMUSG00000039804",1,5,13,11,13,3,21,26
"ENSMUSG00000039809",37,20,79,44,55,40,77,114
"ENSMUSG00000039813",2,0,2,3,2,2,2,5
"ENSMUSG00000039826",2,4,24,22,13,10,11,24
"ENSMUSG00000039828",9,6,13,20,18,18,14,21
"ENSMUSG00000039830",4,1,3,3,9,2,6,2
"ENSMUSG00000039831",2,4,10,0,6,0,6,45
"ENSMUSG00000039835",43,61,124,149,217,118,60,191
"ENSMUSG00000039838",1,1,4,8,3,3,8,10
"ENSMUSG00000039840",4,4,3,4,8,4,5,8
"ENSMUSG00000039841",7,1,15,3,12,8,6,5
"ENSMUSG00000039842",4,0,6,8,5,7,6,12
"ENSMUSG00000039844",8,6,25,31,30,23,26,39
"ENSMUSG00000039849",8,5,14,26,23,14,15,27
"ENSMUSG00000039850",0,2,2,5,4,5,5,4
"ENSMUSG00000039852",51,27,139,100,144,59,122,174
"ENSMUSG00000039860",3,4,3,8,6,10,25,12
"ENSMUSG00000039886",1,4,5,7,4,4,2,8
"ENSMUSG00000039887",3,2,10,11,8,5,10,12
"ENSMUSG00000039901",9,9,38,29,26,26,26,40
"ENSMUSG00000039903",3,2,5,8,6,6,7,9
"ENSMUSG00000039904",10,3,13,15,25,7,20,2
"ENSMUSG00000039908",5,4,6,8,9,5,7,4
"ENSMUSG00000039910",1,0,3,12,7,6,7,10
"ENSMUSG00000039913",11,13,30,17,29,9,47,36
"ENSMUSG00000039914",3,2,10,7,11,7,7,19
"ENSMUSG00000039917",5,7,26,25,20,15,9,33
"ENSMUSG00000039929",2,1,4,6,4,1,4,6
"ENSMUSG00000039934",8,8,54,26,49,9,22,36
"ENSMUSG00000039936",0,0,1,0,1,0,2,1
"ENSMUSG00000039943",26,22,60,54,42,36,55,81
"ENSMUSG00000039952",8,15,30,40,39,19,36,42
"ENSMUSG00000039953",17,19,108,134,89,68,108,152
"ENSMUSG00000039954",2,16,5,111,3,29,15,92
"ENSMUSG00000039958",4,1,8,12,7,0,1,3
"ENSMUSG00000039959",33,36,74,63,53,42,34,108
"ENSMUSG00000039967",10,8,27,18,15,13,21,31
"ENSMUSG00000039968",8,12,32,26,41,20,24,34
"ENSMUSG00000039976",4,0,5,2,7,0,5,5
"ENSMUSG00000039982",2,1,1,2,2,4,4,2
"ENSMUSG00000039983",9,7,19,28,7,8,20,20
"ENSMUSG00000039987",2,3,3,5,9,4,17,15
"ENSMUSG00000039988",10,5,22,27,15,8,12,27
"ENSMUSG00000039989",4,6,7,10,9,8,14,24
"ENSMUSG00000040003",216,177,467,326,392,301,390,519
"ENSMUSG00000040006",11,4,19,24,21,18,18,27
"ENSMUSG00000040009",7,2,19,14,11,3,8,11
"ENSMUSG00000040010",3,2,11,20,7,17,10,12
"ENSMUSG00000040016",0,0,0,1,1,0,3,1
"ENSMUSG00000040021",1,6,11,9,11,1,4,12
"ENSMUSG00000040022",15,14,40,48,36,20,40,61
"ENSMUSG00000040025",6,6,19,17,16,7,17,27
"ENSMUSG00000040026",0,19,3,35,3,6,0,20
"ENSMUSG00000040028",19,8,30,24,37,32,18,61
"ENSMUSG00000040029",8,8,26,22,19,26,20,46
"ENSMUSG00000040033",7,23,11,89,10,42,12,115
"ENSMUSG00000040034",3,3,6,10,4,3,7,7
"ENSMUSG00000040035",5,2,14,20,10,13,18,21
"ENSMUSG00000040037",63,19,241,79,196,90,219,152
"ENSMUSG00000040040",5,4,15,13,19,10,15,18
"ENSMUSG00000040043",6,6,13,13,8,3,8,17
"ENSMUSG00000040044",13,7,30,40,27,26,11,31
"ENSMUSG00000040048",21,6,46,69,53,23,51,74
"ENSMUSG00000040054",4,5,17,16,17,13,15,19
"ENSMUSG00000040055",75,44,151,242,140,169,68,251
"ENSMUSG00000040061",0,0,0,1,0,1,0,0
"ENSMUSG00000040097",2,5,13,19,8,9,18,22
"ENSMUSG00000040105",1,1,6,10,5,3,13,4
"ENSMUSG00000040111",23,14,38,31,41,37,49,52
"ENSMUSG00000040112",3,5,14,12,11,11,20,19
"ENSMUSG00000040118",21,7,35,35,34,25,67,45
"ENSMUSG00000040123",10,4,14,17,19,12,15,19
"ENSMUSG00000040125",1,2,7,3,6,1,3,3
"ENSMUSG00000040128",7,4,14,27,15,14,21,28
"ENSMUSG00000040133",0,0,0,1,0,1,1,2
"ENSMUSG00000040136",0,1,1,3,1,4,7,1
"ENSMUSG00000040139",4,2,3,15,9,4,1,13
"ENSMUSG00000040151",22,8,58,47,57,46,54,74
"ENSMUSG00000040164",1,0,2,2,2,2,2,3
"ENSMUSG00000040183",3,7,31,29,26,20,25,43
"ENSMUSG00000040187",3,4,3,9,9,4,6,13
"ENSMUSG00000040188",5,6,16,19,14,12,10,29
"ENSMUSG00000040195",5,2,6,6,5,3,5,11
"ENSMUSG00000040209",4,3,5,11,7,9,26,8
"ENSMUSG00000040213",6,14,14,28,11,24,7,43
"ENSMUSG00000040225",14,11,30,30,23,16,26,61
"ENSMUSG00000040229",0,1,2,3,1,0,4,0
"ENSMUSG00000040234",12,5,24,32,21,25,30,43
"ENSMUSG00000040236",4,2,6,12,10,3,9,17
"ENSMUSG00000040242",4,4,20,29,17,13,16,51
"ENSMUSG00000040249",28,32,71,129,61,52,65,150
"ENSMUSG00000040250",1,1,8,8,13,10,7,9
"ENSMUSG00000040253",0,5,5,44,3,17,3,47
"ENSMUSG00000040254",0,2,4,2,3,1,6,2
"ENSMUSG00000040258",0,0,0,0,0,1,2,1
"ENSMUSG00000040260",26,38,85,81,77,58,36,145
"ENSMUSG00000040265",11,12,38,29,28,35,66,48
"ENSMUSG00000040268",6,10,42,20,24,14,26,35
"ENSMUSG00000040269",7,1,11,15,12,11,16,18
"ENSMUSG00000040270",16,11,51,39,48,29,45,55
"ENSMUSG00000040274",0,0,2,5,1,3,12,3
"ENSMUSG00000040276",19,9,26,27,32,22,91,47
"ENSMUSG00000040280",0,0,1,2,0,0,1,0
"ENSMUSG00000040282",2,9,7,5,5,6,5,12
"ENSMUSG00000040289",3,1,5,10,15,2,13,19
"ENSMUSG00000040296",0,5,8,24,10,9,4,38
"ENSMUSG00000040297",5,4,11,19,8,8,10,14
"ENSMUSG00000040302",1,4,7,16,3,7,4,13
"ENSMUSG00000040321",0,1,4,4,5,2,4,11
"ENSMUSG00000040325",8,5,14,20,10,13,17,23
"ENSMUSG00000040327",6,5,19,13,17,8,18,16
"ENSMUSG00000040339",0,0,5,4,4,0,3,1
"ENSMUSG00000040351",7,9,26,21,19,14,18,33
"ENSMUSG00000040356",4,7,7,12,11,7,9,21
"ENSMUSG00000040359",4,7,16,9,9,4,11,12
"ENSMUSG00000040363",6,5,13,16,16,16,6,27
"ENSMUSG00000040365",6,5,10,23,10,9,11,29
"ENSMUSG00000040372",4,2,2,1,5,2,1,7
"ENSMUSG00000040373",1,0,0,2,0,0,2,0
"ENSMUSG00000040374",4,5,13,25,27,13,14,17
"ENSMUSG00000040380",0,0,0,0,0,1,19,0
"ENSMUSG00000040383",0,0,11,4,6,6,4,9
"ENSMUSG00000040385",14,6,35,36,37,18,38,52
"ENSMUSG00000040387",8,5,18,8,16,8,8,18
"ENSMUSG00000040389",10,9,37,20,21,14,24,26
"ENSMUSG00000040390",2,4,10,7,0,6,14,12
"ENSMUSG00000040396",3,1,3,6,3,3,2,6
"ENSMUSG00000040407",7,3,20,25,15,13,18,34
"ENSMUSG00000040410",3,1,8,7,11,9,8,8
"ENSMUSG00000040412",4,0,5,2,3,9,16,10
"ENSMUSG00000040414",3,2,7,9,4,3,4,3
"ENSMUSG00000040415",22,19,73,84,88,57,60,120
"ENSMUSG00000040420",7,1,8,10,6,4,56,14
"ENSMUSG00000040423",11,13,36,25,37,22,25,60
"ENSMUSG00000040424",0,0,0,1,0,1,2,0
"ENSMUSG00000040430",89,19,539,96,368,43,247,140
"ENSMUSG00000040433",12,13,31,63,34,37,38,88
"ENSMUSG00000040446",7,1,18,25,27,24,27,38
"ENSMUSG00000040447",1,2,5,9,2,9,1,7
"ENSMUSG00000040451",6,14,35,41,18,37,21,71
"ENSMUSG00000040452",5,7,15,6,15,32,22,30
"ENSMUSG00000040455",13,10,28,22,17,12,24,47
"ENSMUSG00000040459",13,5,48,43,37,36,30,53
"ENSMUSG00000040462",6,7,26,25,28,15,32,30
"ENSMUSG00000040466",5,1,6,8,5,6,7,10
"ENSMUSG00000040472",0,6,7,11,7,8,5,14
"ENSMUSG00000040473",1,0,2,16,3,3,2,8
"ENSMUSG00000040479",5,6,27,31,20,22,31,28
"ENSMUSG00000040481",20,8,40,33,38,24,39,51
"ENSMUSG00000040482",2,0,5,1,3,3,2,9
"ENSMUSG00000040488",3,1,2,2,1,2,3,1
"ENSMUSG00000040490",1,2,2,1,4,6,7,5
"ENSMUSG00000040506",38,21,77,74,53,75,66,113
"ENSMUSG00000040511",0,2,1,1,2,1,0,3
"ENSMUSG00000040520",1,4,17,10,3,1,7,15
"ENSMUSG00000040521",2,3,5,12,9,7,7,8
"ENSMUSG00000040524",23,12,46,38,48,28,32,51
"ENSMUSG00000040532",3,3,15,16,8,14,9,29
"ENSMUSG00000040536",6,2,18,12,17,10,19,20
"ENSMUSG00000040537",16,12,30,22,33,22,43,40
"ENSMUSG00000040543",0,0,0,3,3,3,9,5
"ENSMUSG00000040548",9,4,17,21,10,5,28,21
"ENSMUSG00000040549",28,19,82,67,89,34,59,108
"ENSMUSG00000040550",4,3,7,11,8,5,9,17
"ENSMUSG00000040557",1,0,2,2,8,2,3,7
"ENSMUSG00000040560",7,14,35,35,33,32,24,50
"ENSMUSG00000040563",4,4,16,21,22,11,24,30
"ENSMUSG00000040565",6,11,42,39,38,42,25,53
"ENSMUSG00000040570",2,1,10,8,6,7,20,6
"ENSMUSG00000040584",0,0,1,2,0,0,0,0
"ENSMUSG00000040586",1,1,3,4,1,6,5,6
"ENSMUSG00000040591",23,26,96,65,74,51,71,67
"ENSMUSG00000040594",3,1,16,15,17,8,12,22
"ENSMUSG00000040596",2,6,6,2,4,2,2,8
"ENSMUSG00000040605",0,0,3,4,3,0,0,0
"ENSMUSG00000040606",5,1,7,17,17,4,12,5
"ENSMUSG00000040612",1,3,20,15,13,11,9,10
"ENSMUSG00000040618",3,0,2,5,4,4,5,5
"ENSMUSG00000040620",1,2,5,7,4,6,4,14
"ENSMUSG00000040621",2,1,7,5,15,5,11,6
"ENSMUSG00000040624",52,76,78,299,93,230,26,492
"ENSMUSG00000040640",28,18,39,19,31,61,74,68
"ENSMUSG00000040648",1,0,2,5,1,0,0,2
"ENSMUSG00000040649",3,0,19,4,10,5,8,6
"ENSMUSG00000040651",10,4,14,19,11,5,17,18
"ENSMUSG00000040652",20,9,74,91,47,47,50,99
"ENSMUSG00000040653",3,1,11,3,10,1,5,16
"ENSMUSG00000040659",6,12,45,53,32,16,22,62
"ENSMUSG00000040661",8,6,36,22,15,15,13,29
"ENSMUSG00000040667",1,1,5,8,5,7,6,6
"ENSMUSG00000040669",2,0,7,9,5,4,3,8
"ENSMUSG00000040675",1,5,7,13,8,8,6,25
"ENSMUSG00000040681",16,5,34,30,29,17,18,36
"ENSMUSG00000040687",7,1,17,12,7,13,27,17
"ENSMUSG00000040688",3,5,10,16,8,14,12,15
"ENSMUSG00000040693",0,0,0,0,0,0,2,2
"ENSMUSG00000040697",2,3,4,8,4,6,8,9
"ENSMUSG00000040699",10,5,10,23,7,8,13,12
"ENSMUSG00000040705",0,0,1,2,1,1,1,4
"ENSMUSG00000040706",0,0,0,0,0,0,2,1
"ENSMUSG00000040710",1,0,1,1,0,3,1,4
"ENSMUSG00000040711",3,21,39,55,30,43,17,85
"ENSMUSG00000040712",6,4,12,12,13,15,14,24
"ENSMUSG00000040713",4,6,18,18,15,8,8,12
"ENSMUSG00000040717",0,0,5,4,1,4,2,8
"ENSMUSG00000040720",5,4,8,9,10,12,13,25
"ENSMUSG00000040721",4,2,9,9,11,4,6,13
"ENSMUSG00000040722",9,4,26,33,45,20,39,38
"ENSMUSG00000040724",10,5,17,20,11,9,22,17
"ENSMUSG00000040725",4,2,14,4,7,5,15,12
"ENSMUSG00000040729",2,2,6,16,4,3,9,11
"ENSMUSG00000040731",18,8,49,41,20,31,50,68
"ENSMUSG00000040732",1,0,3,0,0,1,1,0
"ENSMUSG00000040738",1,0,12,5,10,4,6,11
"ENSMUSG00000040740",16,16,4,55,10,50,9,91
"ENSMUSG00000040746",7,7,19,33,19,23,19,24
"ENSMUSG00000040747",1,0,1,4,2,0,2,5
"ENSMUSG00000040759",20,10,56,32,48,26,28,40
"ENSMUSG00000040760",11,7,11,24,12,14,22,29
"ENSMUSG00000040761",2,6,11,13,13,8,10,23
"ENSMUSG00000040767",5,5,18,16,6,5,6,13
"ENSMUSG00000040774",6,10,21,23,21,10,21,20
"ENSMUSG00000040782",10,2,14,24,10,13,13,22
"ENSMUSG00000040785",44,29,153,136,121,73,186,157
"ENSMUSG00000040794",6,6,19,24,31,10,42,30
"ENSMUSG00000040795",1,0,5,11,4,4,6,6
"ENSMUSG00000040797",2,0,4,7,6,4,14,10
"ENSMUSG00000040811",4,1,2,20,8,7,20,18
"ENSMUSG00000040813",10,5,17,38,27,21,25,26
"ENSMUSG00000040818",7,4,17,23,21,10,20,26
"ENSMUSG00000040820",4,4,10,15,9,10,9,21
"ENSMUSG00000040822",1,2,7,7,9,10,6,13
"ENSMUSG00000040824",12,6,27,56,26,10,22,35
"ENSMUSG00000040828",1,0,1,0,3,2,4,3
"ENSMUSG00000040836",0,1,4,0,1,0,5,2
"ENSMUSG00000040842",3,2,12,19,5,6,13,37
"ENSMUSG00000040843",5,2,16,22,13,7,9,18
"ENSMUSG00000040850",16,15,50,62,43,60,25,83
"ENSMUSG00000040852",1,0,1,2,0,4,3,4
"ENSMUSG00000040855",8,4,16,22,14,18,25,27
"ENSMUSG00000040857",3,0,9,5,5,6,5,13
"ENSMUSG00000040859",5,4,10,15,12,10,6,18
"ENSMUSG00000040860",2,1,5,2,9,4,8,11
"ENSMUSG00000040865",8,18,56,60,41,32,18,68
"ENSMUSG00000040867",3,0,2,3,5,3,7,5
"ENSMUSG00000040875",2,2,3,4,6,2,6,12
"ENSMUSG00000040877",4,1,8,4,3,2,1,3
"ENSMUSG00000040883",9,3,22,26,14,9,14,24
"ENSMUSG00000040888",4,2,6,11,7,3,5,12
"ENSMUSG00000040896",22,7,46,41,19,16,21,23
"ENSMUSG00000040907",14,11,34,57,30,34,97,56
"ENSMUSG00000040913",3,5,16,10,8,11,11,17
"ENSMUSG00000040928",1,3,20,8,14,7,10,15
"ENSMUSG00000040929",20,13,59,44,53,32,54,46
"ENSMUSG00000040936",2,1,8,4,7,2,13,17
"ENSMUSG00000040938",2,3,0,2,2,4,21,2
"ENSMUSG00000040940",12,3,19,15,28,18,20,24
"ENSMUSG00000040943",17,21,44,68,43,54,18,113
"ENSMUSG00000040945",2,1,7,16,2,2,5,10
"ENSMUSG00000040952",32,19,120,185,87,29,68,97
"ENSMUSG00000040957",8,4,45,39,25,19,21,45
"ENSMUSG00000040964",8,3,27,9,17,8,13,18
"ENSMUSG00000040972",2,11,14,33,14,30,21,33
"ENSMUSG00000040987",0,1,1,2,1,1,1,0
"ENSMUSG00000040990",3,4,19,6,18,9,10,17
"ENSMUSG00000040997",5,7,9,9,8,10,13,10
"ENSMUSG00000040998",1,0,6,3,3,6,8,1
"ENSMUSG00000041000",1,4,1,8,5,10,11,21
"ENSMUSG00000041014",80,84,71,32,129,150,325,156
"ENSMUSG00000041020",31,21,66,79,37,47,31,112
"ENSMUSG00000041028",8,4,34,39,31,20,28,44
"ENSMUSG00000041035",10,10,28,41,20,16,21,46
"ENSMUSG00000041037",1,2,3,10,3,3,4,8
"ENSMUSG00000041040",11,7,17,47,20,32,10,65
"ENSMUSG00000041046",0,1,9,7,4,0,9,9
"ENSMUSG00000041057",3,2,7,10,5,6,2,16
"ENSMUSG00000041058",8,3,29,17,22,12,19,23
"ENSMUSG00000041078",20,10,49,20,44,30,45,36
"ENSMUSG00000041084",11,11,32,44,20,15,18,38
"ENSMUSG00000041096",4,2,20,13,13,17,14,29
"ENSMUSG00000041112",16,11,18,17,18,18,38,32
"ENSMUSG00000041115",8,14,18,23,19,43,19,46
"ENSMUSG00000041119",8,4,4,9,5,8,7,11
"ENSMUSG00000041120",1,3,6,17,6,7,15,11
"ENSMUSG00000041124",1,2,8,9,8,4,11,14
"ENSMUSG00000041126",9,10,36,28,31,14,31,21
"ENSMUSG00000041132",2,6,13,3,7,7,11,19
"ENSMUSG00000041133",3,5,13,17,12,7,17,20
"ENSMUSG00000041134",0,0,0,6,0,0,0,1
"ENSMUSG00000041135",3,6,10,31,11,21,10,27
"ENSMUSG00000041141",1,1,7,14,12,6,8,7
"ENSMUSG00000041144",3,2,11,18,3,0,5,6
"ENSMUSG00000041147",1,0,1,3,3,1,5,3
"ENSMUSG00000041161",2,1,2,1,3,1,3,5
"ENSMUSG00000041164",4,1,17,15,13,5,15,17
"ENSMUSG00000041168",1,0,11,8,13,5,8,11
"ENSMUSG00000041180",0,1,5,7,7,4,6,2
"ENSMUSG00000041187",2,3,2,5,3,2,6,4
"ENSMUSG00000041199",2,3,6,9,11,4,5,12
"ENSMUSG00000041203",8,5,32,42,32,11,33,35
"ENSMUSG00000041205",1,3,9,5,7,3,9,3
"ENSMUSG00000041215",4,5,17,15,13,16,26,24
"ENSMUSG00000041216",2,3,6,6,4,6,25,18
"ENSMUSG00000041220",10,10,14,25,28,15,16,41
"ENSMUSG00000041225",6,5,16,22,24,6,13,24
"ENSMUSG00000041229",2,4,14,20,10,18,7,35
"ENSMUSG00000041231",2,7,16,16,5,10,14,15
"ENSMUSG00000041235",5,7,32,35,32,23,33,51
"ENSMUSG00000041236",21,13,31,26,35,18,45,54
"ENSMUSG00000041238",0,4,1,11,3,4,1,11
"ENSMUSG00000041241",8,3,7,16,14,6,9,15
"ENSMUSG00000041245",2,1,11,9,14,5,6,14
"ENSMUSG00000041258",9,3,14,17,8,13,14,18
"ENSMUSG00000041261",9,5,25,5,51,5,40,18
"ENSMUSG00000041268",8,3,29,18,14,13,25,23
"ENSMUSG00000041272",67,39,99,71,110,55,77,120
"ENSMUSG00000041278",2,3,22,14,16,10,23,21
"ENSMUSG00000041297",3,2,16,21,22,7,10,18
"ENSMUSG00000041298",2,1,11,7,6,5,8,5
"ENSMUSG00000041303",0,1,7,4,7,6,7,15
"ENSMUSG00000041308",3,6,15,30,15,41,20,51
"ENSMUSG00000041309",1,0,5,10,5,3,10,6
"ENSMUSG00000041313",2,0,6,7,3,4,8,11
"ENSMUSG00000041323",0,4,3,12,5,3,1,1
"ENSMUSG00000041324",0,1,8,3,4,3,9,3
"ENSMUSG00000041328",4,5,18,13,13,16,21,24
"ENSMUSG00000041329",65,74,336,398,314,280,211,370
"ENSMUSG00000041341",0,3,10,17,13,7,7,23
"ENSMUSG00000041343",2,1,1,7,3,2,5,6
"ENSMUSG00000041351",7,3,13,22,26,12,28,17
"ENSMUSG00000041353",2,3,8,26,15,12,10,29
"ENSMUSG00000041354",5,1,14,6,9,7,8,11
"ENSMUSG00000041355",10,9,30,54,28,21,26,53
"ENSMUSG00000041360",6,1,6,8,1,3,9,8
"ENSMUSG00000041362",1,2,3,4,1,4,13,4
"ENSMUSG00000041372",1,0,1,0,0,1,1,0
"ENSMUSG00000041375",0,1,2,3,5,0,3,9
"ENSMUSG00000041377",3,1,7,3,9,1,4,3
"ENSMUSG00000041378",1,0,2,4,1,0,10,2
"ENSMUSG00000041380",7,0,5,5,5,1,9,1
"ENSMUSG00000041390",2,0,0,4,5,2,4,5
"ENSMUSG00000041408",13,11,42,34,35,24,25,47
"ENSMUSG00000041415",2,0,9,11,11,9,8,11
"ENSMUSG00000041417",62,40,161,114,173,80,78,217
"ENSMUSG00000041420",9,4,11,7,12,5,10,15
"ENSMUSG00000041426",6,8,16,11,15,11,14,30
"ENSMUSG00000041438",9,0,13,7,6,8,5,17
"ENSMUSG00000041439",4,3,13,8,7,9,19,12
"ENSMUSG00000041440",3,0,5,6,11,3,5,6
"ENSMUSG00000041444",20,15,58,35,40,34,57,47
"ENSMUSG00000041445",1,4,5,9,5,7,4,1
"ENSMUSG00000041453",6,20,10,47,59,16,65,22
"ENSMUSG00000041459",4,6,20,24,16,9,14,28
"ENSMUSG00000041460",0,1,5,9,2,3,2,9
"ENSMUSG00000041468",0,0,2,0,2,0,3,2
"ENSMUSG00000041471",4,3,7,2,5,2,5,8
"ENSMUSG00000041477",2,6,7,11,11,6,9,16
"ENSMUSG00000041483",3,5,11,19,16,8,10,13
"ENSMUSG00000041488",2,1,4,5,4,5,8,5
"ENSMUSG00000041491",10,8,23,7,15,9,15,19
"ENSMUSG00000041506",0,2,3,7,4,3,8,9
"ENSMUSG00000041528",1,2,5,8,6,4,8,14
"ENSMUSG00000041530",3,1,2,3,6,3,3,5
"ENSMUSG00000041540",21,21,132,47,98,32,64,94
"ENSMUSG00000041544",7,2,18,9,32,10,18,10
"ENSMUSG00000041552",2,1,0,0,2,1,2,5
"ENSMUSG00000041556",10,5,24,34,21,17,26,39
"ENSMUSG00000041559",0,0,2,0,1,3,1,0
"ENSMUSG00000041560",0,0,14,5,9,5,6,11
"ENSMUSG00000041565",2,1,2,9,5,2,5,7
"ENSMUSG00000041570",9,1,21,27,19,12,17,29
"ENSMUSG00000041571",92,67,304,496,229,161,169,409
"ENSMUSG00000041592",4,2,13,8,8,6,23,10
"ENSMUSG00000041594",3,3,24,12,6,4,4,8
"ENSMUSG00000041598",2,4,6,10,8,4,12,8
"ENSMUSG00000041605",0,0,2,2,0,0,1,1
"ENSMUSG00000041607",35,17,138,308,100,54,195,105
"ENSMUSG00000041608",1,1,0,1,0,0,1,2
"ENSMUSG00000041609",3,2,3,1,7,7,5,2
"ENSMUSG00000041617",1,1,5,3,7,7,7,11
"ENSMUSG00000041624",21,6,21,28,18,19,40,27
"ENSMUSG00000041625",19,14,28,37,22,22,18,59
"ENSMUSG00000041629",8,7,19,27,25,9,25,25
"ENSMUSG00000041632",2,2,11,10,5,5,11,16
"ENSMUSG00000041638",11,3,10,15,11,11,13,22
"ENSMUSG00000041642",3,0,32,3,15,3,7,6
"ENSMUSG00000041645",22,14,43,58,35,29,58,93
"ENSMUSG00000041649",0,2,6,7,10,8,5,10
"ENSMUSG00000041650",24,21,59,36,40,33,53,60
"ENSMUSG00000041653",5,2,6,3,3,16,6,9
"ENSMUSG00000041654",5,2,14,6,8,5,6,11
"ENSMUSG00000041658",5,1,5,6,6,2,3,5
"ENSMUSG00000041670",28,7,20,17,55,31,133,42
"ENSMUSG00000041671",1,6,7,7,5,12,11,11
"ENSMUSG00000041679",3,2,8,7,8,8,6,12
"ENSMUSG00000041684",1,0,5,2,5,1,9,9
"ENSMUSG00000041685",9,9,36,30,38,24,18,41
"ENSMUSG00000041697",52,28,164,293,171,77,155,195
"ENSMUSG00000041702",9,9,24,36,24,22,21,43
"ENSMUSG00000041708",10,5,29,37,22,18,22,41
"ENSMUSG00000041710",0,3,3,3,7,0,10,6
"ENSMUSG00000041712",4,18,20,36,21,42,9,60
"ENSMUSG00000041718",7,5,8,8,4,4,8,7
"ENSMUSG00000041720",22,18,82,59,79,54,59,87
"ENSMUSG00000041729",7,6,53,15,36,14,50,31
"ENSMUSG00000041733",12,7,39,33,24,30,22,63
"ENSMUSG00000041734",1,1,2,3,5,2,2,0
"ENSMUSG00000041736",1,3,3,11,3,0,1,8
"ENSMUSG00000041740",4,4,37,34,23,23,32,44
"ENSMUSG00000041741",1,1,1,3,1,1,1,13
"ENSMUSG00000041757",5,2,4,4,4,4,9,7
"ENSMUSG00000041762",4,1,9,10,8,11,5,13
"ENSMUSG00000041763",6,6,15,18,9,17,16,28
"ENSMUSG00000041765",11,9,18,30,37,30,32,45
"ENSMUSG00000041769",4,3,9,12,7,4,16,16
"ENSMUSG00000041771",4,1,9,9,2,6,8,9
"ENSMUSG00000041773",10,4,48,47,36,23,30,53
"ENSMUSG00000041774",1,1,5,4,2,3,3,9
"ENSMUSG00000041775",10,6,11,17,5,8,8,24
"ENSMUSG00000041777",5,0,23,14,13,16,11,20
"ENSMUSG00000041781",3,1,5,6,5,7,7,13
"ENSMUSG00000041794",12,4,22,10,11,6,12,24
"ENSMUSG00000041801",5,0,13,16,9,4,8,10
"ENSMUSG00000041815",6,8,17,22,17,8,10,26
"ENSMUSG00000041817",2,2,6,6,5,2,12,5
"ENSMUSG00000041836",1,3,5,5,2,7,7,8
"ENSMUSG00000041837",1,1,3,6,8,13,8,9
"ENSMUSG00000041841",7,9,47,108,30,21,51,41
"ENSMUSG00000041846",5,3,23,14,7,10,15,24
"ENSMUSG00000041852",8,11,20,20,14,7,34,21
"ENSMUSG00000041870",3,8,10,22,9,21,11,30
"ENSMUSG00000041879",4,6,13,12,14,8,14,17
"ENSMUSG00000041881",16,8,42,97,61,22,42,68
"ENSMUSG00000041886",0,0,0,0,1,0,0,0
"ENSMUSG00000041889",72,40,155,161,162,85,97,226
"ENSMUSG00000041890",10,9,27,32,23,23,18,45
"ENSMUSG00000041891",3,2,20,12,14,9,16,21
"ENSMUSG00000041895",4,3,11,5,6,2,14,11
"ENSMUSG00000041907",0,0,3,1,3,2,10,2
"ENSMUSG00000041911",2,0,0,3,3,1,4,0
"ENSMUSG00000041912",1,3,8,12,5,4,6,13
"ENSMUSG00000041915",4,5,17,19,23,21,19,48
"ENSMUSG00000041920",1,0,4,2,6,0,2,1
"ENSMUSG00000041921",12,4,30,15,20,18,22,26
"ENSMUSG00000041923",38,26,90,51,88,54,84,74
"ENSMUSG00000041926",14,9,26,20,18,16,17,29
"ENSMUSG00000041935",4,5,5,5,5,7,14,10
"ENSMUSG00000041936",4,6,15,13,13,15,12,18
"ENSMUSG00000041949",2,1,8,8,12,4,11,10
"ENSMUSG00000041957",0,1,0,2,3,3,3,5
"ENSMUSG00000041958",8,11,38,31,24,36,18,76
"ENSMUSG00000041959",7,5,9,20,7,7,7,20
"ENSMUSG00000041961",34,13,97,53,97,35,62,93
"ENSMUSG00000041966",5,0,15,16,9,2,7,24
"ENSMUSG00000041974",1,9,13,32,3,19,5,29
"ENSMUSG00000041975",0,0,5,7,6,4,2,9
"ENSMUSG00000041977",7,0,21,17,23,11,14,21
"ENSMUSG00000041986",8,3,22,26,14,22,28,17
"ENSMUSG00000041992",6,4,6,4,10,6,22,2
"ENSMUSG00000041997",10,8,32,27,25,15,26,30
"ENSMUSG00000042010",0,1,9,7,5,2,5,3
"ENSMUSG00000042015",3,4,13,18,17,15,8,19
"ENSMUSG00000042029",0,0,0,3,2,2,4,5
"ENSMUSG00000042032",9,1,20,29,26,23,34,37
"ENSMUSG00000042035",5,3,6,10,6,6,17,17
"ENSMUSG00000042043",21,4,58,93,38,22,23,63
"ENSMUSG00000042046",9,5,16,10,14,10,21,23
"ENSMUSG00000042050",0,3,12,12,6,12,11,18
"ENSMUSG00000042055",3,3,12,8,5,7,10,18
"ENSMUSG00000042063",4,1,3,6,6,2,4,13
"ENSMUSG00000042064",0,0,1,2,0,0,2,2
"ENSMUSG00000042066",2,2,14,10,14,1,11,10
"ENSMUSG00000042073",2,4,27,15,42,25,26,46
"ENSMUSG00000042078",6,8,13,25,21,19,50,34
"ENSMUSG00000042079",3,3,21,34,15,7,23,41
"ENSMUSG00000042082",12,5,10,12,21,13,34,24
"ENSMUSG00000042097",7,4,21,9,12,6,13,24
"ENSMUSG00000042099",1,0,2,3,2,3,7,3
"ENSMUSG00000042104",4,3,8,14,11,4,11,15
"ENSMUSG00000042105",3,7,15,28,15,7,10,24
"ENSMUSG00000042109",11,4,37,28,29,19,21,37
"ENSMUSG00000042111",4,3,6,5,3,7,3,13
"ENSMUSG00000042115",2,0,0,5,3,0,5,4
"ENSMUSG00000042116",3,0,14,10,6,9,7,20
"ENSMUSG00000042121",1,3,7,3,8,1,5,11
"ENSMUSG00000042133",12,8,33,49,27,26,25,64
"ENSMUSG00000042138",4,7,14,12,12,10,11,14
"ENSMUSG00000042148",18,3,23,23,25,15,13,31
"ENSMUSG00000042155",2,1,7,2,4,3,8,8
"ENSMUSG00000042156",2,2,6,6,6,3,10,7
"ENSMUSG00000042165",3,3,3,12,5,2,10,10
"ENSMUSG00000042167",3,1,6,9,7,4,11,20
"ENSMUSG00000042182",9,1,21,30,30,11,25,42
"ENSMUSG00000042185",5,1,7,7,13,3,10,16
"ENSMUSG00000042197",10,6,18,18,10,12,12,22
"ENSMUSG00000042198",8,5,25,18,7,6,16,26
"ENSMUSG00000042202",2,1,6,11,5,4,7,5
"ENSMUSG00000042203",4,6,10,6,7,8,3,17
"ENSMUSG00000042207",28,11,56,28,46,33,28,50
"ENSMUSG00000042208",4,5,8,20,15,9,20,18
"ENSMUSG00000042210",4,2,5,10,9,0,2,16
"ENSMUSG00000042211",4,10,9,11,15,11,14,31
"ENSMUSG00000042213",8,4,8,11,8,18,9,25
"ENSMUSG00000042216",2,4,9,7,4,3,13,7
"ENSMUSG00000042225",25,17,36,42,75,57,22,82
"ENSMUSG00000042228",18,4,15,17,17,11,18,27
"ENSMUSG00000042229",5,4,15,15,12,6,11,22
"ENSMUSG00000042246",24,12,65,37,70,27,29,58
"ENSMUSG00000042249",28,30,78,64,55,76,73,132
"ENSMUSG00000042256",45,29,76,107,133,75,73,196
"ENSMUSG00000042271",1,1,11,7,12,3,4,10
"ENSMUSG00000042272",1,2,4,6,5,10,10,7
"ENSMUSG00000042284",0,0,1,2,5,0,1,10
"ENSMUSG00000042292",11,13,12,21,17,21,30,48
"ENSMUSG00000042293",1,0,2,3,7,7,8,7
"ENSMUSG00000042298",16,13,59,53,50,36,43,128
"ENSMUSG00000042302",28,17,68,34,78,37,57,68
"ENSMUSG00000042303",2,4,8,8,5,8,9,10
"ENSMUSG00000042305",5,2,14,17,13,8,10,14
"ENSMUSG00000042312",2,5,12,32,8,26,10,29
"ENSMUSG00000042323",19,12,50,72,57,34,34,80
"ENSMUSG00000042328",5,0,10,6,7,5,7,5
"ENSMUSG00000042331",13,10,44,18,41,10,46,37
"ENSMUSG00000042348",10,13,29,40,32,31,42,67
"ENSMUSG00000042350",5,4,17,19,7,6,10,29
"ENSMUSG00000042354",7,5,17,24,16,13,7,43
"ENSMUSG00000042359",11,13,11,25,26,36,38,44
"ENSMUSG00000042363",1,3,19,22,7,14,15,12
"ENSMUSG00000042364",3,1,9,12,20,6,17,14
"ENSMUSG00000042380",6,6,31,31,22,19,17,41
"ENSMUSG00000042385",0,0,1,0,0,1,1,2
"ENSMUSG00000042388",2,2,8,13,7,3,10,13
"ENSMUSG00000042389",2,6,15,7,12,9,8,11
"ENSMUSG00000042390",19,10,59,38,54,35,61,67
"ENSMUSG00000042396",2,3,14,25,16,10,11,20
"ENSMUSG00000042401",1,2,7,5,1,2,9,8
"ENSMUSG00000042406",10,11,29,33,26,19,42,60
"ENSMUSG00000042408",1,1,12,5,8,4,6,15
"ENSMUSG00000042410",4,5,6,15,16,17,16,12
"ENSMUSG00000042419",2,1,7,4,4,3,3,7
"ENSMUSG00000042423",0,1,3,8,8,5,5,10
"ENSMUSG00000042425",0,4,4,23,6,11,6,11
"ENSMUSG00000042426",5,5,14,7,4,15,8,17
"ENSMUSG00000042428",3,2,6,6,13,11,14,19
"ENSMUSG00000042429",6,4,17,26,16,15,10,23
"ENSMUSG00000042439",9,9,61,17,38,14,39,35
"ENSMUSG00000042444",10,10,26,21,21,14,27,22
"ENSMUSG00000042446",12,12,33,42,36,20,26,48
"ENSMUSG00000042447",3,2,11,8,15,10,9,20
"ENSMUSG00000042453",0,1,3,7,2,4,16,7
"ENSMUSG00000042460",1,2,3,2,2,1,1,5
"ENSMUSG00000042462",5,2,10,24,7,5,6,23
"ENSMUSG00000042472",3,4,7,12,7,9,6,11
"ENSMUSG00000042476",7,1,13,21,14,12,6,11
"ENSMUSG00000042492",3,3,9,8,7,8,6,13
"ENSMUSG00000042496",3,2,16,8,12,3,22,18
"ENSMUSG00000042500",1,1,7,1,7,1,6,4
"ENSMUSG00000042501",1,0,4,6,0,0,3,3
"ENSMUSG00000042502",4,4,6,11,6,3,10,11
"ENSMUSG00000042505",7,1,7,6,7,2,9,7
"ENSMUSG00000042506",7,8,18,16,15,17,19,20
"ENSMUSG00000042507",2,1,9,14,7,13,5,20
"ENSMUSG00000042508",12,10,23,38,25,18,15,32
"ENSMUSG00000042520",5,8,20,32,34,23,27,41
"ENSMUSG00000042523",6,5,23,20,14,18,12,16
"ENSMUSG00000042524",5,5,12,14,7,8,6,28
"ENSMUSG00000042529",1,0,1,2,0,2,3,0
"ENSMUSG00000042532",4,5,20,25,12,5,22,31
"ENSMUSG00000042535",4,2,5,4,9,2,8,14
"ENSMUSG00000042541",15,16,59,83,52,19,35,64
"ENSMUSG00000042548",9,9,28,41,31,26,18,60
"ENSMUSG00000042557",8,7,21,13,18,7,10,18
"ENSMUSG00000042558",4,4,4,19,12,8,12,14
"ENSMUSG00000042564",3,1,12,8,7,1,4,5
"ENSMUSG00000042567",1,1,3,7,1,8,0,3
"ENSMUSG00000042569",5,4,12,15,15,12,19,20
"ENSMUSG00000042570",1,1,0,9,3,4,5,4
"ENSMUSG00000042572",1,1,7,9,6,3,4,6
"ENSMUSG00000042581",4,1,6,3,0,3,5,10
"ENSMUSG00000042589",4,1,8,7,11,5,20,19
"ENSMUSG00000042590",6,3,11,24,13,7,13,23
"ENSMUSG00000042599",7,12,17,31,18,20,18,34
"ENSMUSG00000042604",3,0,3,4,5,1,5,1
"ENSMUSG00000042605",13,8,39,21,39,21,26,45
"ENSMUSG00000042606",0,3,3,2,3,2,3,0
"ENSMUSG00000042608",2,3,5,18,8,15,7,32
"ENSMUSG00000042613",15,8,63,58,32,35,36,51
"ENSMUSG00000042616",9,11,26,30,21,25,13,27
"ENSMUSG00000042625",4,5,25,25,20,16,20,38
"ENSMUSG00000042626",0,2,4,9,4,3,0,7
"ENSMUSG00000042628",9,3,17,20,23,12,18,27
"ENSMUSG00000042632",3,2,4,7,6,6,3,6
"ENSMUSG00000042642",1,2,6,11,8,5,8,10
"ENSMUSG00000042647",4,2,15,9,10,3,7,13
"ENSMUSG00000042650",2,5,8,16,15,3,11,18
"ENSMUSG00000042662",2,3,5,2,15,7,5,9
"ENSMUSG00000042670",17,12,50,33,27,19,42,53
"ENSMUSG00000042671",2,2,5,5,4,3,13,3
"ENSMUSG00000042675",39,29,124,128,107,55,102,163
"ENSMUSG00000042680",24,15,66,35,65,27,37,82
"ENSMUSG00000042682",31,20,121,197,134,58,74,115
"ENSMUSG00000042684",3,0,8,6,3,5,3,8
"ENSMUSG00000042686",5,2,4,7,9,6,18,9
"ENSMUSG00000042688",5,1,5,12,8,6,6,7
"ENSMUSG00000042694",1,4,5,5,8,8,9,13
"ENSMUSG00000042699",3,2,5,12,8,9,17,29
"ENSMUSG00000042700",13,10,21,39,18,36,38,50
"ENSMUSG00000042705",3,2,13,11,6,12,15,10
"ENSMUSG00000042709",0,2,4,7,5,4,7,9
"ENSMUSG00000042712",12,11,28,52,33,21,21,51
"ENSMUSG00000042719",2,2,7,8,12,2,10,12
"ENSMUSG00000042724",2,1,3,5,2,2,4,4
"ENSMUSG00000042726",4,2,9,11,12,7,9,29
"ENSMUSG00000042729",4,1,8,11,7,2,1,8
"ENSMUSG00000042734",0,0,3,2,2,2,4,5
"ENSMUSG00000042737",5,3,16,20,14,10,7,14
"ENSMUSG00000042742",7,8,21,28,20,16,17,25
"ENSMUSG00000042743",0,4,7,10,16,6,10,16
"ENSMUSG00000042744",4,9,40,34,30,18,35,40
"ENSMUSG00000042745",3,2,10,25,11,11,12,19
"ENSMUSG00000042747",6,4,13,17,19,10,17,24
"ENSMUSG00000042750",45,28,85,129,87,49,96,157
"ENSMUSG00000042751",5,4,15,13,7,6,40,29
"ENSMUSG00000042757",4,3,12,17,9,17,64,17
"ENSMUSG00000042761",0,1,1,4,3,0,0,5
"ENSMUSG00000042763",1,3,3,3,3,5,7,5
"ENSMUSG00000042766",1,1,6,10,6,5,10,17
"ENSMUSG00000042770",3,3,7,13,12,3,8,17
"ENSMUSG00000042772",2,11,21,20,12,13,16,33
"ENSMUSG00000042787",2,1,4,9,6,1,6,12
"ENSMUSG00000042790",8,10,26,17,35,13,16,38
"ENSMUSG00000042797",4,4,26,12,20,19,17,22
"ENSMUSG00000042807",6,6,21,7,18,21,72,28
"ENSMUSG00000042810",3,1,4,5,6,3,5,12
"ENSMUSG00000042817",0,0,4,1,0,1,2,4
"ENSMUSG00000042831",4,3,10,8,9,8,5,13
"ENSMUSG00000042834",4,1,13,3,10,1,18,5
"ENSMUSG00000042846",14,13,24,16,25,21,74,27
"ENSMUSG00000042851",10,1,15,13,14,4,18,33
"ENSMUSG00000042870",6,13,35,21,27,18,19,30
"ENSMUSG00000042873",0,1,12,12,11,9,16,16
"ENSMUSG00000042901",6,1,10,12,11,4,6,16
"ENSMUSG00000042942",3,1,0,2,4,1,13,7
"ENSMUSG00000042961",0,1,0,1,1,1,1,4
"ENSMUSG00000042978",0,2,7,15,7,1,11,10
"ENSMUSG00000042992",6,4,13,32,14,18,16,24
"ENSMUSG00000042997",4,0,8,3,7,5,4,11
"ENSMUSG00000043004",6,3,20,33,14,7,18,32
"ENSMUSG00000043019",2,2,14,14,7,10,6,10
"ENSMUSG00000043051",6,3,10,17,10,15,11,45
"ENSMUSG00000043059",1,0,6,13,4,6,0,9
"ENSMUSG00000043061",3,1,9,11,3,1,3,12
"ENSMUSG00000043067",6,1,13,19,19,8,17,10
"ENSMUSG00000043079",11,2,13,12,12,1,8,13
"ENSMUSG00000043090",4,0,8,7,4,5,5,23
"ENSMUSG00000043140",6,4,13,14,18,12,16,24
"ENSMUSG00000043153",8,7,17,18,12,10,7,18
"ENSMUSG00000043154",27,15,36,78,84,69,56,103
"ENSMUSG00000043162",3,1,10,12,6,4,9,15
"ENSMUSG00000043183",8,5,19,12,18,10,11,23
"ENSMUSG00000043190",1,2,8,4,5,5,6,10
"ENSMUSG00000043207",2,3,20,18,5,5,13,11
"ENSMUSG00000043241",59,39,145,54,136,46,60,87
"ENSMUSG00000043252",1,1,3,5,4,2,1,5
"ENSMUSG00000043259",12,4,45,8,48,8,32,24
"ENSMUSG00000043262",3,2,6,7,11,2,7,9
"ENSMUSG00000043284",14,1,8,10,16,12,9,22
"ENSMUSG00000043289",1,0,4,2,6,3,6,2
"ENSMUSG00000043300",4,2,8,13,7,2,7,8
"ENSMUSG00000043301",3,6,5,3,6,11,16,10
"ENSMUSG00000043311",3,0,5,5,4,4,5,6
"ENSMUSG00000043323",11,10,16,19,20,17,26,23
"ENSMUSG00000043336",0,1,4,4,0,1,3,3
"ENSMUSG00000043340",1,2,5,6,4,2,1,8
"ENSMUSG00000043384",6,5,17,12,16,20,15,17
"ENSMUSG00000043388",3,4,13,10,5,7,16,5
"ENSMUSG00000043391",3,1,8,8,8,8,9,7
"ENSMUSG00000043410",2,0,2,3,2,0,2,4
"ENSMUSG00000043411",5,5,14,8,4,7,8,15
"ENSMUSG00000043419",28,15,56,110,55,28,45,112
"ENSMUSG00000043424",2,2,10,9,5,4,9,8
"ENSMUSG00000043432",6,3,5,5,4,3,5,8
"ENSMUSG00000043439",4,0,12,11,7,1,7,15
"ENSMUSG00000043441",0,0,0,0,2,1,0,0
"ENSMUSG00000043445",9,5,37,25,27,12,32,29
"ENSMUSG00000043448",0,0,2,2,3,0,7,1
"ENSMUSG00000043456",7,4,13,3,13,5,31,8
"ENSMUSG00000043460",1,1,6,4,1,2,5,5
"ENSMUSG00000043463",1,1,3,11,0,0,4,5
"ENSMUSG00000043467",2,1,10,4,1,2,9,10
"ENSMUSG00000043496",33,18,94,94,71,71,40,95
"ENSMUSG00000043510",3,3,14,6,10,1,15,23
"ENSMUSG00000043518",0,0,1,1,1,1,2,1
"ENSMUSG00000043531",16,9,9,20,15,19,62,31
"ENSMUSG00000043535",6,8,29,31,17,17,26,43
"ENSMUSG00000043542",7,6,23,17,14,9,17,19
"ENSMUSG00000043556",0,0,9,11,6,5,16,8
"ENSMUSG00000043557",0,0,9,8,2,3,7,10
"ENSMUSG00000043587",0,2,3,3,0,3,11,4
"ENSMUSG00000043602",5,4,12,8,13,5,8,18
"ENSMUSG00000043613",0,0,0,0,0,0,0,0
"ENSMUSG00000043614",1,1,4,6,2,4,8,2
"ENSMUSG00000043629",7,2,17,20,14,9,8,24
"ENSMUSG00000043635",1,3,5,6,2,3,4,7
"ENSMUSG00000043639",13,14,5,21,21,25,11,60
"ENSMUSG00000043659",2,0,6,2,4,1,22,1
"ENSMUSG00000043668",1,0,9,4,15,1,6,6
"ENSMUSG00000043670",4,0,6,8,6,1,5,5
"ENSMUSG00000043671",4,3,6,8,10,13,16,15
"ENSMUSG00000043673",1,0,2,2,0,1,1,1
"ENSMUSG00000043683",3,3,4,8,2,2,3,7
"ENSMUSG00000043716",27,16,79,128,80,40,78,109
"ENSMUSG00000043733",6,9,16,27,21,21,19,38
"ENSMUSG00000043760",1,0,2,3,1,1,4,3
"ENSMUSG00000043811",2,0,9,5,7,1,16,12
"ENSMUSG00000043822",3,1,10,4,8,2,4,7
"ENSMUSG00000043831",5,1,9,14,16,10,10,20
"ENSMUSG00000043843",2,5,5,2,7,6,7,13
"ENSMUSG00000043857",3,2,1,4,2,8,10,13
"ENSMUSG00000043872",2,1,2,1,2,3,5,4
"ENSMUSG00000043881",3,2,7,6,4,2,7,4
"ENSMUSG00000043885",2,0,7,7,4,1,9,5
"ENSMUSG00000043909",3,6,11,4,9,4,7,19
"ENSMUSG00000043913",0,0,0,0,1,1,2,2
"ENSMUSG00000043923",3,4,16,6,18,6,8,18
"ENSMUSG00000043929",4,2,10,17,4,18,11,13
"ENSMUSG00000043940",13,11,38,42,37,30,32,48
"ENSMUSG00000043953",0,0,0,4,0,0,0,0
"ENSMUSG00000043962",12,13,61,50,35,47,33,84
"ENSMUSG00000043964",2,0,3,5,2,6,8,10
"ENSMUSG00000043987",5,3,9,6,8,5,11,14
"ENSMUSG00000043991",20,18,68,78,37,50,68,61
"ENSMUSG00000043998",4,2,20,22,12,8,10,12
"ENSMUSG00000044005",3,1,2,8,5,1,6,5
"ENSMUSG00000044014",1,0,0,2,0,0,4,1
"ENSMUSG00000044017",0,0,5,4,6,6,5,7
"ENSMUSG00000044018",4,1,14,14,8,3,10,17
"ENSMUSG00000044024",5,6,11,21,14,10,18,21
"ENSMUSG00000044033",17,13,47,14,60,29,24,31
"ENSMUSG00000044042",3,3,6,6,12,8,12,3
"ENSMUSG00000044060",0,0,3,3,1,2,1,2
"ENSMUSG00000044066",10,6,21,26,17,17,20,21
"ENSMUSG00000044067",5,4,17,14,8,10,15,25
"ENSMUSG00000044068",5,5,7,15,5,6,10,27
"ENSMUSG00000044071",5,1,5,9,10,14,9,26
"ENSMUSG00000044072",21,13,27,24,34,39,49,66
"ENSMUSG00000044080",11,10,35,54,8,21,23,41
"ENSMUSG00000044098",8,2,15,20,13,9,12,25
"ENSMUSG00000044117",14,5,34,42,30,31,42,66
"ENSMUSG00000044122",7,9,23,24,27,22,9,42
"ENSMUSG00000044147",3,1,7,11,5,3,9,4
"ENSMUSG00000044148",0,2,2,4,3,2,6,5
"ENSMUSG00000044149",0,1,2,4,3,1,2,6
"ENSMUSG00000044150",0,2,14,8,10,4,3,17
"ENSMUSG00000044155",7,6,15,22,16,8,16,29
"ENSMUSG00000044164",11,5,40,21,51,24,29,23
"ENSMUSG00000044167",14,14,33,48,30,39,10,81
"ENSMUSG00000044176",2,2,4,1,3,3,8,7
"ENSMUSG00000044197",8,13,25,35,17,26,12,48
"ENSMUSG00000044216",5,2,9,2,5,5,5,8
"ENSMUSG00000044221",2,1,3,12,12,3,13,14
"ENSMUSG00000044224",6,3,7,5,9,4,6,11
"ENSMUSG00000044229",7,4,9,19,10,9,8,14
"ENSMUSG00000044250",15,17,23,46,21,22,20,72
"ENSMUSG00000044252",16,16,54,65,55,33,60,80
"ENSMUSG00000044258",1,1,3,36,1,7,1,10
"ENSMUSG00000044288",5,3,22,18,10,7,18,15
"ENSMUSG00000044308",13,7,33,40,35,28,28,60
"ENSMUSG00000044320",0,0,5,2,2,2,4,4
"ENSMUSG00000044337",2,2,1,4,5,3,0,3
"ENSMUSG00000044340",47,20,145,83,122,58,79,96
"ENSMUSG00000044348",5,1,11,10,8,9,12,14
"ENSMUSG00000044349",131,117,87,96,175,262,556,419
"ENSMUSG00000044350",0,2,2,4,4,4,1,7
"ENSMUSG00000044352",1,2,6,8,4,2,7,14
"ENSMUSG00000044365",0,0,6,1,2,0,8,8
"ENSMUSG00000044408",5,5,19,19,23,11,8,26
"ENSMUSG00000044424",7,5,60,88,41,22,41,75
"ENSMUSG00000044442",1,0,5,8,5,4,5,4
"ENSMUSG00000044447",5,1,2,2,6,2,2,3
"ENSMUSG00000044452",7,3,4,7,5,6,6,10
"ENSMUSG00000044465",3,2,4,9,14,2,6,11
"ENSMUSG00000044471",49,48,132,170,123,114,93,283
"ENSMUSG00000044475",0,0,10,8,6,6,9,9
"ENSMUSG00000044477",20,17,50,37,53,30,34,69
"ENSMUSG00000044496",2,0,7,4,2,3,4,4
"ENSMUSG00000044499",7,1,6,6,7,11,14,9
"ENSMUSG00000044502",2,1,5,8,6,0,5,5
"ENSMUSG00000044528",6,4,16,14,16,6,9,6
"ENSMUSG00000044550",10,3,16,16,14,7,20,26
"ENSMUSG00000044562",0,0,0,3,2,1,1,2
"ENSMUSG00000044566",0,0,4,4,1,3,3,6
"ENSMUSG00000044573",9,20,17,92,104,43,45,134
"ENSMUSG00000044600",13,8,42,57,28,29,29,52
"ENSMUSG00000044627",23,11,55,101,70,32,48,105
"ENSMUSG00000044628",6,2,17,16,25,7,16,27
"ENSMUSG00000044629",8,9,34,27,22,19,36,44
"ENSMUSG00000044636",0,0,5,0,3,1,2,6
"ENSMUSG00000044646",3,3,15,17,11,10,6,27
"ENSMUSG00000044647",6,4,13,15,13,6,21,19
"ENSMUSG00000044667",5,4,22,30,24,14,29,21
"ENSMUSG00000044676",5,7,16,11,4,6,11,18
"ENSMUSG00000044700",0,1,12,5,12,5,6,12
"ENSMUSG00000044702",2,1,4,1,1,1,2,5
"ENSMUSG00000044707",15,3,14,9,14,16,15,21
"ENSMUSG00000044708",11,4,48,20,41,17,33,26
"ENSMUSG00000044709",4,2,11,25,17,14,10,25
"ENSMUSG00000044712",2,0,11,5,6,6,8,6
"ENSMUSG00000044715",4,4,13,17,5,7,7,13
"ENSMUSG00000044763",2,0,3,5,5,3,3,5
"ENSMUSG00000044768",4,4,14,21,7,10,22,22
"ENSMUSG00000044770",0,3,2,2,4,0,3,1
"ENSMUSG00000044786",2,6,0,19,2,10,0,29
"ENSMUSG00000044788",1,1,8,2,11,4,15,5
"ENSMUSG00000044791",11,9,32,34,24,25,17,40
"ENSMUSG00000044792",3,3,18,9,11,3,9,22
"ENSMUSG00000044807",1,0,7,4,0,1,3,9
"ENSMUSG00000044813",1,0,1,6,0,0,4,4
"ENSMUSG00000044835",4,3,14,6,12,8,9,12
"ENSMUSG00000044847",0,0,2,3,1,2,2,2
"ENSMUSG00000044857",1,1,1,6,11,3,11,11
"ENSMUSG00000044864",2,0,5,6,1,0,0,2
"ENSMUSG00000044876",6,3,15,14,15,8,13,17
"ENSMUSG00000044894",45,28,121,238,111,58,108,171
"ENSMUSG00000044912",8,8,16,10,21,23,41,23
"ENSMUSG00000044921",0,0,1,5,1,0,2,1
"ENSMUSG00000044927",0,3,3,5,5,1,7,8
"ENSMUSG00000044934",3,1,9,9,10,11,9,12
"ENSMUSG00000044948",1,2,7,15,2,6,4,2
"ENSMUSG00000044949",0,1,6,7,4,1,7,9
"ENSMUSG00000044950",5,3,13,12,17,3,17,14
"ENSMUSG00000044968",4,12,6,29,7,22,9,46
"ENSMUSG00000044991",1,5,9,6,7,6,8,21
"ENSMUSG00000045007",3,2,6,8,4,1,5,9
"ENSMUSG00000045009",2,0,5,6,2,4,3,6
"ENSMUSG00000045031",0,0,6,7,7,1,2,9
"ENSMUSG00000045036",2,1,3,6,6,1,11,12
"ENSMUSG00000045038",21,21,54,80,58,51,78,127
"ENSMUSG00000045039",0,1,7,13,5,6,12,12
"ENSMUSG00000045045",2,1,11,3,3,3,2,5
"ENSMUSG00000045053",0,0,0,0,0,1,1,0
"ENSMUSG00000045071",5,5,10,4,14,6,18,20
"ENSMUSG00000045078",15,8,33,23,30,18,19,53
"ENSMUSG00000045083",48,28,41,23,73,82,137,82
"ENSMUSG00000045087",6,0,6,1,8,2,8,2
"ENSMUSG00000045092",28,21,149,115,138,64,72,97
"ENSMUSG00000045094",15,10,19,20,9,16,4,48
"ENSMUSG00000045095",26,30,100,65,78,51,112,71
"ENSMUSG00000045098",7,6,29,27,24,36,24,44
"ENSMUSG00000045100",1,1,12,11,13,4,9,17
"ENSMUSG00000045102",3,6,5,4,2,6,4,10
"ENSMUSG00000045103",74,45,181,144,209,126,156,185
"ENSMUSG00000045106",6,4,11,13,5,9,7,10
"ENSMUSG00000045107",2,0,5,11,6,4,6,10
"ENSMUSG00000045128",17,10,114,134,60,46,66,90
"ENSMUSG00000045136",3,3,13,21,19,8,18,20
"ENSMUSG00000045160",5,7,17,37,14,9,17,29
"ENSMUSG00000045176",2,1,12,13,5,3,9,15
"ENSMUSG00000045180",7,3,28,15,30,10,16,20
"ENSMUSG00000045193",23,5,36,66,42,28,47,58
"ENSMUSG00000045201",2,2,1,5,5,4,6,7
"ENSMUSG00000045205",4,5,13,22,11,21,19,27
"ENSMUSG00000045210",7,2,16,17,19,10,15,24
"ENSMUSG00000045211",3,1,13,14,6,8,13,15
"ENSMUSG00000045215",1,0,1,2,4,0,5,7
"ENSMUSG00000045216",1,1,8,5,3,1,6,8
"ENSMUSG00000045248",4,0,7,7,7,5,2,12
"ENSMUSG00000045257",2,0,4,5,10,1,3,9
"ENSMUSG00000045275",2,0,5,5,3,0,2,7
"ENSMUSG00000045284",1,1,6,7,5,0,8,4
"ENSMUSG00000045287",3,1,6,9,11,6,9,8
"ENSMUSG00000045294",8,10,33,36,22,19,20,33
"ENSMUSG00000045302",13,9,36,33,39,19,34,71
"ENSMUSG00000045312",1,1,6,2,4,0,9,2
"ENSMUSG00000045316",3,3,10,11,3,1,6,11
"ENSMUSG00000045333",31,43,25,57,24,72,10,76
"ENSMUSG00000045348",2,1,2,4,4,4,5,5
"ENSMUSG00000045404",0,0,7,1,6,2,9,1
"ENSMUSG00000045411",3,2,14,11,12,5,11,15
"ENSMUSG00000045414",1,1,7,4,8,0,9,6
"ENSMUSG00000045427",7,6,20,33,17,11,14,33
"ENSMUSG00000045435",6,5,17,33,12,13,18,21
"ENSMUSG00000045438",4,5,40,33,38,37,26,76
"ENSMUSG00000045441",2,2,0,4,5,4,7,5
"ENSMUSG00000045466",5,0,4,3,6,4,2,16
"ENSMUSG00000045482",4,4,5,7,11,11,6,17
"ENSMUSG00000045515",3,1,24,17,28,14,17,22
"ENSMUSG00000045519",3,2,9,21,10,4,10,21
"ENSMUSG00000045532",2,0,5,2,6,3,3,2
"ENSMUSG00000045555",0,1,4,5,7,2,5,2
"ENSMUSG00000045573",0,1,2,11,2,5,12,5
"ENSMUSG00000045576",6,3,15,21,10,15,15,35
"ENSMUSG00000045589",9,12,40,49,36,30,53,47
"ENSMUSG00000045594",3,2,14,4,3,10,14,11
"ENSMUSG00000045598",4,2,3,3,6,4,6,9
"ENSMUSG00000045608",11,9,50,29,70,31,30,75
"ENSMUSG00000045613",4,2,5,4,3,1,9,2
"ENSMUSG00000045624",6,7,22,28,22,15,22,30
"ENSMUSG00000045625",2,3,4,3,6,6,6,9
"ENSMUSG00000045636",4,3,19,14,19,8,22,16
"ENSMUSG00000045648",0,1,4,3,2,0,5,0
"ENSMUSG00000045658",56,38,124,88,128,66,77,117
"ENSMUSG00000045659",6,5,31,16,25,9,12,18
"ENSMUSG00000045664",2,2,1,3,2,3,4,6
"ENSMUSG00000045665",0,2,5,10,5,4,5,11
"ENSMUSG00000045671",12,12,33,33,31,14,36,55
"ENSMUSG00000045690",43,23,147,277,116,64,150,222
"ENSMUSG00000045691",6,7,28,36,19,19,25,40
"ENSMUSG00000045731",0,0,2,3,3,0,2,2
"ENSMUSG00000045733",6,2,9,10,10,12,19,17
"ENSMUSG00000045746",0,1,2,1,3,3,1,2
"ENSMUSG00000045752",3,1,14,17,10,11,15,24
"ENSMUSG00000045763",19,10,34,46,51,18,52,54
"ENSMUSG00000045767",18,6,28,27,13,10,24,36
"ENSMUSG00000045776",0,0,0,0,0,0,1,0
"ENSMUSG00000045777",4,1,4,11,7,3,6,10
"ENSMUSG00000045790",1,3,2,4,6,2,8,7
"ENSMUSG00000045795",6,3,5,11,5,8,9,18
"ENSMUSG00000045813",2,0,9,4,8,5,6,11
"ENSMUSG00000045822",0,0,3,1,2,1,1,5
"ENSMUSG00000045854",2,3,6,11,3,1,7,14
"ENSMUSG00000045867",8,6,7,13,15,7,6,20
"ENSMUSG00000045875",10,2,23,9,20,9,29,19
"ENSMUSG00000045886",17,6,20,29,21,10,16,31
"ENSMUSG00000045896",4,1,7,6,4,3,3,6
"ENSMUSG00000045903",0,0,3,0,2,0,1,1
"ENSMUSG00000045932",0,0,3,4,1,2,1,19
"ENSMUSG00000045948",11,12,38,38,34,13,35,73
"ENSMUSG00000045962",14,25,47,51,31,35,36,69
"ENSMUSG00000045967",13,14,37,18,30,30,46,45
"ENSMUSG00000045968",1,1,2,8,1,2,5,8
"ENSMUSG00000045969",3,0,13,7,5,0,6,7
"ENSMUSG00000045973",4,11,31,20,16,20,24,36
"ENSMUSG00000045975",3,2,8,15,12,14,15,16
"ENSMUSG00000045980",5,2,6,7,8,2,4,6
"ENSMUSG00000045983",7,21,44,66,47,48,48,111
"ENSMUSG00000045991",0,0,3,1,1,0,1,2
"ENSMUSG00000045994",4,2,11,12,12,6,12,8
"ENSMUSG00000045996",4,1,16,21,11,5,12,15
"ENSMUSG00000046000",0,0,0,0,0,3,3,4
"ENSMUSG00000046020",5,4,13,8,7,13,13,14
"ENSMUSG00000046027",7,6,20,40,16,23,14,61
"ENSMUSG00000046032",5,4,22,27,22,6,24,34
"ENSMUSG00000046062",2,1,6,11,3,7,5,17
"ENSMUSG00000046079",3,3,17,14,13,9,15,11
"ENSMUSG00000046093",9,4,22,42,20,13,23,21
"ENSMUSG00000046096",5,1,9,23,18,11,11,13
"ENSMUSG00000046101",0,1,1,2,1,2,3,3
"ENSMUSG00000046111",5,2,6,6,7,8,8,15
"ENSMUSG00000046138",12,11,29,27,14,17,25,32
"ENSMUSG00000046139",5,2,9,9,8,7,12,12
"ENSMUSG00000046157",2,1,4,1,2,0,2,6
"ENSMUSG00000046159",13,12,20,7,39,36,69,30
"ENSMUSG00000046160",9,3,19,17,26,10,22,21
"ENSMUSG00000046168",15,2,48,73,10,51,24,51
"ENSMUSG00000046169",3,2,23,13,20,11,15,6
"ENSMUSG00000046178",1,4,6,13,17,4,13,9
"ENSMUSG00000046182",2,1,3,7,6,13,7,10
"ENSMUSG00000046201",11,15,38,33,31,18,29,65
"ENSMUSG00000046204",2,3,2,7,7,7,9,9
"ENSMUSG00000046207",0,0,0,0,1,1,0,2
"ENSMUSG00000046215",15,13,36,64,35,32,34,96
"ENSMUSG00000046223",0,0,0,3,0,3,3,2
"ENSMUSG00000046229",10,5,33,45,19,9,34,34
"ENSMUSG00000046230",10,7,31,24,31,14,24,22
"ENSMUSG00000046240",66,48,306,125,245,104,140,224
"ENSMUSG00000046287",1,1,1,1,1,2,2,4
"ENSMUSG00000046311",2,0,1,3,4,3,5,6
"ENSMUSG00000046314",9,10,49,31,33,29,48,38
"ENSMUSG00000046318",3,1,2,2,1,2,2,1
"ENSMUSG00000046321",10,3,22,13,11,12,12,20
"ENSMUSG00000046324",4,3,8,7,11,5,8,9
"ENSMUSG00000046329",8,14,37,32,41,26,37,89
"ENSMUSG00000046330",15,6,46,69,31,29,28,51
"ENSMUSG00000046351",5,1,16,15,11,8,8,25
"ENSMUSG00000046352",1,1,5,15,7,1,2,6
"ENSMUSG00000046364",38,28,166,201,87,55,93,175
"ENSMUSG00000046378",0,1,6,6,1,5,6,10
"ENSMUSG00000046402",1,0,5,4,11,1,0,1
"ENSMUSG00000046404",3,2,17,6,15,5,15,19
"ENSMUSG00000046417",1,0,6,3,10,4,3,9
"ENSMUSG00000046432",20,11,52,81,47,30,59,82
"ENSMUSG00000046434",14,4,13,26,11,6,22,27
"ENSMUSG00000046442",27,22,65,59,61,57,91,94
"ENSMUSG00000046447",63,54,221,368,194,195,181,619
"ENSMUSG00000046449",1,3,12,4,4,7,12,3
"ENSMUSG00000046480",0,1,2,9,4,7,10,11
"ENSMUSG00000046516",1,0,16,11,18,5,17,16
"ENSMUSG00000046519",7,3,18,11,9,4,19,19
"ENSMUSG00000046523",2,3,8,9,8,12,12,12
"ENSMUSG00000046532",2,1,1,7,4,3,5,5
"ENSMUSG00000046561",0,1,3,4,0,1,0,2
"ENSMUSG00000046562",0,2,5,5,2,1,13,7
"ENSMUSG00000046567",2,0,2,7,18,3,4,10
"ENSMUSG00000046573",22,10,52,36,63,15,30,48
"ENSMUSG00000046574",4,1,10,4,8,2,7,8
"ENSMUSG00000046593",0,0,0,2,2,2,0,5
"ENSMUSG00000046598",12,7,31,22,31,21,22,53
"ENSMUSG00000046603",3,2,9,9,10,6,9,17
"ENSMUSG00000046605",2,2,4,7,10,6,2,11
"ENSMUSG00000046607",5,0,3,4,2,0,7,3
"ENSMUSG00000046613",4,2,1,0,4,3,8,8
"ENSMUSG00000046668",6,2,17,5,12,3,14,11
"ENSMUSG00000046671",4,2,15,22,13,10,16,19
"ENSMUSG00000046675",3,1,10,9,9,5,8,13
"ENSMUSG00000046679",2,1,9,6,6,3,4,7
"ENSMUSG00000046688",6,8,13,28,15,22,8,48
"ENSMUSG00000046691",3,1,5,9,5,0,6,10
"ENSMUSG00000046699",2,0,13,1,8,4,6,6
"ENSMUSG00000046707",4,6,9,17,9,6,5,10
"ENSMUSG00000046709",53,35,110,96,88,94,138,165
"ENSMUSG00000046718",0,3,0,42,1,2,1,20
"ENSMUSG00000046719",0,1,2,0,1,2,3,3
"ENSMUSG00000046722",3,0,5,14,8,9,7,26
"ENSMUSG00000046727",10,7,40,32,25,18,39,67
"ENSMUSG00000046753",5,4,23,16,14,13,13,36
"ENSMUSG00000046756",7,7,19,21,17,9,20,28
"ENSMUSG00000046768",4,19,14,98,8,34,1,75
"ENSMUSG00000046785",5,2,12,14,13,4,18,14
"ENSMUSG00000046792",6,2,11,13,10,7,4,17
"ENSMUSG00000046793",2,0,1,1,4,2,5,2
"ENSMUSG00000046798",5,1,6,7,6,9,8,10
"ENSMUSG00000046818",3,4,9,2,5,1,17,12
"ENSMUSG00000046822",1,1,13,11,10,7,7,12
"ENSMUSG00000046836",6,4,6,7,13,4,9,8
"ENSMUSG00000046841",1,0,2,7,4,5,2,8
"ENSMUSG00000046844",3,0,0,15,1,2,6,4
"ENSMUSG00000046854",0,0,1,0,0,0,0,0
"ENSMUSG00000046861",2,1,6,5,7,7,6,5
"ENSMUSG00000046865",4,3,28,11,14,13,5,24
"ENSMUSG00000046873",3,9,17,16,17,17,18,35
"ENSMUSG00000046876",39,31,75,83,71,71,80,111
"ENSMUSG00000046879",0,2,3,26,1,27,2,34
"ENSMUSG00000046897",6,5,19,20,23,22,15,55
"ENSMUSG00000046922",0,0,0,0,0,0,0,0
"ENSMUSG00000046949",3,2,1,4,6,0,6,9
"ENSMUSG00000046962",4,8,12,11,8,11,6,23
"ENSMUSG00000046982",3,4,14,10,9,4,6,6
"ENSMUSG00000046985",3,7,17,6,8,14,6,12
"ENSMUSG00000046999",0,0,5,5,6,1,3,3
"ENSMUSG00000047013",1,1,8,8,6,3,5,9
"ENSMUSG00000047022",2,5,16,12,7,9,8,12
"ENSMUSG00000047030",4,2,9,10,3,5,6,3
"ENSMUSG00000047037",4,4,13,9,11,3,14,15
"ENSMUSG00000047044",6,1,10,12,7,4,14,23
"ENSMUSG00000047045",65,31,147,78,105,62,68,127
"ENSMUSG00000047067",3,0,3,10,1,2,6,7
"ENSMUSG00000047084",2,2,8,8,9,6,11,21
"ENSMUSG00000047085",7,5,15,13,27,3,22,10
"ENSMUSG00000047109",1,1,2,2,1,1,0,2
"ENSMUSG00000047126",15,20,46,72,52,21,59,65
"ENSMUSG00000047139",0,3,2,14,4,2,7,3
"ENSMUSG00000047141",6,9,9,12,23,10,19,28
"ENSMUSG00000047146",5,1,26,5,20,10,17,9
"ENSMUSG00000047155",0,0,3,2,2,0,4,1
"ENSMUSG00000047161",1,2,5,4,5,3,4,9
"ENSMUSG00000047181",3,5,4,17,7,13,9,22
"ENSMUSG00000047187",21,8,62,76,68,42,59,81
"ENSMUSG00000047193",6,9,22,25,19,20,22,33
"ENSMUSG00000047205",2,1,6,7,5,8,3,18
"ENSMUSG00000047213",5,4,16,20,13,7,13,21
"ENSMUSG00000047215",4,1,14,10,9,7,6,20
"ENSMUSG00000047216",36,38,143,155,70,68,17,182
"ENSMUSG00000047221",1,0,4,5,4,4,4,7
"ENSMUSG00000047228",3,3,8,8,10,2,4,15
"ENSMUSG00000047238",7,9,28,32,26,7,21,27
"ENSMUSG00000047246",1,0,12,5,7,1,2,4
"ENSMUSG00000047248",6,9,23,26,16,16,22,38
"ENSMUSG00000047260",13,6,30,41,29,17,21,50
"ENSMUSG00000047261",16,15,39,67,37,18,54,67
"ENSMUSG00000047284",1,0,6,3,5,2,3,6
"ENSMUSG00000047342",6,3,9,11,7,11,8,18
"ENSMUSG00000047344",0,2,0,1,0,1,1,2
"ENSMUSG00000047361",17,11,62,14,51,16,46,32
"ENSMUSG00000047368",10,9,29,32,25,29,34,36
"ENSMUSG00000047369",1,1,12,6,7,2,7,5
"ENSMUSG00000047379",13,9,11,42,20,18,33,30
"ENSMUSG00000047388",1,2,5,7,3,2,6,7
"ENSMUSG00000047409",13,6,41,21,27,18,16,45
"ENSMUSG00000047412",6,1,13,7,7,1,5,8
"ENSMUSG00000047414",4,5,9,8,17,7,25,16
"ENSMUSG00000047415",2,0,3,5,3,2,8,4
"ENSMUSG00000047417",1,5,9,11,7,8,5,12
"ENSMUSG00000047419",0,2,9,5,10,3,10,11
"ENSMUSG00000047423",4,2,9,7,5,7,7,12
"ENSMUSG00000047428",0,2,1,1,8,0,3,2
"ENSMUSG00000047446",2,3,8,10,13,6,5,13
"ENSMUSG00000047454",87,91,328,260,200,153,167,383
"ENSMUSG00000047459",42,19,73,142,70,29,70,93
"ENSMUSG00000047466",4,4,18,12,10,3,4,13
"ENSMUSG00000047473",3,1,11,5,6,4,9,5
"ENSMUSG00000047495",15,19,19,8,32,41,97,50
"ENSMUSG00000047496",0,0,4,3,2,1,11,4
"ENSMUSG00000047507",0,0,0,2,1,0,0,0
"ENSMUSG00000047514",6,8,28,21,20,17,21,33
"ENSMUSG00000047528",1,3,16,10,20,1,4,15
"ENSMUSG00000047539",1,1,9,18,12,4,9,22
"ENSMUSG00000047547",13,7,35,65,48,28,42,79
"ENSMUSG00000047554",5,6,15,8,16,7,10,25
"ENSMUSG00000047613",4,0,13,14,6,5,9,12
"ENSMUSG00000047617",18,6,38,45,32,40,19,68
"ENSMUSG00000047635",1,4,6,4,2,0,10,7
"ENSMUSG00000047649",1,3,4,9,8,1,9,7
"ENSMUSG00000047658",0,0,3,2,1,4,5,3
"ENSMUSG00000047675",33,29,159,292,120,70,137,199
"ENSMUSG00000047694",6,5,8,11,12,4,9,12
"ENSMUSG00000047710",1,2,3,5,5,7,6,7
"ENSMUSG00000047712",2,0,5,5,2,1,20,4
"ENSMUSG00000047714",11,10,39,54,41,27,36,67
"ENSMUSG00000047719",4,4,7,10,4,6,6,13
"ENSMUSG00000047721",4,0,18,38,13,11,15,18
"ENSMUSG00000047731",9,14,14,47,14,33,5,43
"ENSMUSG00000047747",3,2,20,12,9,7,15,7
"ENSMUSG00000047766",10,4,21,18,15,10,18,31
"ENSMUSG00000047767",6,2,16,12,14,11,14,29
"ENSMUSG00000047773",1,0,4,5,5,4,9,2
"ENSMUSG00000047786",9,11,81,32,57,22,31,51
"ENSMUSG00000047787",4,5,14,5,7,10,15,10
"ENSMUSG00000047789",26,22,39,33,50,45,34,92
"ENSMUSG00000047793",4,5,9,14,5,7,10,14
"ENSMUSG00000047797",1,0,2,5,9,4,12,1
"ENSMUSG00000047798",0,0,0,1,0,0,0,1
"ENSMUSG00000047804",9,11,33,25,28,15,27,37
"ENSMUSG00000047842",3,1,34,19,12,1,27,7
"ENSMUSG00000047843",13,9,48,70,31,25,45,55
"ENSMUSG00000047844",6,1,3,4,2,2,8,14
"ENSMUSG00000047866",25,12,45,38,42,28,28,50
"ENSMUSG00000047867",0,0,1,2,1,0,0,1
"ENSMUSG00000047878",0,0,0,2,0,2,0,2
"ENSMUSG00000047879",11,8,37,19,32,14,23,28
"ENSMUSG00000047881",1,0,5,2,6,6,3,15
"ENSMUSG00000047888",47,37,93,67,90,77,91,137
"ENSMUSG00000047904",0,0,2,4,7,3,10,1
"ENSMUSG00000047907",32,10,16,27,23,5,68,16
"ENSMUSG00000047909",3,3,6,5,9,12,5,19
"ENSMUSG00000047921",14,17,47,35,35,28,36,84
"ENSMUSG00000047940",1,3,6,0,4,1,1,7
"ENSMUSG00000047945",6,2,17,33,13,8,16,30
"ENSMUSG00000047976",7,3,13,10,5,9,24,24
"ENSMUSG00000047996",2,0,2,4,3,0,7,5
"ENSMUSG00000048000",19,16,42,39,34,40,33,78
"ENSMUSG00000048001",20,2,31,7,67,1,23,4
"ENSMUSG00000048004",1,0,3,1,1,1,5,3
"ENSMUSG00000048022",4,4,12,8,14,10,11,8
"ENSMUSG00000048040",15,12,57,65,53,26,35,36
"ENSMUSG00000048058",11,9,23,15,19,5,25,25
"ENSMUSG00000048076",32,13,62,74,34,33,79,91
"ENSMUSG00000048078",23,14,23,10,36,22,60,56
"ENSMUSG00000048100",11,7,21,22,18,16,21,36
"ENSMUSG00000048106",9,6,11,18,14,12,10,27
"ENSMUSG00000048108",0,0,0,0,0,0,0,0
"ENSMUSG00000048109",1,1,6,6,4,3,8,4
"ENSMUSG00000048118",11,7,42,19,19,17,27,39
"ENSMUSG00000048120",1,0,14,2,10,0,6,5
"ENSMUSG00000048142",4,7,18,34,15,9,21,30
"ENSMUSG00000048148",18,17,84,25,58,18,29,39
"ENSMUSG00000048154",2,3,9,7,17,5,5,7
"ENSMUSG00000048163",0,0,3,0,2,1,1,1
"ENSMUSG00000048170",5,7,59,34,35,20,36,57
"ENSMUSG00000048175",3,10,32,43,18,17,11,68
"ENSMUSG00000048216",3,1,5,8,14,7,9,7
"ENSMUSG00000048222",10,4,30,28,25,18,19,46
"ENSMUSG00000048232",5,5,14,8,15,11,15,16
"ENSMUSG00000048234",5,5,11,9,4,9,12,14
"ENSMUSG00000048240",1,1,3,8,6,3,10,7
"ENSMUSG00000048249",8,10,19,31,37,23,18,51
"ENSMUSG00000048251",4,0,9,17,13,7,8,9
"ENSMUSG00000048264",20,17,34,43,43,29,51,41
"ENSMUSG00000048271",1,5,15,18,15,10,10,18
"ENSMUSG00000048279",1,1,5,7,6,5,4,9
"ENSMUSG00000048280",1,1,5,4,6,1,4,12
"ENSMUSG00000048285",4,3,9,13,11,19,17,22
"ENSMUSG00000048304",0,0,3,0,4,3,4,6
"ENSMUSG00000048307",13,1,19,17,15,11,13,29
"ENSMUSG00000048310",1,2,8,3,7,4,7,9
"ENSMUSG00000048330",8,11,20,31,21,24,16,47
"ENSMUSG00000048332",24,27,57,98,74,67,64,131
"ENSMUSG00000048351",3,2,2,3,5,2,3,15
"ENSMUSG00000048355",3,1,15,23,19,11,16,16
"ENSMUSG00000048379",1,1,15,6,5,3,2,11
"ENSMUSG00000048385",3,0,5,3,9,0,8,3
"ENSMUSG00000048388",32,51,115,129,90,59,74,182
"ENSMUSG00000048410",5,14,15,18,19,15,13,35
"ENSMUSG00000048424",7,7,46,25,47,25,15,59
"ENSMUSG00000048429",5,5,5,10,8,5,9,11
"ENSMUSG00000048439",3,8,16,10,12,9,9,32
"ENSMUSG00000048445",6,7,22,23,16,12,17,27
"ENSMUSG00000048458",6,6,17,18,10,7,17,13
"ENSMUSG00000048481",1,5,6,10,11,3,7,11
"ENSMUSG00000048482",5,2,14,5,6,10,17,9
"ENSMUSG00000048486",2,6,8,5,6,1,8,10
"ENSMUSG00000048489",0,1,0,1,0,0,0,0
"ENSMUSG00000048490",5,4,19,26,25,19,21,38
"ENSMUSG00000048495",4,5,12,13,9,7,8,17
"ENSMUSG00000048520",4,1,6,11,6,6,8,9
"ENSMUSG00000048537",2,0,9,5,8,5,15,6
"ENSMUSG00000048546",13,14,20,22,18,37,19,68
"ENSMUSG00000048550",1,0,3,3,10,2,2,6
"ENSMUSG00000048572",0,1,0,7,0,3,0,8
"ENSMUSG00000048578",5,2,7,10,10,6,11,18
"ENSMUSG00000048581",1,2,8,8,5,7,5,14
"ENSMUSG00000048603",1,3,6,5,8,3,2,11
"ENSMUSG00000048616",0,0,2,1,4,1,3,1
"ENSMUSG00000048644",26,16,78,143,102,58,86,172
"ENSMUSG00000048647",8,6,5,7,14,12,7,29
"ENSMUSG00000048661",1,4,13,14,5,5,10,14
"ENSMUSG00000048668",0,3,7,7,4,4,4,8
"ENSMUSG00000048701",4,6,15,29,12,12,7,25
"ENSMUSG00000048706",2,4,2,14,8,7,10,18
"ENSMUSG00000048720",3,2,16,23,13,8,16,23
"ENSMUSG00000048721",1,1,2,2,0,4,13,9
"ENSMUSG00000048731",3,8,18,17,24,18,13,21
"ENSMUSG00000048747",14,9,51,19,33,16,27,30
"ENSMUSG00000048756",9,8,23,12,21,17,12,25
"ENSMUSG00000048758",2,2,16,9,8,5,11,9
"ENSMUSG00000048772",1,1,2,9,6,4,2,2
"ENSMUSG00000048776",0,0,0,2,1,0,0,2
"ENSMUSG00000048782",0,0,2,2,1,0,5,0
"ENSMUSG00000048787",6,4,13,21,14,12,6,23
"ENSMUSG00000048794",0,0,4,8,1,1,2,7
"ENSMUSG00000048796",2,1,8,3,0,1,3,5
"ENSMUSG00000048799",1,3,7,7,7,10,5,13
"ENSMUSG00000048807",20,25,17,57,13,72,7,102
"ENSMUSG00000048814",3,4,22,11,11,6,11,8
"ENSMUSG00000048826",3,1,4,2,12,4,11,9
"ENSMUSG00000048833",2,4,12,16,10,14,16,23
"ENSMUSG00000048834",4,4,11,10,8,4,5,13
"ENSMUSG00000048874",10,4,36,24,30,16,24,46
"ENSMUSG00000048878",1,2,8,5,6,1,5,2
"ENSMUSG00000048895",11,7,31,42,29,16,26,28
"ENSMUSG00000048897",5,3,24,16,13,18,13,28
"ENSMUSG00000048911",11,8,43,29,39,19,19,43
"ENSMUSG00000048915",18,18,25,25,37,37,60,47
"ENSMUSG00000048920",5,3,7,7,8,5,7,12
"ENSMUSG00000048930",3,4,2,4,6,4,10,8
"ENSMUSG00000048939",8,9,11,18,18,17,18,24
"ENSMUSG00000048960",121,193,522,518,325,437,192,495
"ENSMUSG00000048967",4,5,11,36,14,10,17,19
"ENSMUSG00000048970",2,1,11,10,11,18,9,12
"ENSMUSG00000048978",32,10,74,95,57,30,40,91
"ENSMUSG00000048988",2,0,3,2,1,0,2,5
"ENSMUSG00000049001",0,0,2,0,0,0,1,0
"ENSMUSG00000049036",3,2,4,18,14,4,14,10
"ENSMUSG00000049038",2,2,3,7,2,12,6,13
"ENSMUSG00000049044",4,10,23,32,14,32,43,46
"ENSMUSG00000049047",5,6,18,23,12,6,16,32
"ENSMUSG00000049076",16,14,60,41,58,52,29,95
"ENSMUSG00000049086",8,10,31,44,33,17,36,59
"ENSMUSG00000049090",4,4,11,11,6,8,7,17
"ENSMUSG00000049091",2,0,9,17,8,4,4,11
"ENSMUSG00000049092",8,1,25,10,15,11,21,17
"ENSMUSG00000049097",1,1,1,2,3,1,3,4
"ENSMUSG00000049100",26,13,66,42,58,31,50,54
"ENSMUSG00000049106",5,3,21,20,15,12,18,28
"ENSMUSG00000049107",0,0,0,0,2,0,2,0
"ENSMUSG00000049119",18,6,15,19,23,17,19,36
"ENSMUSG00000049122",2,1,5,5,4,8,12,5
"ENSMUSG00000049124",11,4,24,50,29,13,20,29
"ENSMUSG00000049148",5,3,6,9,3,5,28,18
"ENSMUSG00000049160",2,1,0,0,1,1,3,3
"ENSMUSG00000049164",5,2,12,11,3,7,4,13
"ENSMUSG00000049176",25,21,17,25,30,58,75,54
"ENSMUSG00000049184",3,8,22,20,21,13,31,25
"ENSMUSG00000049225",3,2,21,11,13,13,7,14
"ENSMUSG00000049232",11,7,8,20,10,17,13,30
"ENSMUSG00000049233",0,0,9,13,9,4,7,16
"ENSMUSG00000049252",90,99,278,130,246,263,281,473
"ENSMUSG00000049265",0,0,1,1,2,2,3,3
"ENSMUSG00000049281",2,3,15,8,7,7,7,12
"ENSMUSG00000049288",4,1,14,11,4,4,9,11
"ENSMUSG00000049299",7,6,12,21,13,22,12,40
"ENSMUSG00000049303",4,1,6,15,11,11,10,18
"ENSMUSG00000049305",1,1,2,4,4,6,3,6
"ENSMUSG00000049313",14,13,44,39,61,31,55,73
"ENSMUSG00000049321",5,2,9,9,14,4,9,15
"ENSMUSG00000049327",0,2,4,7,4,1,4,9
"ENSMUSG00000049336",75,65,90,30,80,111,275,129
"ENSMUSG00000049339",8,5,21,26,22,14,25,29
"ENSMUSG00000049354",4,4,10,16,12,18,20,21
"ENSMUSG00000049401",3,2,3,14,7,5,7,10
"ENSMUSG00000049411",6,13,9,18,14,27,12,34
"ENSMUSG00000049420",2,1,1,3,1,1,6,3
"ENSMUSG00000049421",8,3,26,19,11,7,12,30
"ENSMUSG00000049422",45,51,190,260,127,72,142,211
"ENSMUSG00000049439",8,4,20,23,20,14,13,40
"ENSMUSG00000049470",21,20,46,55,50,62,52,98
"ENSMUSG00000049488",1,0,6,6,4,5,4,4
"ENSMUSG00000049489",2,0,5,6,8,3,5,4
"ENSMUSG00000049493",3,1,11,3,12,2,9,8
"ENSMUSG00000049504",10,11,22,29,28,23,20,57
"ENSMUSG00000049517",47,23,139,258,99,48,87,180
"ENSMUSG00000049532",4,2,23,10,19,6,17,5
"ENSMUSG00000049536",2,0,12,15,12,4,10,10
"ENSMUSG00000049538",0,0,2,2,1,0,2,0
"ENSMUSG00000049550",11,4,20,30,20,16,36,31
"ENSMUSG00000049553",1,0,3,1,6,2,7,8
"ENSMUSG00000049556",10,4,37,25,36,21,34,47
"ENSMUSG00000049571",16,13,68,88,53,25,57,82
"ENSMUSG00000049583",28,48,64,111,67,81,160,171
"ENSMUSG00000049606",18,10,23,20,23,15,23,36
"ENSMUSG00000049612",11,7,40,29,32,23,15,11
"ENSMUSG00000049624",5,6,18,14,12,10,13,20
"ENSMUSG00000049630",6,1,19,25,8,11,14,24
"ENSMUSG00000049643",4,1,9,10,6,6,5,8
"ENSMUSG00000049658",7,6,15,13,12,10,11,23
"ENSMUSG00000049659",3,11,22,24,21,22,17,35
"ENSMUSG00000049670",1,0,17,7,5,6,12,20
"ENSMUSG00000049680",15,7,41,30,32,28,16,39
"ENSMUSG00000049686",4,4,9,13,11,15,14,24
"ENSMUSG00000049690",10,12,97,55,108,17,51,45
"ENSMUSG00000049721",1,2,3,5,3,2,5,2
"ENSMUSG00000049728",0,0,4,1,5,2,4,8
"ENSMUSG00000049744",5,4,8,17,17,11,3,18
"ENSMUSG00000049751",39,13,99,119,61,43,73,117
"ENSMUSG00000049755",4,6,10,14,18,12,8,24
"ENSMUSG00000049760",12,9,27,47,34,19,37,44
"ENSMUSG00000049764",2,0,1,2,5,4,3,7
"ENSMUSG00000049775",337,225,1178,1521,686,396,593,1366
"ENSMUSG00000049792",2,0,7,17,9,7,12,17
"ENSMUSG00000049796",0,0,1,0,0,1,0,4
"ENSMUSG00000049799",11,4,28,17,18,13,6,32
"ENSMUSG00000049800",7,8,44,44,34,19,40,38
"ENSMUSG00000049804",2,0,3,4,0,1,2,1
"ENSMUSG00000049807",15,10,46,20,35,20,33,44
"ENSMUSG00000049866",3,0,4,9,7,1,6,9
"ENSMUSG00000049878",13,10,24,37,29,20,15,38
"ENSMUSG00000049892",0,0,2,4,1,2,1,7
"ENSMUSG00000049904",3,1,8,6,5,3,1,9
"ENSMUSG00000049907",3,6,17,10,11,17,17,37
"ENSMUSG00000049928",72,22,234,314,151,132,175,310
"ENSMUSG00000049932",0,1,9,14,9,9,6,12
"ENSMUSG00000049939",13,11,36,35,21,34,25,58
"ENSMUSG00000049940",4,2,11,19,10,3,16,14
"ENSMUSG00000049957",1,0,2,4,6,4,2,4
"ENSMUSG00000049960",8,7,10,22,14,9,16,30
"ENSMUSG00000049971",0,1,5,3,2,10,7,11
"ENSMUSG00000049985",0,1,0,0,0,4,1,0
"ENSMUSG00000050002",4,2,16,17,10,12,12,26
"ENSMUSG00000050017",4,5,24,29,13,16,8,35
"ENSMUSG00000050063",0,0,0,0,0,0,1,4
"ENSMUSG00000050064",4,3,7,11,6,10,6,26
"ENSMUSG00000050069",2,1,5,4,0,1,2,6
"ENSMUSG00000050071",5,3,13,19,11,5,31,16
"ENSMUSG00000050074",2,1,3,7,1,3,2,7
"ENSMUSG00000050079",9,5,35,23,24,14,13,35
"ENSMUSG00000050088",4,2,10,10,13,8,3,10
"ENSMUSG00000050103",32,26,68,69,34,37,16,55
"ENSMUSG00000050105",0,0,1,2,2,0,1,1
"ENSMUSG00000050121",5,0,33,7,16,4,16,9
"ENSMUSG00000050132",0,1,3,1,0,4,6,6
"ENSMUSG00000050138",2,0,3,5,1,1,10,4
"ENSMUSG00000050144",3,3,11,12,2,12,18,20
"ENSMUSG00000050148",6,2,25,12,12,8,21,14
"ENSMUSG00000050164",0,0,1,0,4,1,3,7
"ENSMUSG00000050199",9,7,22,13,24,10,20,20
"ENSMUSG00000050211",2,4,2,2,2,2,8,6
"ENSMUSG00000050240",2,1,3,4,1,0,3,2
"ENSMUSG00000050244",1,2,5,5,5,7,3,4
"ENSMUSG00000050248",1,1,6,1,3,3,3,3
"ENSMUSG00000050271",0,2,3,11,2,2,12,5
"ENSMUSG00000050272",23,18,13,13,35,34,45,39
"ENSMUSG00000050288",18,15,28,56,18,34,16,66
"ENSMUSG00000050299",69,31,180,256,141,82,171,266
"ENSMUSG00000050310",4,7,18,21,13,9,26,25
"ENSMUSG00000050315",6,6,18,21,7,10,9,17
"ENSMUSG00000050321",3,6,11,6,9,8,15,9
"ENSMUSG00000050323",1,4,12,5,9,2,13,8
"ENSMUSG00000050334",27,19,106,42,84,39,79,73
"ENSMUSG00000050350",3,1,8,11,6,4,1,13
"ENSMUSG00000050357",4,2,3,6,1,3,7,14
"ENSMUSG00000050370",0,0,0,2,0,2,0,3
"ENSMUSG00000050373",10,9,20,26,30,20,21,44
"ENSMUSG00000050379",4,1,9,11,15,5,19,18
"ENSMUSG00000050428",0,1,6,5,7,3,8,8
"ENSMUSG00000050447",10,7,29,10,28,3,10,18
"ENSMUSG00000050471",2,1,6,8,6,6,10,5
"ENSMUSG00000050490",0,1,4,0,2,0,3,4
"ENSMUSG00000050505",0,0,1,2,5,1,0,0
"ENSMUSG00000050511",1,0,1,0,0,2,6,0
"ENSMUSG00000050530",12,17,22,36,21,37,19,77
"ENSMUSG00000050538",4,2,20,14,5,8,5,13
"ENSMUSG00000050541",2,2,6,5,13,1,12,7
"ENSMUSG00000050552",11,8,29,30,20,16,29,45
"ENSMUSG00000050556",3,8,13,21,11,15,25,32
"ENSMUSG00000050565",4,5,13,20,15,10,12,25
"ENSMUSG00000050567",4,2,10,12,7,4,0,12
"ENSMUSG00000050587",64,68,162,147,212,157,289,242
"ENSMUSG00000050600",1,0,3,1,1,4,4,2
"ENSMUSG00000050605",1,2,4,3,9,3,3,4
"ENSMUSG00000050608",19,7,55,91,48,30,51,57
"ENSMUSG00000050621",59,39,181,325,187,99,179,228
"ENSMUSG00000050623",0,0,3,1,0,0,2,1
"ENSMUSG00000050627",4,0,10,7,6,7,6,14
"ENSMUSG00000050628",6,10,12,27,8,12,13,21
"ENSMUSG00000050640",2,1,5,3,4,3,4,7
"ENSMUSG00000050663",3,2,26,9,10,13,30,24
"ENSMUSG00000050668",4,3,3,8,9,4,7,12
"ENSMUSG00000050697",3,2,8,9,6,4,7,7
"ENSMUSG00000050705",4,2,7,12,7,4,11,15
"ENSMUSG00000050708",35,31,117,159,96,65,91,157
"ENSMUSG00000050711",2,2,25,18,12,13,34,9
"ENSMUSG00000050730",17,10,33,24,43,25,10,45
"ENSMUSG00000050737",4,12,6,11,6,3,5,8
"ENSMUSG00000050751",5,7,11,19,11,8,16,37
"ENSMUSG00000050762",4,2,9,8,7,11,1,13
"ENSMUSG00000050783",1,0,19,7,4,5,4,12
"ENSMUSG00000050786",1,3,3,3,3,2,5,10
"ENSMUSG00000050796",1,4,11,14,7,4,5,13
"ENSMUSG00000050812",13,5,30,26,39,31,34,72
"ENSMUSG00000050821",6,5,17,26,15,23,23,32
"ENSMUSG00000050830",1,1,0,3,5,0,4,6
"ENSMUSG00000050840",26,11,75,56,89,47,89,65
"ENSMUSG00000050854",2,1,2,1,3,2,4,2
"ENSMUSG00000050855",4,0,5,4,6,3,6,2
"ENSMUSG00000050856",3,3,23,28,14,7,21,22
"ENSMUSG00000050875",4,1,8,3,5,4,8,5
"ENSMUSG00000050890",1,4,3,3,5,6,5,7
"ENSMUSG00000050891",2,2,12,4,9,3,9,8
"ENSMUSG00000050908",1,1,8,5,7,3,7,5
"ENSMUSG00000050912",4,2,6,8,5,4,3,2
"ENSMUSG00000050931",0,0,2,3,1,1,4,5
"ENSMUSG00000050944",1,1,0,4,0,2,3,3
"ENSMUSG00000050945",9,8,21,14,24,9,19,40
"ENSMUSG00000050947",2,4,5,8,9,4,7,10
"ENSMUSG00000050953",127,90,390,443,357,249,176,352
"ENSMUSG00000050954",1,1,9,5,5,4,14,12
"ENSMUSG00000050965",95,98,96,269,71,213,74,408
"ENSMUSG00000050967",8,0,17,13,11,9,14,25
"ENSMUSG00000050973",2,3,1,5,7,5,6,9
"ENSMUSG00000050994",2,0,5,13,4,4,8,3
"ENSMUSG00000051007",2,2,15,11,12,1,9,16
"ENSMUSG00000051022",5,2,5,6,6,4,10,6
"ENSMUSG00000051041",11,12,28,26,19,45,7,42
"ENSMUSG00000051065",7,4,11,9,10,5,11,8
"ENSMUSG00000051067",0,1,5,6,1,2,5,4
"ENSMUSG00000051098",16,4,7,11,14,13,11,19
"ENSMUSG00000051107",1,2,8,3,8,4,4,8
"ENSMUSG00000051111",1,1,6,5,4,3,6,14
"ENSMUSG00000051146",3,1,7,7,7,3,9,16
"ENSMUSG00000051154",13,3,19,31,22,9,38,32
"ENSMUSG00000051166",14,8,46,39,22,24,39,41
"ENSMUSG00000051177",175,119,713,423,325,555,338,534
"ENSMUSG00000051185",8,10,37,60,34,20,28,46
"ENSMUSG00000051223",3,5,17,19,18,6,18,32
"ENSMUSG00000051232",3,4,7,10,9,7,9,20
"ENSMUSG00000051234",11,3,49,61,31,25,37,59
"ENSMUSG00000051236",0,1,1,2,2,1,0,2
"ENSMUSG00000051243",3,1,4,13,3,9,9,11
"ENSMUSG00000051255",3,3,16,16,9,6,6,18
"ENSMUSG00000051256",4,6,27,27,20,9,13,25
"ENSMUSG00000051262",27,13,72,15,77,23,39,53
"ENSMUSG00000051285",36,15,58,47,61,47,50,129
"ENSMUSG00000051319",13,8,23,38,23,18,30,47
"ENSMUSG00000051323",3,4,7,8,7,6,10,9
"ENSMUSG00000051329",4,8,16,11,9,11,8,20
"ENSMUSG00000051331",6,10,9,26,16,21,65,33
"ENSMUSG00000051335",2,5,5,4,9,8,16,5
"ENSMUSG00000051339",3,2,9,3,3,2,2,6
"ENSMUSG00000051343",5,0,6,3,4,4,7,3
"ENSMUSG00000051344",9,5,9,10,11,10,22,13
"ENSMUSG00000051351",2,3,2,7,4,5,1,4
"ENSMUSG00000051359",24,14,81,81,51,45,83,70
"ENSMUSG00000051373",0,0,11,13,11,3,12,21
"ENSMUSG00000051375",7,1,17,14,20,4,14,14
"ENSMUSG00000051379",3,0,3,1,3,3,5,10
"ENSMUSG00000051391",34,21,87,125,69,50,100,129
"ENSMUSG00000051396",7,7,12,18,15,14,14,26
"ENSMUSG00000051401",18,15,25,9,28,42,61,47
"ENSMUSG00000051403",5,2,15,10,8,8,12,27
"ENSMUSG00000051412",6,1,16,13,9,5,12,10
"ENSMUSG00000051427",2,1,12,2,6,6,5,6
"ENSMUSG00000051435",1,4,7,18,5,5,5,16
"ENSMUSG00000051439",0,5,1,64,0,14,0,25
"ENSMUSG00000051451",2,1,8,12,7,9,6,9
"ENSMUSG00000051452",4,5,2,3,5,8,2,10
"ENSMUSG00000051469",3,6,10,11,9,7,5,22
"ENSMUSG00000051483",6,2,10,14,9,7,12,17
"ENSMUSG00000051495",1,1,3,9,5,5,7,10
"ENSMUSG00000051504",0,0,0,0,3,1,0,0
"ENSMUSG00000051510",8,8,20,14,21,11,23,41
"ENSMUSG00000051518",2,1,12,17,11,6,19,26
"ENSMUSG00000051527",1,2,7,9,4,4,19,7
"ENSMUSG00000051550",0,1,8,8,7,3,4,8
"ENSMUSG00000051557",2,1,14,9,12,5,9,17
"ENSMUSG00000051579",6,3,21,26,11,5,17,32
"ENSMUSG00000051586",11,11,24,17,24,20,49,49
"ENSMUSG00000051590",3,5,13,19,12,12,10,10
"ENSMUSG00000051615",0,3,9,6,7,2,8,15
"ENSMUSG00000051671",3,1,14,14,6,4,8,11
"ENSMUSG00000051674",5,1,17,23,16,7,17,11
"ENSMUSG00000051675",12,10,17,28,26,16,18,29
"ENSMUSG00000051695",6,2,10,28,18,8,20,15
"ENSMUSG00000051703",5,1,9,13,3,4,10,15
"ENSMUSG00000051705",2,6,18,4,15,13,18,27
"ENSMUSG00000051726",3,2,8,5,6,5,14,11
"ENSMUSG00000051729",1,1,5,0,2,1,2,1
"ENSMUSG00000051730",5,1,12,9,10,3,11,15
"ENSMUSG00000051736",16,7,27,26,23,15,23,38
"ENSMUSG00000051768",3,0,4,9,5,4,5,3
"ENSMUSG00000051786",3,3,1,7,5,2,7,9
"ENSMUSG00000051790",4,4,13,19,11,8,13,7
"ENSMUSG00000051853",25,24,75,88,58,45,75,83
"ENSMUSG00000051855",1,0,4,4,3,7,2,5
"ENSMUSG00000051864",4,4,10,19,12,19,21,35
"ENSMUSG00000051890",3,3,15,11,14,9,14,19
"ENSMUSG00000051910",33,32,98,87,77,35,74,117
"ENSMUSG00000051920",0,0,5,1,3,1,1,0
"ENSMUSG00000051934",5,5,11,10,6,9,14,9
"ENSMUSG00000051950",6,9,21,14,23,9,14,20
"ENSMUSG00000051951",13,12,15,8,28,18,61,30
"ENSMUSG00000051985",0,1,0,0,3,0,3,1
"ENSMUSG00000051989",3,0,5,13,4,2,8,11
"ENSMUSG00000052026",3,0,3,8,3,3,12,10
"ENSMUSG00000052031",3,0,6,3,8,7,6,6
"ENSMUSG00000052033",8,8,20,30,12,7,18,25
"ENSMUSG00000052040",21,16,47,43,33,42,35,87
"ENSMUSG00000052062",40,37,99,169,68,78,48,189
"ENSMUSG00000052085",0,3,7,12,7,4,4,7
"ENSMUSG00000052087",0,1,1,4,3,0,7,4
"ENSMUSG00000052105",8,8,67,94,43,25,49,70
"ENSMUSG00000052133",3,1,12,3,5,1,13,4
"ENSMUSG00000052139",14,10,29,35,41,37,44,80
"ENSMUSG00000052144",3,3,15,19,13,2,9,18
"ENSMUSG00000052146",9,2,56,51,28,8,37,71
"ENSMUSG00000052155",1,2,6,3,6,2,11,6
"ENSMUSG00000052188",3,1,16,32,28,11,21,26
"ENSMUSG00000052214",1,4,12,14,14,8,16,21
"ENSMUSG00000052229",0,0,1,0,2,0,1,1
"ENSMUSG00000052253",7,5,12,19,7,2,11,11
"ENSMUSG00000052298",16,7,38,42,33,22,37,65
"ENSMUSG00000052299",4,5,10,12,14,4,9,18
"ENSMUSG00000052301",6,2,7,4,1,2,5,6
"ENSMUSG00000052302",3,2,9,8,7,7,12,11
"ENSMUSG00000052305",21,17,136,309,67,18,79,98
"ENSMUSG00000052310",3,5,17,37,18,31,18,37
"ENSMUSG00000052331",2,2,4,6,6,8,13,10
"ENSMUSG00000052336",1,0,6,6,3,2,4,7
"ENSMUSG00000052337",8,6,38,34,31,18,32,41
"ENSMUSG00000052353",0,0,1,1,1,4,3,3
"ENSMUSG00000052364",5,6,5,13,9,4,7,17
"ENSMUSG00000052369",3,2,15,6,12,1,12,6
"ENSMUSG00000052372",50,51,149,129,148,141,185,160
"ENSMUSG00000052373",2,4,4,5,2,4,7,7
"ENSMUSG00000052374",0,0,1,1,1,4,2,0
"ENSMUSG00000052387",92,109,292,247,273,282,252,408
"ENSMUSG00000052395",4,3,11,11,4,3,5,12
"ENSMUSG00000052397",7,18,28,40,22,62,15,110
"ENSMUSG00000052406",4,1,5,12,6,5,10,13
"ENSMUSG00000052407",1,3,6,4,15,3,9,9
"ENSMUSG00000052419",4,2,16,41,13,6,13,29
"ENSMUSG00000052423",5,3,10,5,7,7,4,3
"ENSMUSG00000052428",7,18,52,87,61,22,35,78
"ENSMUSG00000052430",30,30,119,115,87,106,43,146
"ENSMUSG00000052446",4,3,14,16,22,11,9,21
"ENSMUSG00000052456",8,3,10,15,15,13,11,15
"ENSMUSG00000052459",12,13,57,55,54,35,52,71
"ENSMUSG00000052477",0,0,4,5,3,0,2,6
"ENSMUSG00000052479",5,0,5,3,4,9,18,8
"ENSMUSG00000052488",4,5,12,6,16,13,12,9
"ENSMUSG00000052504",0,0,6,11,8,4,11,6
"ENSMUSG00000052512",48,81,150,199,120,189,117,324
"ENSMUSG00000052516",14,8,34,32,44,28,48,51
"ENSMUSG00000052533",3,1,6,8,2,4,4,7
"ENSMUSG00000052534",140,90,551,172,570,155,329,279
"ENSMUSG00000052539",13,19,78,50,46,27,22,64
"ENSMUSG00000052544",18,16,20,19,34,21,46,51
"ENSMUSG00000052551",2,3,4,11,11,6,13,15
"ENSMUSG00000052557",3,3,5,12,4,10,7,10
"ENSMUSG00000052560",3,19,5,126,3,68,8,144
"ENSMUSG00000052566",1,3,4,7,4,3,7,16
"ENSMUSG00000052572",76,58,84,68,128,134,270,159
"ENSMUSG00000052581",82,56,58,50,91,162,153,87
"ENSMUSG00000052584",27,9,65,81,48,29,45,110
"ENSMUSG00000052593",1,4,9,19,8,7,17,26
"ENSMUSG00000052609",0,1,3,5,3,2,1,3
"ENSMUSG00000052613",43,29,41,34,42,30,47,62
"ENSMUSG00000052616",0,0,3,1,2,1,1,3
"ENSMUSG00000052632",12,24,32,71,39,51,23,97
"ENSMUSG00000052656",2,2,16,15,15,16,16,20
"ENSMUSG00000052675",5,6,3,13,16,6,10,19
"ENSMUSG00000052676",2,1,9,4,13,5,12,17
"ENSMUSG00000052681",2,7,14,23,12,15,14,12
"ENSMUSG00000052684",0,6,9,21,5,14,12,28
"ENSMUSG00000052698",7,1,13,15,13,6,19,19
"ENSMUSG00000052707",15,22,81,57,44,50,38,104
"ENSMUSG00000052712",9,0,24,17,24,15,15,11
"ENSMUSG00000052713",20,22,63,72,77,66,75,91
"ENSMUSG00000052726",9,11,6,2,14,6,15,21
"ENSMUSG00000052727",27,25,84,109,81,43,142,79
"ENSMUSG00000052738",15,12,41,41,26,20,37,63
"ENSMUSG00000052748",8,5,23,29,18,11,17,38
"ENSMUSG00000052752",4,7,8,10,15,1,9,16
"ENSMUSG00000052763",6,3,10,14,12,12,6,5
"ENSMUSG00000052783",7,8,21,13,18,15,15,20
"ENSMUSG00000052794",4,0,13,5,7,9,10,15
"ENSMUSG00000052798",3,1,6,1,4,7,4,6
"ENSMUSG00000052812",12,16,41,40,45,26,27,49
"ENSMUSG00000052833",7,5,24,13,19,7,16,24
"ENSMUSG00000052837",0,11,9,70,10,38,8,91
"ENSMUSG00000052848",0,0,0,4,1,0,1,3
"ENSMUSG00000052852",11,8,14,13,14,7,23,29
"ENSMUSG00000052861",0,0,0,8,1,5,7,0
"ENSMUSG00000052889",50,43,156,209,136,96,173,209
"ENSMUSG00000052906",3,1,9,9,7,8,5,25
"ENSMUSG00000052914",13,7,38,18,20,26,20,26
"ENSMUSG00000052915",3,1,0,2,3,5,6,14
"ENSMUSG00000052917",12,9,31,21,17,11,26,27
"ENSMUSG00000052920",9,7,21,19,27,21,76,42
"ENSMUSG00000052921",1,1,3,5,0,1,2,1
"ENSMUSG00000052926",3,1,8,3,5,3,10,12
"ENSMUSG00000052928",12,9,37,19,17,21,23,37
"ENSMUSG00000052934",5,8,17,29,10,26,15,34
"ENSMUSG00000052942",25,68,76,212,98,128,45,310
"ENSMUSG00000052949",11,11,23,27,24,34,23,52
"ENSMUSG00000052962",7,3,5,12,7,9,15,12
"ENSMUSG00000052981",5,5,18,20,18,9,16,14
"ENSMUSG00000052997",5,7,23,21,19,12,25,35
"ENSMUSG00000053004",3,0,9,5,7,7,10,4
"ENSMUSG00000053007",15,6,16,23,14,40,20,28
"ENSMUSG00000053012",6,8,16,33,16,17,13,27
"ENSMUSG00000053024",3,2,8,3,7,5,16,11
"ENSMUSG00000053025",10,5,42,37,19,27,33,36
"ENSMUSG00000053040",3,2,4,6,6,5,4,3
"ENSMUSG00000053046",2,1,14,11,5,6,5,7
"ENSMUSG00000053062",4,1,14,11,21,9,17,5
"ENSMUSG00000053070",3,4,8,4,8,9,4,13
"ENSMUSG00000053094",3,2,10,20,10,10,9,16
"ENSMUSG00000053110",3,3,10,10,10,9,7,16
"ENSMUSG00000053111",0,1,1,5,2,1,2,5
"ENSMUSG00000053113",0,10,0,37,1,33,0,64
"ENSMUSG00000053119",4,3,19,22,26,18,22,27
"ENSMUSG00000053128",24,9,41,28,34,25,31,37
"ENSMUSG00000053134",7,2,14,10,17,7,9,21
"ENSMUSG00000053137",4,1,3,10,7,2,7,11
"ENSMUSG00000053141",45,35,144,89,152,72,87,96
"ENSMUSG00000053153",1,4,13,41,9,9,10,5
"ENSMUSG00000053166",3,4,2,6,5,6,5,4
"ENSMUSG00000053192",50,30,159,172,136,70,105,224
"ENSMUSG00000053199",3,5,7,6,6,6,10,15
"ENSMUSG00000053205",1,6,9,7,9,4,3,9
"ENSMUSG00000053253",13,7,37,70,51,30,49,61
"ENSMUSG00000053286",18,9,37,29,48,22,24,51
"ENSMUSG00000053289",2,1,4,8,5,6,6,17
"ENSMUSG00000053293",4,0,8,6,6,4,5,15
"ENSMUSG00000053310",34,16,94,191,133,82,150,198
"ENSMUSG00000053317",4,7,15,30,13,4,15,33
"ENSMUSG00000053329",3,0,10,14,6,6,15,11
"ENSMUSG00000053333",20,10,38,29,38,25,34,39
"ENSMUSG00000053347",3,0,9,9,16,7,15,18
"ENSMUSG00000053368",0,0,0,0,2,0,0,1
"ENSMUSG00000053390",2,0,10,4,5,7,6,7
"ENSMUSG00000053395",2,5,20,10,11,5,4,19
"ENSMUSG00000053399",0,0,1,0,1,0,6,0
"ENSMUSG00000053411",1,1,10,9,11,9,9,16
"ENSMUSG00000053414",6,1,11,5,2,1,9,24
"ENSMUSG00000053436",5,4,15,15,10,11,15,42
"ENSMUSG00000053453",14,6,33,43,39,19,28,45
"ENSMUSG00000053465",4,6,12,17,28,32,42,48
"ENSMUSG00000053470",18,5,39,29,24,10,18,38
"ENSMUSG00000053475",3,2,5,13,5,2,11,6
"ENSMUSG00000053477",123,90,390,268,307,142,222,334
"ENSMUSG00000053483",0,0,3,3,2,4,2,5
"ENSMUSG00000053510",3,9,16,24,13,12,20,32
"ENSMUSG00000053519",5,3,16,12,3,7,11,21
"ENSMUSG00000053536",1,0,10,6,7,5,8,10
"ENSMUSG00000053550",1,0,1,10,4,3,6,6
"ENSMUSG00000053552",0,0,5,1,0,1,1,4
"ENSMUSG00000053553",10,20,33,47,36,51,16,74
"ENSMUSG00000053560",2,1,3,9,2,7,6,10
"ENSMUSG00000053565",9,4,12,33,15,9,25,19
"ENSMUSG00000053580",16,21,52,42,61,25,78,62
"ENSMUSG00000053581",5,2,9,10,4,18,5,19
"ENSMUSG00000053604",2,0,3,4,2,0,3,8
"ENSMUSG00000053617",1,2,1,3,3,3,7,5
"ENSMUSG00000053626",0,0,0,1,1,2,8,1
"ENSMUSG00000053641",9,8,18,44,15,64,18,68
"ENSMUSG00000053644",5,2,14,10,16,8,13,19
"ENSMUSG00000053646",7,8,35,42,31,25,22,48
"ENSMUSG00000053693",1,1,5,6,4,1,4,2
"ENSMUSG00000053702",90,133,149,345,116,337,112,439
"ENSMUSG00000053714",13,10,22,14,23,19,17,18
"ENSMUSG00000053730",5,0,5,6,3,3,8,4
"ENSMUSG00000053754",8,9,40,27,26,19,30,48
"ENSMUSG00000053768",27,28,65,63,72,46,56,116
"ENSMUSG00000053774",7,9,26,20,21,16,13,35
"ENSMUSG00000053799",3,2,10,4,1,5,15,7
"ENSMUSG00000053819",26,34,63,106,45,76,68,151
"ENSMUSG00000053825",11,13,18,18,24,23,42,39
"ENSMUSG00000053838",33,12,85,169,67,46,65,102
"ENSMUSG00000053841",1,1,3,5,4,5,4,10
"ENSMUSG00000053861",17,7,38,2,6,25,1,7
"ENSMUSG00000053877",2,0,3,6,3,5,5,8
"ENSMUSG00000053898",4,3,10,13,22,14,9,28
"ENSMUSG00000053907",22,38,90,97,130,127,56,240
"ENSMUSG00000053914",1,2,0,3,1,2,5,2
"ENSMUSG00000053929",15,5,26,30,35,21,27,36
"ENSMUSG00000053930",2,14,10,20,11,18,5,50
"ENSMUSG00000053931",8,5,27,82,34,43,22,73
"ENSMUSG00000053963",4,3,14,11,10,9,10,15
"ENSMUSG00000053965",1,0,2,1,1,1,2,0
"ENSMUSG00000053985",2,3,6,12,12,5,7,10
"ENSMUSG00000054008",0,1,3,4,6,3,8,8
"ENSMUSG00000054013",2,1,13,10,15,12,25,28
"ENSMUSG00000054021",1,2,12,12,16,11,19,9
"ENSMUSG00000054027",6,3,21,16,11,10,12,21
"ENSMUSG00000054034",8,6,25,27,22,7,15,27
"ENSMUSG00000054051",1,4,1,1,6,5,2,8
"ENSMUSG00000054072",0,5,0,76,0,15,0,136
"ENSMUSG00000054074",4,7,22,14,15,9,11,16
"ENSMUSG00000054079",2,2,3,6,5,2,9,11
"ENSMUSG00000054091",21,13,45,57,44,16,45,63
"ENSMUSG00000054099",0,3,5,12,8,1,2,6
"ENSMUSG00000054115",2,0,4,1,6,1,0,7
"ENSMUSG00000054162",3,1,17,18,14,13,26,35
"ENSMUSG00000054196",2,0,2,5,2,3,5,7
"ENSMUSG00000054199",15,13,23,22,42,21,42,69
"ENSMUSG00000054226",30,3,81,26,91,16,86,33
"ENSMUSG00000054237",4,1,13,7,8,4,11,18
"ENSMUSG00000054252",40,26,95,117,85,75,38,112
"ENSMUSG00000054263",5,7,28,30,17,10,13,42
"ENSMUSG00000054277",3,2,14,16,10,13,14,18
"ENSMUSG00000054280",6,4,18,16,26,11,30,51
"ENSMUSG00000054302",9,3,15,19,10,14,16,24
"ENSMUSG00000054309",5,0,7,8,13,4,8,12
"ENSMUSG00000054312",13,15,45,63,31,21,46,58
"ENSMUSG00000054321",2,3,5,9,3,9,3,17
"ENSMUSG00000054364",20,16,37,90,25,41,25,86
"ENSMUSG00000054385",2,8,3,6,5,6,3,11
"ENSMUSG00000054387",10,8,27,23,15,14,14,43
"ENSMUSG00000054400",28,28,18,67,11,72,9,141
"ENSMUSG00000054405",10,5,33,30,22,24,38,49
"ENSMUSG00000054408",1,0,16,22,9,10,11,18
"ENSMUSG00000054414",2,2,5,5,6,8,4,10
"ENSMUSG00000054423",19,14,28,44,38,43,64,59
"ENSMUSG00000054428",61,20,147,219,128,71,126,211
"ENSMUSG00000054434",3,0,10,8,9,3,14,14
"ENSMUSG00000054450",2,2,2,4,3,1,4,3
"ENSMUSG00000054452",24,14,53,61,48,27,53,68
"ENSMUSG00000054453",0,0,3,0,0,1,1,0
"ENSMUSG00000054455",4,7,14,26,15,8,14,20
"ENSMUSG00000054459",39,34,115,134,110,40,153,145
"ENSMUSG00000054469",1,2,13,12,10,6,9,17
"ENSMUSG00000054477",58,44,168,89,162,69,88,173
"ENSMUSG00000054484",7,1,9,6,10,5,12,11
"ENSMUSG00000054519",5,5,2,7,3,6,7,14
"ENSMUSG00000054555",0,0,1,5,3,0,2,5
"ENSMUSG00000054556",11,11,19,20,14,12,4,26
"ENSMUSG00000054604",2,0,5,11,7,7,4,10
"ENSMUSG00000054611",8,3,44,36,32,14,32,47
"ENSMUSG00000054619",9,12,29,18,21,11,9,22
"ENSMUSG00000054640",4,6,10,23,18,28,41,43
"ENSMUSG00000054675",0,0,0,2,0,0,1,2
"ENSMUSG00000054676",3,2,9,5,3,4,2,4
"ENSMUSG00000054679",2,0,2,2,1,1,7,2
"ENSMUSG00000054690",0,0,2,1,2,1,2,4
"ENSMUSG00000054693",17,7,45,33,33,28,33,53
"ENSMUSG00000054702",1,1,0,2,0,1,0,3
"ENSMUSG00000054708",5,1,10,9,19,7,9,27
"ENSMUSG00000054715",7,5,8,10,12,7,8,25
"ENSMUSG00000054716",8,4,25,25,17,8,24,35
"ENSMUSG00000054720",28,14,59,80,28,40,9,89
"ENSMUSG00000054728",54,51,88,48,200,110,213,129
"ENSMUSG00000054733",17,13,14,18,28,28,43,50
"ENSMUSG00000054737",11,13,44,39,23,30,30,50
"ENSMUSG00000054752",7,0,22,12,6,7,9,23
"ENSMUSG00000054766",2,12,27,20,24,15,20,43
"ENSMUSG00000054770",1,2,6,4,8,4,2,12
"ENSMUSG00000054792",1,2,11,11,10,3,8,19
"ENSMUSG00000054793",7,5,34,59,42,20,31,41
"ENSMUSG00000054808",9,3,18,22,17,14,18,23
"ENSMUSG00000054814",7,4,31,25,22,9,36,30
"ENSMUSG00000054823",20,17,55,36,41,47,45,91
"ENSMUSG00000054836",2,0,7,2,5,2,13,14
"ENSMUSG00000054843",18,13,19,65,26,35,37,75
"ENSMUSG00000054855",1,1,4,20,3,7,8,12
"ENSMUSG00000054863",7,5,20,16,25,11,16,25
"ENSMUSG00000054871",2,5,22,36,17,9,21,26
"ENSMUSG00000054874",3,0,6,2,3,4,6,6
"ENSMUSG00000054885",8,17,19,93,4,38,7,53
"ENSMUSG00000054893",1,1,3,2,2,1,2,6
"ENSMUSG00000054894",6,2,16,11,13,12,5,19
"ENSMUSG00000054920",5,3,24,20,21,17,22,28
"ENSMUSG00000054934",4,2,12,7,5,2,8,6
"ENSMUSG00000054942",7,1,8,18,20,15,10,37
"ENSMUSG00000054976",6,1,5,8,8,4,24,14
"ENSMUSG00000055003",6,11,11,39,14,30,9,44
"ENSMUSG00000055010",0,0,1,1,0,2,1,0
"ENSMUSG00000055013",9,6,25,24,14,27,22,33
"ENSMUSG00000055022",30,28,111,73,103,38,97,61
"ENSMUSG00000055024",5,2,13,16,15,5,11,23
"ENSMUSG00000055026",18,29,67,66,56,27,49,69
"ENSMUSG00000055041",2,0,2,7,1,6,3,11
"ENSMUSG00000055044",2,2,1,2,1,3,4,5
"ENSMUSG00000055048",1,1,1,3,4,2,1,2
"ENSMUSG00000055053",2,3,14,13,13,8,13,23
"ENSMUSG00000055065",10,16,36,40,42,24,31,68
"ENSMUSG00000055067",17,10,43,36,45,24,59,38
"ENSMUSG00000055069",5,2,31,20,17,7,18,24
"ENSMUSG00000055078",2,4,8,9,6,8,12,8
"ENSMUSG00000055109",3,5,4,4,2,7,9,12
"ENSMUSG00000055114",0,0,1,0,1,0,0,2
"ENSMUSG00000055116",10,6,23,12,20,15,21,33
"ENSMUSG00000055128",5,3,7,15,12,7,17,19
"ENSMUSG00000055137",10,16,39,32,34,26,23,31
"ENSMUSG00000055148",0,0,3,6,0,0,0,2
"ENSMUSG00000055202",4,1,4,5,5,4,7,8
"ENSMUSG00000055204",24,9,49,52,47,27,37,67
"ENSMUSG00000055214",0,0,4,9,1,2,23,6
"ENSMUSG00000055228",7,3,7,18,10,8,7,22
"ENSMUSG00000055239",14,15,43,31,34,21,39,57
"ENSMUSG00000055240",8,3,7,5,11,6,7,10
"ENSMUSG00000055254",118,104,343,445,319,255,167,487
"ENSMUSG00000055296",9,8,46,22,33,17,24,28
"ENSMUSG00000055302",31,18,129,167,87,55,93,183
"ENSMUSG00000055305",0,0,8,3,3,5,3,8
"ENSMUSG00000055319",2,2,8,5,2,2,4,11
"ENSMUSG00000055320",32,51,42,183,56,125,19,223
"ENSMUSG00000055322",6,7,11,18,6,17,6,26
"ENSMUSG00000055334",7,7,22,19,19,15,11,40
"ENSMUSG00000055371",2,3,12,22,14,16,11,33
"ENSMUSG00000055373",28,18,107,58,84,32,93,57
"ENSMUSG00000055401",1,3,5,12,5,3,11,7
"ENSMUSG00000055407",4,2,13,2,5,7,16,12
"ENSMUSG00000055409",6,4,11,11,10,13,21,17
"ENSMUSG00000055421",236,198,559,403,564,390,482,558
"ENSMUSG00000055430",50,24,104,137,98,46,113,118
"ENSMUSG00000055435",1,2,3,4,4,3,10,6
"ENSMUSG00000055436",25,18,48,59,59,60,58,134
"ENSMUSG00000055447",42,26,102,171,87,82,88,156
"ENSMUSG00000055471",4,4,4,9,3,10,8,17
"ENSMUSG00000055485",2,4,17,8,10,7,19,15
"ENSMUSG00000055489",0,1,3,1,0,0,0,2
"ENSMUSG00000055491",1,1,5,4,3,2,4,10
"ENSMUSG00000055493",4,1,14,13,24,15,6,23
"ENSMUSG00000055531",12,9,38,49,42,37,30,65
"ENSMUSG00000055538",9,7,25,30,9,19,7,44
"ENSMUSG00000055540",10,9,35,18,6,30,35,22
"ENSMUSG00000055547",1,0,1,3,7,2,2,2
"ENSMUSG00000055553",6,2,24,29,27,17,24,45
"ENSMUSG00000055567",12,5,18,13,21,16,46,25
"ENSMUSG00000055629",0,0,3,1,1,0,3,3
"ENSMUSG00000055639",2,5,14,5,13,2,9,2
"ENSMUSG00000055653",2,1,1,2,1,0,1,4
"ENSMUSG00000055670",9,5,25,32,37,19,32,45
"ENSMUSG00000055675",10,11,20,25,13,15,29,29
"ENSMUSG00000055681",9,5,32,18,14,12,18,35
"ENSMUSG00000055692",10,11,28,32,27,22,34,47
"ENSMUSG00000055707",8,12,21,35,18,23,20,65
"ENSMUSG00000055717",2,5,15,3,8,2,12,3
"ENSMUSG00000055720",3,3,5,12,6,4,14,10
"ENSMUSG00000055723",3,2,5,3,3,7,3,4
"ENSMUSG00000055725",7,3,41,36,26,16,19,30
"ENSMUSG00000055733",3,0,5,4,7,5,14,9
"ENSMUSG00000055737",27,24,99,98,84,62,36,119
"ENSMUSG00000055745",0,2,9,4,9,1,7,3
"ENSMUSG00000055761",5,2,13,8,12,8,11,7
"ENSMUSG00000055762",5,3,7,14,13,5,10,17
"ENSMUSG00000055782",11,8,26,14,27,11,10,18
"ENSMUSG00000055799",9,10,48,25,31,14,26,26
"ENSMUSG00000055805",0,1,8,6,10,4,8,10
"ENSMUSG00000055817",2,1,8,4,10,5,10,13
"ENSMUSG00000055835",3,7,21,26,23,17,27,48
"ENSMUSG00000055839",13,12,67,117,47,25,46,59
"ENSMUSG00000055850",3,3,24,16,21,9,9,15
"ENSMUSG00000055862",5,6,24,28,18,11,17,43
"ENSMUSG00000055866",9,7,29,22,14,10,8,28
"ENSMUSG00000055884",1,0,5,4,4,1,4,2
"ENSMUSG00000055900",0,0,4,4,4,5,5,10
"ENSMUSG00000055912",2,2,5,3,16,6,4,10
"ENSMUSG00000055917",6,7,10,10,12,5,15,7
"ENSMUSG00000055932",19,17,73,52,58,38,52,68
"ENSMUSG00000055943",25,18,75,88,58,35,47,81
"ENSMUSG00000055980",2,2,6,12,10,1,11,6
"ENSMUSG00000055991",2,1,5,7,10,3,7,15
"ENSMUSG00000056004",3,4,8,10,9,5,8,13
"ENSMUSG00000056014",1,2,7,2,3,2,9,3
"ENSMUSG00000056018",0,0,2,0,2,5,1,3
"ENSMUSG00000056050",7,9,29,29,26,22,18,40
"ENSMUSG00000056055",0,0,3,2,6,0,0,3
"ENSMUSG00000056069",3,1,4,7,3,6,12,13
"ENSMUSG00000056073",23,10,83,33,64,22,119,46
"ENSMUSG00000056076",4,2,10,12,9,7,11,11
"ENSMUSG00000056091",5,13,25,23,26,17,39,46
"ENSMUSG00000056121",2,2,6,9,3,3,12,6
"ENSMUSG00000056124",1,3,31,22,12,13,16,24
"ENSMUSG00000056131",1,1,6,7,3,7,4,10
"ENSMUSG00000056145",0,0,5,0,0,1,2,4
"ENSMUSG00000056153",6,2,12,8,11,9,7,11
"ENSMUSG00000056158",21,18,21,24,56,34,196,46
"ENSMUSG00000056167",8,7,24,28,12,22,20,34
"ENSMUSG00000056185",8,1,30,13,33,17,30,26
"ENSMUSG00000056201",32,25,118,207,138,73,142,176
"ENSMUSG00000056204",2,0,11,7,5,4,12,8
"ENSMUSG00000056211",38,42,68,86,79,59,96,127
"ENSMUSG00000056214",2,0,7,8,6,2,6,14
"ENSMUSG00000056216",4,5,17,19,18,21,12,54
"ENSMUSG00000056220",0,0,0,1,0,1,1,0
"ENSMUSG00000056222",19,15,19,36,43,39,65,48
"ENSMUSG00000056228",1,3,6,3,3,4,4,9
"ENSMUSG00000056258",32,61,54,72,76,64,77,194
"ENSMUSG00000056260",2,0,9,13,10,13,12,14
"ENSMUSG00000056267",3,1,7,2,1,0,4,6
"ENSMUSG00000056268",3,8,24,20,10,11,13,24
"ENSMUSG00000056290",1,0,0,0,0,0,1,2
"ENSMUSG00000056296",6,2,18,30,14,7,22,14
"ENSMUSG00000056305",7,0,2,7,5,3,5,9
"ENSMUSG00000056306",4,2,9,4,3,0,5,5
"ENSMUSG00000056310",9,7,10,12,13,8,15,21
"ENSMUSG00000056342",23,27,63,83,54,44,63,103
"ENSMUSG00000056366",2,3,29,26,16,14,18,29
"ENSMUSG00000056367",6,12,22,24,38,10,16,34
"ENSMUSG00000056383",2,3,5,5,10,8,3,13
"ENSMUSG00000056413",4,3,18,17,9,3,17,14
"ENSMUSG00000056427",7,5,6,0,9,25,35,19
"ENSMUSG00000056429",16,7,34,76,29,24,21,42
"ENSMUSG00000056458",9,6,15,23,19,9,11,22
"ENSMUSG00000056459",0,0,5,7,3,6,10,11
"ENSMUSG00000056476",27,6,27,41,28,41,22,61
"ENSMUSG00000056486",53,24,107,114,127,76,133,162
"ENSMUSG00000056492",0,1,1,1,1,0,1,1
"ENSMUSG00000056493",3,2,9,5,7,7,8,14
"ENSMUSG00000056501",0,5,1,15,1,1,0,17
"ENSMUSG00000056515",20,9,77,30,59,58,39,82
"ENSMUSG00000056536",5,2,7,4,6,6,7,11
"ENSMUSG00000056537",6,2,14,28,18,15,14,49
"ENSMUSG00000056553",9,11,23,41,34,32,73,57
"ENSMUSG00000056586",0,0,1,1,0,0,0,1
"ENSMUSG00000056596",2,1,11,11,6,2,13,6
"ENSMUSG00000056598",3,8,17,12,8,14,15,18
"ENSMUSG00000056602",57,37,169,109,103,123,131,233
"ENSMUSG00000056608",42,41,181,96,111,42,81,128
"ENSMUSG00000056629",9,9,46,66,38,17,39,36
"ENSMUSG00000056665",2,3,20,28,10,23,16,31
"ENSMUSG00000056673",6,5,6,5,4,3,4,10
"ENSMUSG00000056679",2,3,8,9,4,3,4,8
"ENSMUSG00000056692",11,9,31,36,19,18,23,44
"ENSMUSG00000056698",4,3,7,21,21,12,10,29
"ENSMUSG00000056708",4,2,28,22,29,5,20,20
"ENSMUSG00000056752",2,3,2,18,2,7,2,3
"ENSMUSG00000056755",30,19,17,18,53,45,87,65
"ENSMUSG00000056763",20,15,50,51,50,25,42,70
"ENSMUSG00000056770",4,5,23,25,16,21,35,31
"ENSMUSG00000056812",6,1,7,14,10,7,13,16
"ENSMUSG00000056820",19,9,23,48,40,28,36,79
"ENSMUSG00000056832",3,4,9,7,5,5,4,8
"ENSMUSG00000056851",10,7,30,38,25,12,25,48
"ENSMUSG00000056856",2,1,3,5,2,3,5,11
"ENSMUSG00000056870",3,3,28,11,24,8,17,12
"ENSMUSG00000056895",13,5,30,33,29,11,17,44
"ENSMUSG00000056899",8,7,27,20,29,19,29,44
"ENSMUSG00000056900",2,3,3,5,2,2,6,8
"ENSMUSG00000056917",1,0,3,9,3,3,4,6
"ENSMUSG00000056919",1,8,5,15,10,9,6,13
"ENSMUSG00000056938",2,3,15,14,12,16,13,23
"ENSMUSG00000056941",4,0,8,5,8,4,4,10
"ENSMUSG00000056962",3,4,7,10,10,3,4,16
"ENSMUSG00000056966",2,0,6,2,5,1,22,6
"ENSMUSG00000056999",4,7,17,14,16,4,14,17
"ENSMUSG00000057054",4,3,10,10,10,8,2,14
"ENSMUSG00000057058",0,0,1,0,2,1,5,5
"ENSMUSG00000057060",4,3,5,4,1,11,6,10
"ENSMUSG00000057069",3,0,5,3,9,3,5,2
"ENSMUSG00000057093",0,0,5,4,3,8,4,7
"ENSMUSG00000057098",0,1,4,4,0,6,14,7
"ENSMUSG00000057101",2,1,8,7,9,3,3,9
"ENSMUSG00000057110",1,5,9,18,7,14,4,26
"ENSMUSG00000057113",10,7,26,61,30,18,40,57
"ENSMUSG00000057130",6,6,20,25,12,9,14,30
"ENSMUSG00000057133",16,10,29,23,51,22,38,50
"ENSMUSG00000057134",0,3,12,11,15,5,10,11
"ENSMUSG00000057137",0,0,2,7,0,2,0,4
"ENSMUSG00000057143",1,7,2,15,6,2,4,29
"ENSMUSG00000057147",14,2,20,21,13,7,22,20
"ENSMUSG00000057177",7,2,9,13,7,4,13,7
"ENSMUSG00000057181",5,3,16,16,12,10,16,18
"ENSMUSG00000057182",3,0,10,8,5,5,6,8
"ENSMUSG00000057193",1,2,4,12,9,3,8,12
"ENSMUSG00000057229",2,1,5,9,6,1,5,11
"ENSMUSG00000057230",21,21,55,42,41,47,57,138
"ENSMUSG00000057234",4,6,17,10,14,14,7,16
"ENSMUSG00000057236",10,3,14,16,12,7,18,20
"ENSMUSG00000057246",4,0,5,7,0,3,1,6
"ENSMUSG00000057265",6,8,9,9,16,12,9,10
"ENSMUSG00000057278",8,2,14,28,15,8,14,23
"ENSMUSG00000057286",4,7,5,18,13,7,2,36
"ENSMUSG00000057315",1,0,3,1,7,3,7,2
"ENSMUSG00000057322",9,8,37,47,28,13,22,29
"ENSMUSG00000057329",26,27,101,51,90,34,42,115
"ENSMUSG00000057335",1,0,9,15,5,4,9,10
"ENSMUSG00000057363",8,5,18,19,15,16,20,16
"ENSMUSG00000057367",7,2,7,23,8,18,6,23
"ENSMUSG00000057375",4,6,35,24,23,15,20,28
"ENSMUSG00000057378",8,2,5,9,3,9,19,10
"ENSMUSG00000057388",9,3,26,43,35,8,16,59
"ENSMUSG00000057406",5,10,16,18,13,12,28,25
"ENSMUSG00000057409",3,1,4,6,8,6,3,13
"ENSMUSG00000057411",16,12,34,27,30,18,32,43
"ENSMUSG00000057421",5,1,15,24,16,17,14,30
"ENSMUSG00000057439",0,1,2,7,0,4,2,3
"ENSMUSG00000057440",0,3,21,11,9,4,17,13
"ENSMUSG00000057455",9,5,17,16,15,6,24,17
"ENSMUSG00000057497",5,1,12,7,6,3,7,11
"ENSMUSG00000057506",9,7,18,33,29,15,20,35
"ENSMUSG00000057522",31,30,103,106,98,72,73,167
"ENSMUSG00000057530",8,5,12,19,21,13,13,18
"ENSMUSG00000057531",5,4,11,24,17,7,14,33
"ENSMUSG00000057541",5,3,9,18,8,8,8,19
"ENSMUSG00000057554",2,3,10,7,5,2,4,16
"ENSMUSG00000057561",3,4,12,26,19,7,9,31
"ENSMUSG00000057572",4,5,11,8,3,5,13,13
"ENSMUSG00000057594",4,2,10,11,18,5,9,18
"ENSMUSG00000057614",11,6,16,24,18,13,31,31
"ENSMUSG00000057637",4,3,19,17,17,6,11,30
"ENSMUSG00000057649",10,7,15,16,15,8,18,34
"ENSMUSG00000057657",12,10,72,115,58,34,50,77
"ENSMUSG00000057672",6,0,16,7,11,7,7,21
"ENSMUSG00000057691",2,1,6,3,8,6,2,6
"ENSMUSG00000057715",7,3,15,19,21,13,22,37
"ENSMUSG00000057716",18,11,38,21,61,26,54,64
"ENSMUSG00000057722",0,0,1,1,0,1,1,3
"ENSMUSG00000057738",21,9,51,40,58,25,64,47
"ENSMUSG00000057766",5,3,24,8,19,4,13,15
"ENSMUSG00000057778",3,2,4,10,10,10,9,11
"ENSMUSG00000057788",2,2,8,9,1,8,4,14
"ENSMUSG00000057816",2,4,11,24,4,9,11,2
"ENSMUSG00000057841",35,20,115,235,112,48,112,161
"ENSMUSG00000057858",7,2,20,15,7,6,11,14
"ENSMUSG00000057863",13,9,46,81,30,20,29,57
"ENSMUSG00000057880",25,17,58,61,51,26,43,95
"ENSMUSG00000057894",5,3,18,14,12,10,18,16
"ENSMUSG00000057897",18,6,42,58,48,23,51,50
"ENSMUSG00000057914",9,18,12,57,16,23,31,67
"ENSMUSG00000057963",2,5,11,15,3,13,9,18
"ENSMUSG00000057977",0,1,1,1,0,0,0,2
"ENSMUSG00000057982",6,4,12,17,16,19,10,35
"ENSMUSG00000058006",2,5,14,14,12,18,16,28
"ENSMUSG00000058013",10,3,27,26,26,23,27,38
"ENSMUSG00000058056",8,5,45,7,34,7,20,23
"ENSMUSG00000058064",31,12,74,141,54,33,62,106
"ENSMUSG00000058070",2,0,14,3,13,3,12,3
"ENSMUSG00000058076",9,7,24,36,27,13,23,26
"ENSMUSG00000058093",5,4,13,13,21,11,13,23
"ENSMUSG00000058126",2,2,21,1,4,8,7,7
"ENSMUSG00000058135",7,12,37,66,56,47,40,52
"ENSMUSG00000058145",2,0,3,4,2,3,4,1
"ENSMUSG00000058152",10,6,13,28,35,17,24,32
"ENSMUSG00000058153",4,5,17,9,11,20,30,12
"ENSMUSG00000058192",14,8,29,27,17,22,23,31
"ENSMUSG00000058230",12,10,48,34,40,18,35,36
"ENSMUSG00000058239",3,6,21,17,17,9,15,19
"ENSMUSG00000058248",6,7,11,5,21,13,19,20
"ENSMUSG00000058254",111,77,532,367,443,177,313,308
"ENSMUSG00000058258",1,2,11,19,10,6,11,20
"ENSMUSG00000058267",8,7,36,56,25,21,31,59
"ENSMUSG00000058291",1,3,5,5,8,1,6,7
"ENSMUSG00000058297",12,5,34,20,23,15,43,24
"ENSMUSG00000058301",0,1,7,8,1,2,6,6
"ENSMUSG00000058317",26,40,64,96,64,73,78,154
"ENSMUSG00000058318",51,44,110,72,83,60,68,105
"ENSMUSG00000058325",27,30,86,82,90,70,68,147
"ENSMUSG00000058328",6,3,18,11,6,7,4,9
"ENSMUSG00000058331",1,4,4,4,4,1,3,14
"ENSMUSG00000058351",19,27,45,78,37,38,23,88
"ENSMUSG00000058355",3,2,12,12,9,6,7,23
"ENSMUSG00000058388",7,2,17,23,12,14,6,32
"ENSMUSG00000058400",0,0,0,0,1,0,0,0
"ENSMUSG00000058407",6,6,29,18,22,11,17,29
"ENSMUSG00000058420",2,0,5,1,4,3,5,7
"ENSMUSG00000058427",0,2,0,17,0,13,0,4
"ENSMUSG00000058440",15,10,37,27,39,26,35,63
"ENSMUSG00000058441",1,1,5,10,1,1,6,2
"ENSMUSG00000058444",14,10,19,16,32,15,18,42
"ENSMUSG00000058454",12,13,29,31,31,22,23,35
"ENSMUSG00000058486",5,3,18,11,13,16,10,20
"ENSMUSG00000058488",1,1,1,1,4,0,0,0
"ENSMUSG00000058498",3,1,2,4,0,5,8,9
"ENSMUSG00000058503",9,5,18,24,16,21,19,42
"ENSMUSG00000058546",3,1,26,11,14,9,16,18
"ENSMUSG00000058558",9,7,33,39,24,10,33,48
"ENSMUSG00000058569",27,24,49,94,57,38,54,92
"ENSMUSG00000058571",317,255,154,613,137,612,146,1049
"ENSMUSG00000058587",2,6,18,21,19,12,11,37
"ENSMUSG00000058589",59,35,76,107,87,106,183,128
"ENSMUSG00000058594",1,5,16,14,10,12,9,31
"ENSMUSG00000058600",1,0,31,5,9,5,20,20
"ENSMUSG00000058624",16,4,26,27,31,7,27,25
"ENSMUSG00000058638",6,4,14,19,15,11,16,41
"ENSMUSG00000058655",9,1,20,23,12,12,18,31
"ENSMUSG00000058656",14,17,13,12,16,28,59,34
"ENSMUSG00000058672",16,4,30,59,47,29,94,74
"ENSMUSG00000058690",6,4,34,14,30,8,16,18
"ENSMUSG00000058704",7,4,14,13,11,7,17,16
"ENSMUSG00000058706",3,4,12,13,9,4,8,18
"ENSMUSG00000058709",9,2,11,26,13,12,25,38
"ENSMUSG00000058715",0,1,1,15,2,2,3,9
"ENSMUSG00000058729",0,2,8,3,4,6,6,11
"ENSMUSG00000058740",14,15,4,35,3,31,9,50
"ENSMUSG00000058748",2,3,10,5,2,3,3,5
"ENSMUSG00000058756",22,16,54,75,73,40,73,87
"ENSMUSG00000058761",5,7,10,22,13,24,12,23
"ENSMUSG00000058793",18,7,36,42,37,34,42,36
"ENSMUSG00000058799",6,5,38,45,21,11,37,35
"ENSMUSG00000058833",10,5,20,42,15,11,19,33
"ENSMUSG00000058835",18,14,68,60,61,47,29,92
"ENSMUSG00000058886",3,1,6,9,9,8,7,8
"ENSMUSG00000058897",2,3,5,4,1,6,7,8
"ENSMUSG00000058925",0,0,2,3,4,1,2,2
"ENSMUSG00000058927",5,2,34,31,28,13,21,35
"ENSMUSG00000058966",2,2,11,12,5,11,18,15
"ENSMUSG00000058975",3,1,7,13,9,10,23,10
"ENSMUSG00000058979",8,1,16,10,13,0,13,13
"ENSMUSG00000058997",18,13,47,34,36,41,26,84
"ENSMUSG00000059003",26,25,46,31,48,59,102,91
"ENSMUSG00000059005",14,14,96,74,47,33,49,68
"ENSMUSG00000059013",0,2,5,4,2,2,12,4
"ENSMUSG00000059040",1,1,7,2,4,3,12,8
"ENSMUSG00000059049",4,1,4,0,10,0,5,2
"ENSMUSG00000059070",21,11,43,107,51,35,62,110
"ENSMUSG00000059119",5,5,32,19,20,17,19,32
"ENSMUSG00000059142",2,1,2,6,1,8,2,10
"ENSMUSG00000059146",21,12,30,46,29,47,86,51
"ENSMUSG00000059149",4,7,21,12,9,10,18,23
"ENSMUSG00000059173",17,13,43,42,38,21,51,48
"ENSMUSG00000059182",5,2,9,17,6,12,9,17
"ENSMUSG00000059183",2,0,2,5,4,3,3,2
"ENSMUSG00000059187",58,46,37,127,52,113,91,184
"ENSMUSG00000059203",10,10,12,16,11,12,9,16
"ENSMUSG00000059208",13,6,22,21,24,15,23,36
"ENSMUSG00000059213",3,3,32,40,14,8,18,22
"ENSMUSG00000059248",3,1,6,12,6,8,9,9
"ENSMUSG00000059263",14,6,29,22,20,22,23,40
"ENSMUSG00000059273",4,3,9,4,3,10,8,3
"ENSMUSG00000059278",2,4,14,29,24,10,21,32
"ENSMUSG00000059288",2,4,4,11,6,9,6,24
"ENSMUSG00000059291",20,5,93,122,54,24,70,91
"ENSMUSG00000059316",4,0,6,10,8,4,11,5
"ENSMUSG00000059323",8,3,18,40,28,17,28,37
"ENSMUSG00000059325",6,1,11,20,9,4,34,8
"ENSMUSG00000059326",2,3,12,9,15,7,16,22
"ENSMUSG00000059327",23,17,45,50,38,45,12,57
"ENSMUSG00000059355",2,1,15,10,15,3,8,14
"ENSMUSG00000059361",8,2,13,10,17,5,24,17
"ENSMUSG00000059363",2,0,16,5,15,4,14,10
"ENSMUSG00000059401",0,2,2,2,4,8,10,5
"ENSMUSG00000059406",1,0,7,10,1,0,3,0
"ENSMUSG00000059409",2,2,9,4,2,3,9,5
"ENSMUSG00000059423",6,0,5,3,3,4,7,10
"ENSMUSG00000059436",1,3,23,23,23,8,16,28
"ENSMUSG00000059439",24,30,71,68,62,44,68,101
"ENSMUSG00000059447",9,3,28,9,23,18,19,17
"ENSMUSG00000059456",5,7,22,26,19,18,27,27
"ENSMUSG00000059474",21,14,38,35,39,16,27,52
"ENSMUSG00000059475",5,1,6,8,11,1,1,5
"ENSMUSG00000059482",5,0,6,16,10,4,8,15
"ENSMUSG00000059486",4,1,12,6,10,3,9,13
"ENSMUSG00000059493",0,0,4,7,1,5,5,5
"ENSMUSG00000059495",30,60,140,189,117,114,74,257
"ENSMUSG00000059498",0,0,1,3,1,0,1,2
"ENSMUSG00000059518",5,1,16,43,14,15,18,38
"ENSMUSG00000059534",18,13,119,165,73,44,103,109
"ENSMUSG00000059540",0,1,2,4,5,1,1,7
"ENSMUSG00000059552",3,4,6,19,8,14,10,26
"ENSMUSG00000059554",3,3,8,15,10,2,9,19
"ENSMUSG00000059586",20,13,38,43,36,31,32,64
"ENSMUSG00000059588",0,0,3,1,1,0,2,0
"ENSMUSG00000059602",7,4,11,6,12,17,12,16
"ENSMUSG00000059631",1,1,7,5,2,0,8,8
"ENSMUSG00000059659",1,0,6,6,1,1,4,6
"ENSMUSG00000059669",13,8,25,18,28,27,27,28
"ENSMUSG00000059689",7,6,15,17,18,8,19,24
"ENSMUSG00000059708",5,4,13,11,6,7,12,15
"ENSMUSG00000059713",1,0,6,2,4,2,5,8
"ENSMUSG00000059714",6,6,10,36,13,21,17,46
"ENSMUSG00000059734",8,2,23,37,21,11,16,27
"ENSMUSG00000059742",19,32,44,21,50,85,111,87
"ENSMUSG00000059772",1,1,5,1,3,4,2,8
"ENSMUSG00000059775",20,16,69,117,53,28,55,95
"ENSMUSG00000059796",12,14,51,87,42,37,46,70
"ENSMUSG00000059810",14,16,17,9,16,11,13,15
"ENSMUSG00000059811",5,4,16,14,32,6,26,24
"ENSMUSG00000059820",2,1,7,6,11,6,2,8
"ENSMUSG00000059824",8,9,29,40,62,11,33,66
"ENSMUSG00000059834",7,6,14,8,17,16,19,15
"ENSMUSG00000059835",15,12,83,124,43,8,31,62
"ENSMUSG00000059842",1,0,1,1,5,1,6,5
"ENSMUSG00000059852",4,5,1,10,1,2,1,9
"ENSMUSG00000059857",7,7,17,25,13,7,23,14
"ENSMUSG00000059866",2,5,3,23,10,34,8,57
"ENSMUSG00000059878",3,1,12,12,6,7,4,11
"ENSMUSG00000059890",10,9,25,21,16,18,13,32
"ENSMUSG00000059895",3,2,10,19,12,9,9,17
"ENSMUSG00000059920",3,5,7,14,7,6,11,20
"ENSMUSG00000059921",16,6,33,16,35,21,75,42
"ENSMUSG00000059923",13,10,42,29,33,20,42,54
"ENSMUSG00000059939",0,0,2,4,9,3,1,2
"ENSMUSG00000059974",333,168,1421,458,1102,387,758,915
"ENSMUSG00000059975",4,1,19,14,24,11,21,33
"ENSMUSG00000059981",2,5,8,3,7,3,6,13
"ENSMUSG00000059991",2,14,5,47,9,25,15,43
"ENSMUSG00000059995",2,2,12,13,7,2,8,7
"ENSMUSG00000060002",18,8,66,50,44,31,39,51
"ENSMUSG00000060012",2,8,21,15,12,9,24,20
"ENSMUSG00000060019",59,38,238,351,127,79,168,270
"ENSMUSG00000060032",17,8,38,68,40,24,52,66
"ENSMUSG00000060036",11,6,49,75,17,22,32,65
"ENSMUSG00000060038",3,2,23,26,16,16,19,35
"ENSMUSG00000060073",22,13,58,47,42,40,48,105
"ENSMUSG00000060090",3,0,5,4,2,2,4,6
"ENSMUSG00000060098",3,3,8,14,6,8,8,19
"ENSMUSG00000060121",4,4,5,6,9,3,6,10
"ENSMUSG00000060126",28,24,132,178,68,46,119,158
"ENSMUSG00000060143",10,2,81,71,55,24,67,57
"ENSMUSG00000060147",10,5,25,14,18,8,13,14
"ENSMUSG00000060149",1,3,9,13,9,6,7,11
"ENSMUSG00000060152",23,5,35,71,35,34,35,81
"ENSMUSG00000060166",1,3,10,10,7,9,11,23
"ENSMUSG00000060181",2,3,0,4,2,2,1,4
"ENSMUSG00000060188",5,2,3,0,7,8,1,7
"ENSMUSG00000060206",13,6,38,13,25,13,35,25
"ENSMUSG00000060212",5,2,9,6,9,11,10,9
"ENSMUSG00000060216",3,0,2,2,8,3,10,5
"ENSMUSG00000060227",7,8,28,17,26,15,20,32
"ENSMUSG00000060240",18,11,54,77,45,25,44,77
"ENSMUSG00000060261",29,20,66,45,55,36,58,67
"ENSMUSG00000060275",12,9,11,33,6,26,16,34
"ENSMUSG00000060279",3,4,15,25,15,9,24,18
"ENSMUSG00000060288",4,2,5,4,3,2,4,10
"ENSMUSG00000060301",5,8,15,6,6,7,7,26
"ENSMUSG00000060314",2,2,2,1,2,5,5,13
"ENSMUSG00000060336",2,2,3,5,7,3,2,6
"ENSMUSG00000060371",9,8,26,16,22,11,72,22
"ENSMUSG00000060373",6,10,32,33,29,20,31,52
"ENSMUSG00000060376",10,6,19,22,22,15,19,28
"ENSMUSG00000060402",4,5,4,13,7,9,9,11
"ENSMUSG00000060424",21,9,94,87,70,32,51,95
"ENSMUSG00000060427",3,0,9,9,7,4,8,12
"ENSMUSG00000060429",2,3,15,0,18,1,7,3
"ENSMUSG00000060445",35,19,69,35,67,72,30,81
"ENSMUSG00000060450",22,14,52,49,49,48,56,103
"ENSMUSG00000060475",7,6,22,25,12,9,16,28
"ENSMUSG00000060477",39,44,87,123,97,117,34,278
"ENSMUSG00000060487",1,4,2,7,6,1,10,8
"ENSMUSG00000060510",15,9,40,39,25,20,37,77
"ENSMUSG00000060512",3,1,13,9,4,5,10,8
"ENSMUSG00000060519",0,1,6,22,8,8,2,23
"ENSMUSG00000060534",36,74,62,28,72,81,89,57
"ENSMUSG00000060538",9,3,12,9,15,12,10,18
"ENSMUSG00000060548",18,5,87,27,62,18,44,43
"ENSMUSG00000060568",2,0,2,2,3,3,3,1
"ENSMUSG00000060579",33,27,79,85,49,58,50,80
"ENSMUSG00000060591",0,2,8,39,3,8,7,23
"ENSMUSG00000060601",7,3,13,22,14,16,9,31
"ENSMUSG00000060636",20,12,102,198,56,51,65,89
"ENSMUSG00000060657",19,11,47,36,39,23,45,58
"ENSMUSG00000060675",2,1,11,11,7,1,15,8
"ENSMUSG00000060679",3,1,12,7,8,6,13,20
"ENSMUSG00000060681",5,2,14,11,18,11,18,14
"ENSMUSG00000060703",8,11,17,49,25,16,16,48
"ENSMUSG00000060708",1,1,10,17,11,5,3,9
"ENSMUSG00000060716",3,2,10,3,6,5,11,11
"ENSMUSG00000060733",4,0,7,7,5,7,3,13
"ENSMUSG00000060739",0,1,7,4,2,2,3,9
"ENSMUSG00000060743",20,31,89,127,76,34,121,125
"ENSMUSG00000060771",3,4,11,8,14,8,11,15
"ENSMUSG00000060780",2,0,3,0,3,5,4,5
"ENSMUSG00000060798",4,1,7,5,10,1,11,12
"ENSMUSG00000060802",5,22,29,138,30,42,28,113
"ENSMUSG00000060843",18,15,28,29,24,19,87,55
"ENSMUSG00000060862",2,2,4,3,0,1,6,4
"ENSMUSG00000060882",53,47,127,81,155,88,315,134
"ENSMUSG00000060904",12,6,30,32,30,17,31,41
"ENSMUSG00000060923",17,13,42,33,20,19,33,56
"ENSMUSG00000060924",154,134,154,194,219,247,348,284
"ENSMUSG00000060935",2,4,11,9,9,4,7,3
"ENSMUSG00000060938",35,12,77,126,45,32,47,146
"ENSMUSG00000060950",2,1,4,7,1,2,2,9
"ENSMUSG00000060961",52,41,278,176,175,133,188,217
"ENSMUSG00000060988",6,2,11,10,12,12,50,16
"ENSMUSG00000060992",6,3,16,22,21,15,22,33
"ENSMUSG00000061013",3,3,5,1,9,10,14,4
"ENSMUSG00000061024",3,7,12,23,5,11,5,22
"ENSMUSG00000061028",1,0,18,6,12,7,17,14
"ENSMUSG00000061032",11,7,26,41,29,24,39,46
"ENSMUSG00000061046",18,8,37,37,57,19,30,59
"ENSMUSG00000061079",1,3,8,11,4,5,9,11
"ENSMUSG00000061080",1174,916,3723,2393,3296,1870,1724,3748
"ENSMUSG00000061086",0,2,13,7,6,2,6,11
"ENSMUSG00000061099",2,3,13,21,7,8,9,18
"ENSMUSG00000061104",5,2,12,9,12,1,3,17
"ENSMUSG00000061111",7,11,40,47,29,11,21,53
"ENSMUSG00000061118",4,3,14,26,15,6,12,21
"ENSMUSG00000061119",5,6,10,9,10,9,13,19
"ENSMUSG00000061130",3,4,26,22,22,11,16,26
"ENSMUSG00000061132",2,0,1,3,2,3,2,6
"ENSMUSG00000061136",10,3,32,22,32,17,16,40
"ENSMUSG00000061143",1,4,17,11,9,8,28,11
"ENSMUSG00000061171",0,0,1,0,0,0,0,4
"ENSMUSG00000061175",8,3,19,17,19,10,14,27
"ENSMUSG00000061186",0,1,2,0,2,0,0,3
"ENSMUSG00000061207",8,3,17,21,9,11,12,31
"ENSMUSG00000061232",0,9,7,94,11,42,17,63
"ENSMUSG00000061244",6,4,25,24,24,20,26,28
"ENSMUSG00000061273",0,1,7,4,2,5,5,4
"ENSMUSG00000061288",15,6,33,31,26,15,25,42
"ENSMUSG00000061298",27,27,37,43,38,36,81,54
"ENSMUSG00000061306",3,1,6,8,4,5,7,10
"ENSMUSG00000061313",14,10,52,26,30,22,35,54
"ENSMUSG00000061315",10,9,37,51,31,20,39,59
"ENSMUSG00000061353",0,2,8,13,1,4,6,5
"ENSMUSG00000061360",6,3,15,14,11,11,17,17
"ENSMUSG00000061374",1,3,5,7,6,6,6,21
"ENSMUSG00000061410",6,11,11,38,10,26,12,44
"ENSMUSG00000061411",0,2,7,4,9,3,6,8
"ENSMUSG00000061414",1,1,2,2,1,1,3,3
"ENSMUSG00000061436",29,30,82,97,94,80,61,138
"ENSMUSG00000061451",10,5,35,34,21,26,47,40
"ENSMUSG00000061455",2,5,3,3,5,2,7,10
"ENSMUSG00000061458",13,7,20,29,14,15,14,30
"ENSMUSG00000061461",4,8,22,31,27,16,16,43
"ENSMUSG00000061474",10,3,31,39,31,18,25,46
"ENSMUSG00000061477",4,4,55,68,36,15,24,44
"ENSMUSG00000061479",2,2,8,17,11,5,15,21
"ENSMUSG00000061518",27,21,87,158,55,44,46,89
"ENSMUSG00000061533",5,12,17,29,11,17,12,19
"ENSMUSG00000061535",1,1,0,0,1,0,0,0
"ENSMUSG00000061536",4,1,4,6,3,2,7,0
"ENSMUSG00000061559",4,4,6,14,2,12,10,18
"ENSMUSG00000061576",8,11,28,28,28,20,103,36
"ENSMUSG00000061578",5,3,6,4,10,7,31,13
"ENSMUSG00000061589",2,2,17,6,9,6,5,24
"ENSMUSG00000061601",15,6,47,26,41,26,63,39
"ENSMUSG00000061603",56,45,81,61,74,92,99,128
"ENSMUSG00000061613",10,13,32,37,34,30,28,82
"ENSMUSG00000061650",3,1,6,11,10,5,6,11
"ENSMUSG00000061665",5,4,15,11,8,6,3,13
"ENSMUSG00000061666",3,7,12,15,24,6,11,14
"ENSMUSG00000061689",10,17,41,36,19,18,47,51
"ENSMUSG00000061702",6,6,16,17,12,5,15,16
"ENSMUSG00000061718",3,5,9,22,10,11,12,23
"ENSMUSG00000061731",27,36,79,105,60,63,74,147
"ENSMUSG00000061740",19,8,56,64,45,41,30,69
"ENSMUSG00000061751",81,50,142,102,136,167,165,236
"ENSMUSG00000061755",7,7,23,10,10,13,34,35
"ENSMUSG00000061758",8,3,20,8,16,2,18,15
"ENSMUSG00000061759",1,3,4,12,4,3,2,10
"ENSMUSG00000061762",1,1,6,20,6,1,8,5
"ENSMUSG00000061778",2,6,9,10,6,14,6,19
"ENSMUSG00000061787",9,3,42,50,24,16,31,52
"ENSMUSG00000061802",1,1,5,6,3,1,2,4
"ENSMUSG00000061808",1,18,167,543,405,51,88,42
"ENSMUSG00000061859",1,2,5,11,8,8,17,15
"ENSMUSG00000061882",6,3,23,8,14,14,14,16
"ENSMUSG00000061887",4,4,22,22,15,13,22,21
"ENSMUSG00000061904",19,14,50,106,92,33,103,145
"ENSMUSG00000061911",17,9,27,33,32,41,70,61
"ENSMUSG00000061950",7,5,19,13,22,26,15,20
"ENSMUSG00000061979",1,3,12,12,11,7,4,14
"ENSMUSG00000061981",6,7,26,42,33,29,34,92
"ENSMUSG00000062006",5,8,28,46,22,8,15,15
"ENSMUSG00000062014",3,3,15,10,13,12,10,14
"ENSMUSG00000062044",0,3,3,6,3,1,7,4
"ENSMUSG00000062054",6,1,4,7,5,2,7,8
"ENSMUSG00000062070",2,2,7,3,6,3,12,10
"ENSMUSG00000062078",109,53,383,271,313,193,237,386
"ENSMUSG00000062098",2,3,16,18,10,5,20,9
"ENSMUSG00000062110",6,12,19,13,30,16,15,29
"ENSMUSG00000062115",4,1,9,7,16,10,13,11
"ENSMUSG00000062127",1,3,6,8,7,0,4,11
"ENSMUSG00000062151",21,3,107,10,85,11,79,18
"ENSMUSG00000062169",3,2,11,16,11,9,5,16
"ENSMUSG00000062175",4,3,12,7,7,2,3,4
"ENSMUSG00000062184",1,3,7,5,6,4,11,0
"ENSMUSG00000062190",3,0,9,8,3,4,19,6
"ENSMUSG00000062198",4,2,21,20,32,4,20,26
"ENSMUSG00000062202",21,31,100,80,96,98,87,114
"ENSMUSG00000062203",9,3,30,19,15,12,18,25
"ENSMUSG00000062209",7,7,39,21,16,15,92,22
"ENSMUSG00000062210",3,4,20,10,20,11,9,14
"ENSMUSG00000062232",14,12,45,27,28,31,48,61
"ENSMUSG00000062234",3,1,12,11,10,7,11,29
"ENSMUSG00000062257",56,93,93,46,132,145,284,230
"ENSMUSG00000062270",10,8,16,34,20,23,31,46
"ENSMUSG00000062296",2,0,1,3,2,2,6,3
"ENSMUSG00000062300",1,1,2,6,2,3,4,4
"ENSMUSG00000062309",1,1,0,10,3,0,0,4
"ENSMUSG00000062328",50,19,167,206,79,53,78,188
"ENSMUSG00000062352",3,3,9,8,8,6,8,11
"ENSMUSG00000062372",0,0,1,2,0,2,1,2
"ENSMUSG00000062373",5,3,10,23,4,9,10,23
"ENSMUSG00000062376",13,5,26,21,20,7,12,33
"ENSMUSG00000062382",5,10,61,34,32,22,32,49
"ENSMUSG00000062397",7,12,44,52,35,19,42,56
"ENSMUSG00000062421",1,0,8,12,10,4,4,11
"ENSMUSG00000062444",2,2,12,17,16,10,16,15
"ENSMUSG00000062456",82,43,242,292,185,115,177,299
"ENSMUSG00000062470",2,1,2,2,4,5,9,4
"ENSMUSG00000062480",1,7,15,34,14,32,7,76
"ENSMUSG00000062519",12,4,22,19,18,16,21,48
"ENSMUSG00000062542",0,1,4,0,1,1,3,1
"ENSMUSG00000062563",0,0,5,0,5,3,5,5
"ENSMUSG00000062580",13,9,42,40,40,18,33,81
"ENSMUSG00000062590",8,4,38,22,27,23,17,35
"ENSMUSG00000062591",23,10,41,39,57,8,60,57
"ENSMUSG00000062604",37,20,97,61,74,47,98,115
"ENSMUSG00000062627",9,15,32,32,26,21,27,53
"ENSMUSG00000062646",3,5,15,12,11,9,4,14
"ENSMUSG00000062647",2,6,13,18,13,6,12,28
"ENSMUSG00000062661",5,1,26,25,21,5,26,15
"ENSMUSG00000062683",22,13,41,97,41,27,47,85
"ENSMUSG00000062691",3,2,8,9,9,5,5,20
"ENSMUSG00000062713",18,0,0,0,0,0,0,1
"ENSMUSG00000062729",0,1,6,8,9,3,6,7
"ENSMUSG00000062753",12,4,31,45,15,20,21,41
"ENSMUSG00000062760",0,0,2,1,3,0,3,2
"ENSMUSG00000062761",15,6,45,35,39,36,31,50
"ENSMUSG00000062762",5,6,31,35,22,16,21,51
"ENSMUSG00000062785",6,7,14,17,11,19,20,39
"ENSMUSG00000062797",4,5,20,23,13,12,16,32
"ENSMUSG00000062822",8,10,15,19,25,23,12,31
"ENSMUSG00000062825",36,24,105,124,68,54,129,147
"ENSMUSG00000062866",12,8,21,12,11,9,6,32
"ENSMUSG00000062901",5,4,15,14,26,14,17,20
"ENSMUSG00000062906",4,0,3,2,5,1,4,3
"ENSMUSG00000062908",4,3,10,12,8,4,8,11
"ENSMUSG00000062929",16,8,35,34,41,17,26,51
"ENSMUSG00000062931",3,0,7,5,5,12,11,10
"ENSMUSG00000062949",2,3,20,18,10,5,5,21
"ENSMUSG00000062963",8,3,22,37,23,17,24,48
"ENSMUSG00000062980",6,3,11,8,6,4,3,10
"ENSMUSG00000062981",11,6,45,40,34,12,35,42
"ENSMUSG00000062991",126,139,235,456,182,321,265,372
"ENSMUSG00000062995",6,3,3,4,6,9,18,8
"ENSMUSG00000063015",12,6,34,27,14,30,21,35
"ENSMUSG00000063019",17,5,34,40,30,14,26,45
"ENSMUSG00000063047",2,4,7,10,13,13,12,16
"ENSMUSG00000063049",4,4,15,13,13,6,12,22
"ENSMUSG00000063052",1,1,6,5,5,7,6,8
"ENSMUSG00000063063",86,63,239,115,232,149,192,182
"ENSMUSG00000063065",4,0,13,10,11,3,10,7
"ENSMUSG00000063077",79,52,207,177,193,105,164,188
"ENSMUSG00000063142",85,67,89,126,102,154,148,254
"ENSMUSG00000063145",3,3,13,9,3,8,17,26
"ENSMUSG00000063146",5,0,12,3,12,7,12,17
"ENSMUSG00000063160",1,1,8,8,2,5,6,8
"ENSMUSG00000063172",1,1,10,9,9,4,10,10
"ENSMUSG00000063179",3,5,16,20,16,12,15,25
"ENSMUSG00000063200",2,2,11,17,8,8,19,21
"ENSMUSG00000063229",9,2,25,49,25,21,47,58
"ENSMUSG00000063234",0,0,0,3,0,1,0,4
"ENSMUSG00000063236",8,6,16,24,7,5,9,20
"ENSMUSG00000063239",1,1,2,1,0,0,18,0
"ENSMUSG00000063253",12,7,48,58,39,19,35,55
"ENSMUSG00000063260",0,0,2,1,2,2,13,0
"ENSMUSG00000063273",2,4,24,22,26,16,22,25
"ENSMUSG00000063275",7,2,12,16,21,14,11,18
"ENSMUSG00000063296",2,2,6,4,6,5,9,10
"ENSMUSG00000063297",105,50,433,160,466,87,263,241
"ENSMUSG00000063317",2,2,13,13,6,14,10,8
"ENSMUSG00000063334",3,6,5,5,9,3,6,16
"ENSMUSG00000063358",24,13,58,60,51,33,36,62
"ENSMUSG00000063362",3,2,9,12,7,8,12,9
"ENSMUSG00000063364",4,5,10,23,15,9,6,30
"ENSMUSG00000063406",20,13,48,59,40,41,23,60
"ENSMUSG00000063410",4,1,8,5,8,3,8,20
"ENSMUSG00000063430",3,1,8,6,5,6,32,13
"ENSMUSG00000063434",3,4,16,5,11,6,35,12
"ENSMUSG00000063446",1,1,2,2,1,3,3,3
"ENSMUSG00000063450",4,2,10,17,9,4,10,6
"ENSMUSG00000063455",2,1,4,5,6,2,9,8
"ENSMUSG00000063457",47,30,201,252,116,70,163,163
"ENSMUSG00000063458",14,28,43,66,19,44,20,106
"ENSMUSG00000063480",20,8,54,79,47,22,51,72
"ENSMUSG00000063506",0,0,2,1,0,1,1,5
"ENSMUSG00000063511",57,41,168,119,151,127,131,275
"ENSMUSG00000063524",12,4,36,36,48,9,73,43
"ENSMUSG00000063531",1,2,7,3,8,8,3,6
"ENSMUSG00000063550",6,13,22,53,24,41,15,69
"ENSMUSG00000063558",8,5,26,28,14,26,16,53
"ENSMUSG00000063564",7,2,3,16,6,10,7,15
"ENSMUSG00000063568",4,3,3,8,6,4,10,9
"ENSMUSG00000063576",3,2,8,8,9,7,10,17
"ENSMUSG00000063600",27,7,28,15,29,28,58,20
"ENSMUSG00000063626",5,6,21,26,26,46,31,63
"ENSMUSG00000063632",1,3,3,3,9,5,10,7
"ENSMUSG00000063646",7,4,21,16,22,25,35,21
"ENSMUSG00000063659",8,5,17,21,14,8,17,23
"ENSMUSG00000063663",5,4,14,4,8,7,6,6
"ENSMUSG00000063694",29,13,91,160,49,36,44,104
"ENSMUSG00000063696",10,12,32,26,27,7,13,36
"ENSMUSG00000063698",1,2,12,12,5,2,9,10
"ENSMUSG00000063714",2,1,9,8,8,6,7,16
"ENSMUSG00000063760",6,0,6,7,8,6,7,6
"ENSMUSG00000063765",0,0,8,8,5,2,7,7
"ENSMUSG00000063785",6,4,10,15,16,11,11,23
"ENSMUSG00000063787",12,3,28,45,29,14,23,63
"ENSMUSG00000063800",2,1,10,11,7,5,3,14
"ENSMUSG00000063801",9,8,18,16,19,11,21,30
"ENSMUSG00000063802",3,1,12,11,12,2,16,13
"ENSMUSG00000063804",0,1,0,1,0,1,2,2
"ENSMUSG00000063808",11,11,21,13,20,17,19,29
"ENSMUSG00000063810",14,8,39,4,29,11,30,22
"ENSMUSG00000063849",3,1,3,9,6,6,7,10
"ENSMUSG00000063856",5,6,30,46,13,7,11,31
"ENSMUSG00000063870",21,8,36,45,49,10,48,56
"ENSMUSG00000063873",15,15,26,44,39,22,20,47
"ENSMUSG00000063882",23,15,111,158,93,41,73,151
"ENSMUSG00000063884",5,4,5,7,9,7,4,11
"ENSMUSG00000063887",166,134,516,299,479,279,432,426
"ENSMUSG00000063888",11,4,15,23,15,12,29,27
"ENSMUSG00000063889",1,3,22,22,13,14,11,33
"ENSMUSG00000063895",1,1,5,6,8,4,4,8
"ENSMUSG00000063897",1,0,9,4,3,1,2,4
"ENSMUSG00000063904",2,0,6,8,9,6,12,8
"ENSMUSG00000063919",3,3,5,1,5,13,25,12
"ENSMUSG00000063931",4,4,15,30,8,15,9,46
"ENSMUSG00000063952",3,5,8,17,15,5,4,32
"ENSMUSG00000063953",0,3,11,11,8,7,15,8
"ENSMUSG00000063972",24,13,96,20,51,24,53,48
"ENSMUSG00000064030",0,2,7,12,4,5,4,10
"ENSMUSG00000064036",31,40,39,64,20,119,8,115
"ENSMUSG00000064037",1,1,5,6,7,2,3,10
"ENSMUSG00000064061",12,5,23,20,19,19,34,38
"ENSMUSG00000064065",1,3,6,5,2,9,14,16
"ENSMUSG00000064068",5,4,22,19,27,11,15,13
"ENSMUSG00000064080",0,1,2,6,3,1,2,2
"ENSMUSG00000064090",3,3,5,3,1,5,2,3
"ENSMUSG00000064105",9,3,29,16,22,12,9,15
"ENSMUSG00000064115",206,188,699,521,712,355,509,712
"ENSMUSG00000064120",0,1,4,10,6,6,4,5
"ENSMUSG00000064127",3,2,15,17,6,7,11,24
"ENSMUSG00000064138",27,26,47,40,52,42,59,75
"ENSMUSG00000064145",11,11,36,40,28,20,32,57
"ENSMUSG00000064181",5,4,9,16,8,6,14,22
"ENSMUSG00000064202",8,7,17,25,15,34,21,31
"ENSMUSG00000064210",7,23,28,65,10,40,21,83
"ENSMUSG00000064215",5,7,14,40,13,10,9,79
"ENSMUSG00000064225",2,0,10,6,4,1,12,5
"ENSMUSG00000064246",5,17,12,78,11,21,12,45
"ENSMUSG00000064247",0,2,2,5,5,1,5,5
"ENSMUSG00000064254",2,1,6,8,5,2,8,5
"ENSMUSG00000064264",3,3,15,21,10,8,15,25
"ENSMUSG00000064280",7,7,42,24,36,1,6,28
"ENSMUSG00000064289",10,4,24,22,33,13,20,43
"ENSMUSG00000064293",28,11,22,14,36,36,99,41
"ENSMUSG00000064302",24,12,57,37,46,24,28,56
"ENSMUSG00000064307",3,0,7,11,8,5,5,22
"ENSMUSG00000064317",2,2,11,19,14,5,11,19
"ENSMUSG00000064325",0,0,6,3,7,2,6,2
"ENSMUSG00000064326",1,2,8,5,9,5,1,15
"ENSMUSG00000064329",7,5,13,16,14,13,42,24
"ENSMUSG00000064341",104,80,850,1459,355,214,850,568
"ENSMUSG00000064345",33,21,299,448,120,71,281,187
"ENSMUSG00000064351",118,126,944,1545,402,291,1158,645
"ENSMUSG00000064354",79,62,507,910,261,188,721,454
"ENSMUSG00000064356",1,0,5,4,1,5,8,5
"ENSMUSG00000064357",134,124,967,1684,385,276,1289,781
"ENSMUSG00000064358",224,167,1529,2484,665,428,1412,940
"ENSMUSG00000064360",2,2,48,107,18,17,75,30
"ENSMUSG00000064363",54,46,470,787,184,115,505,301
"ENSMUSG00000064367",6,2,42,58,14,10,57,23
"ENSMUSG00000064370",37,39,504,1009,229,133,525,321
"ENSMUSG00000064373",48,29,204,253,136,108,82,171
"ENSMUSG00000065947",5,1,19,17,9,3,12,12
"ENSMUSG00000065954",10,10,30,38,31,37,36,68
"ENSMUSG00000065968",0,3,6,23,7,26,1,63
"ENSMUSG00000065979",12,4,24,17,27,15,18,34
"ENSMUSG00000065990",7,3,29,57,14,12,29,23
"ENSMUSG00000066026",9,1,19,11,25,9,8,17
"ENSMUSG00000066036",3,3,13,17,13,10,17,16
"ENSMUSG00000066037",16,13,45,61,57,40,50,71
"ENSMUSG00000066043",8,7,24,33,26,17,24,48
"ENSMUSG00000066057",14,5,13,16,21,17,12,29
"ENSMUSG00000066113",0,0,0,3,4,1,6,3
"ENSMUSG00000066129",4,2,8,6,5,5,9,5
"ENSMUSG00000066148",2,3,13,4,4,1,5,18
"ENSMUSG00000066149",12,5,32,36,27,24,21,46
"ENSMUSG00000066150",5,6,16,21,12,12,10,26
"ENSMUSG00000066151",10,9,17,22,22,21,17,42
"ENSMUSG00000066152",5,1,6,22,8,10,1,24
"ENSMUSG00000066170",5,11,6,18,0,11,1,51
"ENSMUSG00000066189",4,3,11,14,21,17,21,15
"ENSMUSG00000066232",4,6,14,24,9,11,9,30
"ENSMUSG00000066233",2,0,13,9,7,3,6,7
"ENSMUSG00000066235",0,1,5,3,7,4,2,3
"ENSMUSG00000066278",6,4,9,6,5,4,12,10
"ENSMUSG00000066306",7,3,17,15,7,10,19,44
"ENSMUSG00000066324",6,5,14,18,22,16,10,22
"ENSMUSG00000066357",2,1,4,11,4,2,4,9
"ENSMUSG00000066392",89,106,147,159,236,207,597,271
"ENSMUSG00000066406",22,19,22,53,23,54,18,99
"ENSMUSG00000066407",5,8,34,89,24,17,27,35
"ENSMUSG00000066415",3,2,13,13,9,3,4,11
"ENSMUSG00000066440",6,6,35,16,8,19,15,38
"ENSMUSG00000066441",5,3,12,19,6,5,7,17
"ENSMUSG00000066442",6,4,6,16,9,6,9,19
"ENSMUSG00000066456",36,29,104,108,104,104,46,198
"ENSMUSG00000066551",16,15,48,103,53,21,32,46
"ENSMUSG00000066568",7,9,18,27,18,7,16,12
"ENSMUSG00000066571",6,4,15,16,15,14,12,23
"ENSMUSG00000066595",0,2,10,19,11,12,6,13
"ENSMUSG00000066607",5,4,12,9,9,3,8,9
"ENSMUSG00000066613",1,1,3,3,3,6,4,5
"ENSMUSG00000066621",11,8,26,24,16,17,34,40
"ENSMUSG00000066629",5,3,32,25,27,15,27,43
"ENSMUSG00000066640",6,1,8,6,16,7,7,11
"ENSMUSG00000066643",5,5,11,10,7,8,13,14
"ENSMUSG00000066687",36,48,27,103,43,73,18,200
"ENSMUSG00000066705",10,5,25,38,28,21,27,35
"ENSMUSG00000066735",5,5,9,18,10,12,10,20
"ENSMUSG00000066829",0,0,5,4,8,2,7,8
"ENSMUSG00000066839",15,5,38,25,29,21,30,43
"ENSMUSG00000066842",0,0,7,4,0,2,7,1
"ENSMUSG00000066877",0,7,8,17,3,7,12,21
"ENSMUSG00000066880",4,0,6,8,8,4,9,15
"ENSMUSG00000066892",3,1,8,6,8,6,8,19
"ENSMUSG00000066900",7,2,15,24,17,5,20,22
"ENSMUSG00000066979",6,4,17,17,14,20,22,27
"ENSMUSG00000067028",8,0,8,1,2,10,40,11
"ENSMUSG00000067038",10,1,61,54,26,14,32,31
"ENSMUSG00000067148",4,2,11,14,8,6,9,22
"ENSMUSG00000067150",0,1,1,5,2,3,5,7
"ENSMUSG00000067158",4,1,2,2,1,5,0,7
"ENSMUSG00000067194",5,8,26,22,14,11,22,33
"ENSMUSG00000067212",0,2,1,13,1,5,1,6
"ENSMUSG00000067242",12,5,53,28,51,13,26,20
"ENSMUSG00000067274",10,8,40,61,26,10,43,53
"ENSMUSG00000067279",9,20,29,61,41,58,11,156
"ENSMUSG00000067285",0,0,4,6,0,0,3,2
"ENSMUSG00000067288",4,4,17,55,9,15,17,24
"ENSMUSG00000067336",8,10,49,39,23,21,36,56
"ENSMUSG00000067365",8,13,25,48,30,27,20,48
"ENSMUSG00000067377",3,0,6,7,10,1,7,7
"ENSMUSG00000067424",1,0,1,2,3,1,0,3
"ENSMUSG00000067430",0,0,8,6,4,1,6,6
"ENSMUSG00000067567",51,45,225,108,172,107,128,143
"ENSMUSG00000067578",2,2,2,5,7,3,1,6
"ENSMUSG00000067629",0,1,1,3,1,2,1,5
"ENSMUSG00000067649",0,0,6,5,2,1,2,5
"ENSMUSG00000067713",8,5,18,18,18,12,18,29
"ENSMUSG00000067722",2,4,13,21,21,6,16,23
"ENSMUSG00000067786",14,19,53,82,62,32,53,68
"ENSMUSG00000067787",5,2,22,13,15,7,21,20
"ENSMUSG00000067818",0,1,1,1,3,1,2,1
"ENSMUSG00000067847",8,4,23,47,29,9,21,22
"ENSMUSG00000067851",12,9,34,31,19,19,19,27
"ENSMUSG00000067873",2,3,5,9,9,2,10,11
"ENSMUSG00000067879",12,14,43,59,35,16,35,63
"ENSMUSG00000067889",8,5,31,41,17,23,31,24
"ENSMUSG00000067924",7,9,28,33,16,11,30,36
"ENSMUSG00000067925",15,7,49,61,32,26,29,60
"ENSMUSG00000067931",6,1,3,6,5,2,1,7
"ENSMUSG00000067942",2,6,9,8,11,7,15,17
"ENSMUSG00000067973",1,1,2,4,1,1,4,8
"ENSMUSG00000067995",5,3,18,12,9,7,16,15
"ENSMUSG00000068015",9,12,12,56,13,42,30,84
"ENSMUSG00000068036",9,1,16,14,21,4,28,27
"ENSMUSG00000068037",1,0,1,0,0,0,4,1
"ENSMUSG00000068039",10,5,24,48,22,12,30,55
"ENSMUSG00000068040",10,3,21,27,26,18,21,37
"ENSMUSG00000068099",6,1,23,30,23,4,20,27
"ENSMUSG00000068114",1,1,8,10,11,4,8,8
"ENSMUSG00000068115",3,1,2,3,7,3,2,5
"ENSMUSG00000068117",0,1,0,1,0,0,1,0
"ENSMUSG00000068130",3,0,8,5,5,6,5,11
"ENSMUSG00000068134",3,2,1,9,3,5,6,9
"ENSMUSG00000068151",12,11,9,5,4,19,33,19
"ENSMUSG00000068184",6,5,19,26,19,12,16,20
"ENSMUSG00000068196",0,1,1,3,0,0,3,4
"ENSMUSG00000068205",39,38,75,89,119,99,136,122
"ENSMUSG00000068206",5,2,12,15,9,6,17,9
"ENSMUSG00000068220",4,1,9,14,10,3,10,9
"ENSMUSG00000068240",29,11,145,199,99,48,107,154
"ENSMUSG00000068250",13,8,30,33,39,23,21,42
"ENSMUSG00000068264",5,1,13,9,5,4,3,10
"ENSMUSG00000068270",3,1,16,7,19,1,5,5
"ENSMUSG00000068284",5,6,11,14,10,8,14,21
"ENSMUSG00000068290",15,8,18,35,29,18,29,25
"ENSMUSG00000068328",4,3,13,17,14,7,16,19
"ENSMUSG00000068329",5,4,11,13,9,9,6,11
"ENSMUSG00000068373",8,4,18,11,12,14,33,37
"ENSMUSG00000068391",8,5,13,7,13,9,8,22
"ENSMUSG00000068428",0,2,1,0,0,0,0,2
"ENSMUSG00000068457",15,16,34,53,50,36,39,54
"ENSMUSG00000068479",9,5,25,20,16,14,20,28
"ENSMUSG00000068523",3,3,13,21,7,5,8,17
"ENSMUSG00000068580",2,2,9,10,8,3,5,12
"ENSMUSG00000068606",1,6,0,13,0,2,0,33
"ENSMUSG00000068617",1,0,0,2,0,0,0,2
"ENSMUSG00000068663",6,11,21,29,39,14,21,35
"ENSMUSG00000068696",1,0,4,5,1,4,0,6
"ENSMUSG00000068706",26,19,94,147,78,44,102,141
"ENSMUSG00000068732",4,0,8,12,5,0,9,11
"ENSMUSG00000068735",3,1,8,10,4,3,7,10
"ENSMUSG00000068739",9,5,27,30,23,13,33,46
"ENSMUSG00000068740",4,3,20,33,19,18,26,19
"ENSMUSG00000068742",7,3,20,25,25,12,13,40
"ENSMUSG00000068747",16,39,51,86,51,111,49,180
"ENSMUSG00000068748",109,96,481,551,358,212,268,355
"ENSMUSG00000068749",7,5,15,18,12,4,21,28
"ENSMUSG00000068798",6,3,26,26,29,11,26,35
"ENSMUSG00000068823",10,15,32,60,23,24,20,42
"ENSMUSG00000068856",1,2,5,3,5,4,8,11
"ENSMUSG00000068876",0,1,1,1,0,0,1,1
"ENSMUSG00000068882",9,11,30,43,43,27,40,51
"ENSMUSG00000068917",4,1,8,14,9,6,6,10
"ENSMUSG00000068921",1,1,7,15,10,9,12,17
"ENSMUSG00000068922",0,4,9,2,6,3,3,6
"ENSMUSG00000068923",37,32,124,160,138,92,141,184
"ENSMUSG00000068966",0,0,3,7,8,6,10,12
"ENSMUSG00000069020",8,3,20,27,24,14,14,28
"ENSMUSG00000069045",16,10,35,41,40,36,27,54
"ENSMUSG00000069049",13,12,46,41,38,46,31,68
"ENSMUSG00000069072",0,1,6,8,4,7,19,10
"ENSMUSG00000069089",7,10,23,16,22,28,14,44
"ENSMUSG00000069094",3,6,9,8,10,10,16,8
"ENSMUSG00000069117",8,6,68,50,38,23,39,61
"ENSMUSG00000069132",0,0,0,2,0,0,2,1
"ENSMUSG00000069135",1,2,10,6,8,3,4,13
"ENSMUSG00000069170",0,4,14,9,9,7,8,4
"ENSMUSG00000069171",4,5,25,12,13,10,14,18
"ENSMUSG00000069227",2,0,4,4,5,0,4,9
"ENSMUSG00000069237",6,1,26,18,17,12,6,14
"ENSMUSG00000069255",8,9,24,10,19,11,12,22
"ENSMUSG00000069379",10,6,22,21,16,9,14,16
"ENSMUSG00000069495",5,4,7,18,8,5,7,14
"ENSMUSG00000069516",0,0,0,1,1,0,1,0
"ENSMUSG00000069520",7,7,20,23,16,12,12,15
"ENSMUSG00000069539",3,1,7,4,11,9,7,9
"ENSMUSG00000069565",12,9,25,26,20,15,20,36
"ENSMUSG00000069581",2,0,2,8,2,3,5,2
"ENSMUSG00000069601",46,20,68,66,60,58,128,94
"ENSMUSG00000069631",6,3,11,17,25,7,11,24
"ENSMUSG00000069662",8,4,22,26,29,10,31,22
"ENSMUSG00000069670",94,98,237,232,217,167,352,302
"ENSMUSG00000069727",3,1,12,6,5,3,5,13
"ENSMUSG00000069729",25,33,42,49,37,48,42,80
"ENSMUSG00000069744",5,2,22,11,11,10,7,17
"ENSMUSG00000069763",5,2,32,10,19,7,6,16
"ENSMUSG00000069769",135,111,448,284,382,272,209,455
"ENSMUSG00000069806",6,5,25,30,11,15,29,23
"ENSMUSG00000069808",3,0,1,1,6,5,4,8
"ENSMUSG00000069814",0,1,0,4,0,1,9,10
"ENSMUSG00000069833",0,0,1,11,1,5,1,5
"ENSMUSG00000069835",4,5,11,9,12,6,14,15
"ENSMUSG00000069874",0,5,2,58,3,33,0,104
"ENSMUSG00000069895",3,1,7,13,10,11,7,15
"ENSMUSG00000069899",6,2,5,14,5,5,6,10
"ENSMUSG00000069911",0,0,1,1,1,1,2,0
"ENSMUSG00000069919",9,3,189,347,82,14,66,94
"ENSMUSG00000070000",1,1,6,1,5,3,9,8
"ENSMUSG00000070002",4,4,30,23,15,17,22,35
"ENSMUSG00000070003",5,0,36,30,19,13,11,26
"ENSMUSG00000070047",8,6,17,14,16,13,9,32
"ENSMUSG00000070056",6,16,26,65,22,57,21,103
"ENSMUSG00000070280",4,2,8,12,6,12,6,16
"ENSMUSG00000070283",3,3,10,15,16,12,15,11
"ENSMUSG00000070287",0,4,6,3,3,3,6,5
"ENSMUSG00000070304",9,8,62,48,28,20,46,51
"ENSMUSG00000070305",0,2,0,1,0,2,1,6
"ENSMUSG00000070319",3,2,11,13,11,5,11,11
"ENSMUSG00000070327",4,15,10,37,16,22,6,88
"ENSMUSG00000070336",1,1,1,5,3,0,1,4
"ENSMUSG00000070348",7,3,13,16,10,16,5,14
"ENSMUSG00000070366",14,30,5,72,7,78,2,110
"ENSMUSG00000070371",2,1,5,9,5,7,5,10
"ENSMUSG00000070372",9,10,27,23,30,30,15,56
"ENSMUSG00000070394",14,10,39,64,33,27,32,50
"ENSMUSG00000070426",171,144,376,433,293,236,134,665
"ENSMUSG00000070436",1,4,10,5,13,5,5,7
"ENSMUSG00000070462",1,3,6,3,13,3,8,8
"ENSMUSG00000070469",0,2,4,6,2,3,3,12
"ENSMUSG00000070476",2,2,6,3,6,3,6,8
"ENSMUSG00000070498",12,19,35,28,38,30,35,50
"ENSMUSG00000070509",21,18,107,61,93,51,56,84
"ENSMUSG00000070532",10,20,34,51,43,33,20,69
"ENSMUSG00000070544",24,18,57,82,50,47,54,108
"ENSMUSG00000070565",20,20,46,45,41,42,60,71
"ENSMUSG00000070570",24,14,88,87,56,39,74,82
"ENSMUSG00000070576",3,0,4,3,5,2,14,5
"ENSMUSG00000070632",2,1,7,9,6,3,6,10
"ENSMUSG00000070639",7,4,15,13,8,6,10,21
"ENSMUSG00000070644",0,2,6,4,9,2,5,5
"ENSMUSG00000070695",3,6,13,7,10,14,22,17
"ENSMUSG00000070697",1,3,7,8,7,7,13,16
"ENSMUSG00000070699",3,1,3,13,5,2,8,10
"ENSMUSG00000070709",4,0,8,1,5,3,3,7
"ENSMUSG00000070730",3,4,7,11,5,6,13,13
"ENSMUSG00000070733",8,11,28,23,25,17,24,35
"ENSMUSG00000070738",10,11,20,21,7,8,17,26
"ENSMUSG00000070780",0,0,2,2,3,2,1,2
"ENSMUSG00000070802",15,2,19,21,15,9,22,27
"ENSMUSG00000070803",7,0,3,7,2,3,4,5
"ENSMUSG00000070806",1,0,4,5,4,3,4,2
"ENSMUSG00000070823",2,0,4,2,1,4,4,7
"ENSMUSG00000070847",4,2,23,11,6,3,7,8
"ENSMUSG00000070858",7,5,27,34,16,11,14,28
"ENSMUSG00000070866",2,2,4,4,6,4,12,13
"ENSMUSG00000070867",0,0,1,2,1,1,3,2
"ENSMUSG00000070871",3,1,4,4,2,2,2,5
"ENSMUSG00000070880",9,8,20,20,25,11,20,27
"ENSMUSG00000070883",3,1,7,6,12,10,10,17
"ENSMUSG00000070923",3,2,18,18,12,5,20,15
"ENSMUSG00000070934",9,4,13,34,14,17,30,31
"ENSMUSG00000070939",4,2,12,10,5,6,4,11
"ENSMUSG00000070953",4,4,15,6,6,6,13,19
"ENSMUSG00000071014",11,5,18,46,10,14,28,42
"ENSMUSG00000071037",10,9,31,19,19,13,31,36
"ENSMUSG00000071042",0,0,1,1,1,1,4,0
"ENSMUSG00000071052",8,6,21,40,11,6,13,22
"ENSMUSG00000071054",5,6,9,25,7,10,13,20
"ENSMUSG00000071064",6,1,18,9,7,5,16,16
"ENSMUSG00000071072",10,5,27,45,25,11,21,46
"ENSMUSG00000071073",11,2,9,18,9,3,9,17
"ENSMUSG00000071074",10,4,17,23,27,9,20,39
"ENSMUSG00000071076",7,3,18,45,16,15,17,38
"ENSMUSG00000071078",9,3,12,21,11,9,10,20
"ENSMUSG00000071172",16,11,45,65,35,24,29,79
"ENSMUSG00000071176",6,2,15,11,12,9,6,16
"ENSMUSG00000071180",6,3,10,14,16,6,13,18
"ENSMUSG00000071202",3,0,31,7,22,4,8,7
"ENSMUSG00000071226",13,8,35,16,13,16,16,27
"ENSMUSG00000071234",0,0,0,6,0,1,3,3
"ENSMUSG00000071252",19,16,32,48,47,53,27,54
"ENSMUSG00000071253",3,9,14,36,20,19,10,40
"ENSMUSG00000071265",1,2,7,5,4,1,4,4
"ENSMUSG00000071267",1,2,10,15,13,12,5,14
"ENSMUSG00000071302",2,2,2,11,11,14,9,14
"ENSMUSG00000071324",4,4,15,6,7,4,6,11
"ENSMUSG00000071337",8,10,47,40,54,31,49,72
"ENSMUSG00000071341",4,1,9,4,2,0,3,2
"ENSMUSG00000071342",0,2,0,4,2,16,3,4
"ENSMUSG00000071350",1,0,2,2,2,7,2,10
"ENSMUSG00000071359",2,7,15,13,16,16,21,17
"ENSMUSG00000071369",16,8,22,22,22,19,12,35
"ENSMUSG00000071379",6,1,4,9,5,1,17,12
"ENSMUSG00000071415",28,9,91,151,45,43,70,89
"ENSMUSG00000071424",103,60,337,229,326,151,514,290
"ENSMUSG00000071451",0,0,4,17,6,3,7,6
"ENSMUSG00000071454",20,12,31,37,26,41,44,46
"ENSMUSG00000071456",2,2,7,4,10,3,5,14
"ENSMUSG00000071477",1,2,4,6,4,1,3,4
"ENSMUSG00000071528",4,1,13,17,7,4,8,15
"ENSMUSG00000071533",14,10,39,59,37,19,25,53
"ENSMUSG00000071573",3,6,12,10,1,8,11,11
"ENSMUSG00000071644",19,14,64,88,66,31,57,127
"ENSMUSG00000071645",1,2,7,6,7,5,4,11
"ENSMUSG00000071649",4,7,13,23,19,12,15,25
"ENSMUSG00000071650",4,7,12,14,9,11,13,16
"ENSMUSG00000071654",7,3,13,36,11,18,12,30
"ENSMUSG00000071655",6,4,10,20,16,6,16,27
"ENSMUSG00000071657",6,4,12,15,23,9,14,23
"ENSMUSG00000071658",48,23,118,160,115,61,71,192
"ENSMUSG00000071659",10,5,25,19,10,8,16,23
"ENSMUSG00000071660",6,9,14,20,14,8,16,31
"ENSMUSG00000071662",12,6,28,40,14,16,25,43
"ENSMUSG00000071669",10,9,21,19,21,17,21,21
"ENSMUSG00000071679",8,10,14,10,5,8,14,14
"ENSMUSG00000071691",5,0,8,7,6,7,7,16
"ENSMUSG00000071708",3,4,21,26,11,3,18,23
"ENSMUSG00000071723",2,1,3,5,2,1,2,5
"ENSMUSG00000071748",3,1,3,4,5,5,9,7
"ENSMUSG00000071757",12,5,32,27,45,15,26,33
"ENSMUSG00000071855",2,2,4,3,4,4,6,3
"ENSMUSG00000071856",30,28,93,77,71,60,66,117
"ENSMUSG00000071860",8,2,7,12,25,40,55,42
"ENSMUSG00000071862",1,0,5,7,10,4,9,11
"ENSMUSG00000071866",73,27,176,304,146,76,177,223
"ENSMUSG00000071984",0,1,2,12,0,2,2,4
"ENSMUSG00000072214",0,0,2,2,6,3,7,8
"ENSMUSG00000072235",29,17,72,136,72,36,160,96
"ENSMUSG00000072258",0,3,3,8,3,4,2,7
"ENSMUSG00000072294",29,14,51,50,76,41,50,59
"ENSMUSG00000072437",6,1,5,9,4,5,4,3
"ENSMUSG00000072501",21,21,38,46,51,38,44,69
"ENSMUSG00000072582",2,0,9,6,9,3,3,12
"ENSMUSG00000072640",3,1,4,9,5,8,13,13
"ENSMUSG00000072663",3,3,14,12,2,7,5,4
"ENSMUSG00000072694",7,5,33,58,16,12,26,42
"ENSMUSG00000072704",12,6,18,24,26,17,11,50
"ENSMUSG00000072762",7,2,8,8,6,8,5,17
"ENSMUSG00000072763",2,4,11,13,7,3,4,8
"ENSMUSG00000072769",3,0,12,15,12,5,15,16
"ENSMUSG00000072770",3,1,10,4,12,3,10,14
"ENSMUSG00000072774",5,1,9,18,6,7,4,12
"ENSMUSG00000072809",1,2,4,2,5,7,7,7
"ENSMUSG00000072825",1,4,16,17,11,2,12,6
"ENSMUSG00000072852",1,0,6,3,4,5,0,13
"ENSMUSG00000072872",2,2,2,5,4,4,8,7
"ENSMUSG00000072875",0,1,0,7,3,3,7,1
"ENSMUSG00000072889",2,0,3,2,7,0,5,3
"ENSMUSG00000072915",2,1,5,3,6,4,5,10
"ENSMUSG00000072946",2,2,8,9,5,4,11,14
"ENSMUSG00000072964",2,0,11,14,7,3,10,16
"ENSMUSG00000073045",3,2,7,16,1,2,2,4
"ENSMUSG00000073102",0,2,4,8,1,6,7,4
"ENSMUSG00000073131",4,4,16,23,15,10,14,14
"ENSMUSG00000073139",2,2,7,9,7,4,10,13
"ENSMUSG00000073144",0,9,10,23,8,9,11,31
"ENSMUSG00000073147",10,10,34,49,24,30,30,46
"ENSMUSG00000073155",9,2,14,11,15,6,12,27
"ENSMUSG00000073158",0,1,1,1,0,2,0,2
"ENSMUSG00000073293",1,0,6,3,2,3,2,7
"ENSMUSG00000073388",3,1,9,5,9,4,4,12
"ENSMUSG00000073409",0,4,0,18,0,12,0,14
"ENSMUSG00000073411",2,16,7,161,5,64,27,142
"ENSMUSG00000073412",1,0,1,1,0,0,4,1
"ENSMUSG00000073415",4,3,10,6,8,2,5,5
"ENSMUSG00000073418",3,13,8,48,8,13,7,30
"ENSMUSG00000073422",5,4,10,10,18,5,8,12
"ENSMUSG00000073423",7,4,21,5,19,8,12,19
"ENSMUSG00000073433",14,10,28,44,23,11,25,38
"ENSMUSG00000073460",1,1,1,5,3,4,3,15
"ENSMUSG00000073468",1,2,15,6,10,6,2,9
"ENSMUSG00000073471",2,1,3,4,4,0,7,4
"ENSMUSG00000073481",10,4,29,45,25,15,22,39
"ENSMUSG00000073514",16,11,38,16,36,24,32,24
"ENSMUSG00000073530",0,0,4,4,2,2,1,3
"ENSMUSG00000073555",0,4,0,44,0,9,0,27
"ENSMUSG00000073557",18,12,33,41,40,29,39,60
"ENSMUSG00000073563",2,10,22,35,22,19,15,29
"ENSMUSG00000073565",8,4,16,14,18,22,33,27
"ENSMUSG00000073598",0,1,2,3,3,0,2,5
"ENSMUSG00000073616",16,14,56,114,58,46,43,72
"ENSMUSG00000073633",7,5,10,8,13,10,19,16
"ENSMUSG00000073639",7,5,31,54,25,16,30,35
"ENSMUSG00000073640",38,20,119,186,74,38,82,123
"ENSMUSG00000073643",8,7,17,17,27,13,20,37
"ENSMUSG00000073664",9,11,40,55,34,22,25,61
"ENSMUSG00000073676",12,5,32,72,22,9,33,68
"ENSMUSG00000073678",7,1,6,9,8,3,11,5
"ENSMUSG00000073680",4,1,8,3,7,1,8,4
"ENSMUSG00000073682",9,9,28,20,25,15,21,24
"ENSMUSG00000073684",2,1,8,8,7,3,10,14
"ENSMUSG00000073702",9,3,35,43,20,11,20,33
"ENSMUSG00000073725",14,14,36,45,30,27,31,50
"ENSMUSG00000073755",4,3,4,5,10,3,4,9
"ENSMUSG00000073779",2,11,14,44,18,21,14,38
"ENSMUSG00000073792",5,1,10,8,3,7,16,16
"ENSMUSG00000073805",8,10,2,29,32,2,3,34
"ENSMUSG00000073856",6,8,11,14,18,13,5,16
"ENSMUSG00000073876",4,7,11,48,9,21,10,36
"ENSMUSG00000073888",5,6,29,50,21,19,23,34
"ENSMUSG00000073889",4,3,10,38,9,27,10,33
"ENSMUSG00000073910",1,1,8,10,8,0,14,8
"ENSMUSG00000073940",3,2,13,44,8,0,9,9
"ENSMUSG00000073987",5,5,13,23,20,21,10,15
"ENSMUSG00000074001",1,1,4,7,6,1,4,6
"ENSMUSG00000074030",7,3,15,14,14,5,6,11
"ENSMUSG00000074064",3,1,5,8,4,9,6,9
"ENSMUSG00000074088",9,11,13,21,17,17,21,43
"ENSMUSG00000074093",5,0,14,13,9,1,6,16
"ENSMUSG00000074113",1,0,6,0,1,0,3,1
"ENSMUSG00000074115",0,0,0,0,0,0,0,1
"ENSMUSG00000074129",27,15,93,182,71,31,62,99
"ENSMUSG00000074158",3,3,12,6,7,5,2,11
"ENSMUSG00000074165",8,4,9,8,9,16,6,23
"ENSMUSG00000074211",5,2,7,15,8,4,6,20
"ENSMUSG00000074212",2,4,15,20,11,10,19,12
"ENSMUSG00000074219",15,10,19,7,15,13,13,28
"ENSMUSG00000074221",2,5,10,16,8,5,2,14
"ENSMUSG00000074227",3,2,3,10,4,2,3,7
"ENSMUSG00000074238",5,1,14,16,8,10,14,25
"ENSMUSG00000074247",12,4,21,29,20,10,12,26
"ENSMUSG00000074259",0,0,0,3,0,1,3,4
"ENSMUSG00000074264",11,12,18,18,22,9,15,31
"ENSMUSG00000074282",2,3,2,6,6,7,2,10
"ENSMUSG00000074305",9,15,39,33,39,27,21,56
"ENSMUSG00000074345",0,0,0,0,1,1,0,0
"ENSMUSG00000074385",14,10,74,93,30,29,81,71
"ENSMUSG00000074452",3,1,1,3,1,5,2,5
"ENSMUSG00000074457",3,6,26,34,30,18,23,36
"ENSMUSG00000074465",1,0,2,1,1,0,6,3
"ENSMUSG00000074505",10,8,55,14,81,18,92,43
"ENSMUSG00000074516",1,1,29,21,21,7,7,16
"ENSMUSG00000074527",2,2,8,5,4,1,3,4
"ENSMUSG00000074569",6,3,24,16,15,14,7,16
"ENSMUSG00000074575",0,0,0,1,2,0,0,4
"ENSMUSG00000074578",12,8,19,41,16,16,14,88
"ENSMUSG00000074579",1,2,8,5,10,8,8,4
"ENSMUSG00000074582",8,8,20,23,29,21,21,28
"ENSMUSG00000074591",1,2,6,9,7,0,4,2
"ENSMUSG00000074607",12,1,11,13,6,10,8,15
"ENSMUSG00000074622",0,1,0,3,1,1,0,6
"ENSMUSG00000074627",0,1,0,0,0,1,1,4
"ENSMUSG00000074649",6,6,18,25,12,10,14,20
"ENSMUSG00000074652",1,1,1,5,2,14,2,5
"ENSMUSG00000074656",11,7,28,56,35,19,35,54
"ENSMUSG00000074657",10,5,32,52,25,18,38,30
"ENSMUSG00000074682",2,0,7,10,9,4,3,10
"ENSMUSG00000074698",4,6,22,9,17,7,16,26
"ENSMUSG00000074733",15,16,34,24,26,29,26,28
"ENSMUSG00000074736",1,3,8,8,9,13,21,38
"ENSMUSG00000074738",1,0,3,4,5,4,9,4
"ENSMUSG00000074743",0,0,2,1,0,0,0,1
"ENSMUSG00000074746",3,4,9,18,20,2,17,8
"ENSMUSG00000074748",28,20,37,82,56,46,48,104
"ENSMUSG00000074749",8,4,32,13,22,4,15,11
"ENSMUSG00000074754",7,2,17,32,17,7,18,17
"ENSMUSG00000074766",2,1,3,0,2,0,0,3
"ENSMUSG00000074771",1,1,0,1,2,1,3,0
"ENSMUSG00000074781",5,8,24,42,20,12,22,23
"ENSMUSG00000074782",1,2,2,1,0,1,0,2
"ENSMUSG00000074785",3,3,12,12,6,4,14,9
"ENSMUSG00000074793",1,0,0,0,0,0,1,1
"ENSMUSG00000074794",6,0,16,6,6,8,15,8
"ENSMUSG00000074797",9,5,23,29,8,14,11,46
"ENSMUSG00000074829",4,2,9,7,5,0,5,4
"ENSMUSG00000074867",2,3,9,2,9,3,8,6
"ENSMUSG00000074872",2,1,13,18,7,5,4,8
"ENSMUSG00000074874",0,0,0,0,0,0,0,0
"ENSMUSG00000074884",40,18,101,161,108,49,82,141
"ENSMUSG00000074886",2,2,3,11,9,5,6,15
"ENSMUSG00000074892",1,1,2,2,3,4,1,8
"ENSMUSG00000074896",0,0,2,19,0,8,2,13
"ENSMUSG00000074923",1,0,5,3,3,4,6,4
"ENSMUSG00000074925",1,3,15,5,9,5,5,10
"ENSMUSG00000074968",9,8,17,17,16,15,35,33
"ENSMUSG00000074994",5,5,10,12,13,6,5,11
"ENSMUSG00000075000",0,2,12,9,12,4,8,16
"ENSMUSG00000075010",0,3,0,28,0,2,2,6
"ENSMUSG00000075012",22,15,94,55,110,35,49,91
"ENSMUSG00000075020",3,1,20,2,20,5,32,8
"ENSMUSG00000075028",3,9,9,13,5,15,5,24
"ENSMUSG00000075033",11,10,9,28,20,37,8,61
"ENSMUSG00000075040",6,2,11,9,19,11,12,20
"ENSMUSG00000075054",2,5,6,5,8,2,3,13
"ENSMUSG00000075224",0,1,3,0,4,2,5,1
"ENSMUSG00000075227",5,2,8,14,6,7,7,16
"ENSMUSG00000075229",15,8,24,37,37,22,23,71
"ENSMUSG00000075232",13,16,42,34,32,21,29,38
"ENSMUSG00000075254",3,1,14,17,8,6,12,13
"ENSMUSG00000075256",0,0,3,1,2,4,1,2
"ENSMUSG00000075270",0,0,2,4,2,3,3,4
"ENSMUSG00000075284",3,2,10,9,14,12,11,16
"ENSMUSG00000075316",2,0,1,1,1,2,2,1
"ENSMUSG00000075318",23,8,59,37,27,21,66,50
"ENSMUSG00000075324",6,4,8,11,7,4,6,6
"ENSMUSG00000075327",0,1,3,6,2,4,4,6
"ENSMUSG00000075334",0,5,18,12,12,6,17,23
"ENSMUSG00000075376",9,7,34,28,16,14,24,39
"ENSMUSG00000075415",24,34,156,84,138,53,120,112
"ENSMUSG00000075419",4,5,15,15,14,18,2,29
"ENSMUSG00000075467",6,7,26,32,14,14,9,28
"ENSMUSG00000075478",2,2,1,8,6,4,10,7
"ENSMUSG00000075486",6,3,7,19,10,5,7,16
"ENSMUSG00000075520",0,0,4,1,4,2,2,4
"ENSMUSG00000075555",1,1,5,1,2,1,3,4
"ENSMUSG00000075569",3,12,5,18,10,13,16,23
"ENSMUSG00000075590",8,5,7,9,12,7,15,21
"ENSMUSG00000075595",3,5,16,11,14,12,19,10
"ENSMUSG00000075600",1,0,3,5,7,2,3,3
"ENSMUSG00000075602",1,5,5,22,3,4,10,15
"ENSMUSG00000075700",13,9,32,54,42,30,32,49
"ENSMUSG00000075701",25,14,73,112,72,61,39,75
"ENSMUSG00000075702",31,13,64,109,50,49,66,103
"ENSMUSG00000075703",5,2,9,10,8,3,7,12
"ENSMUSG00000075704",4,1,2,6,6,6,4,10
"ENSMUSG00000075705",5,6,16,24,15,19,12,27
"ENSMUSG00000075706",47,26,132,248,103,73,82,161
"ENSMUSG00000076431",1,9,8,7,6,24,10,21
"ENSMUSG00000076432",22,9,66,87,60,29,69,83
"ENSMUSG00000076439",8,3,40,24,32,17,46,22
"ENSMUSG00000077450",4,2,22,33,37,15,25,33
"ENSMUSG00000078126",8,3,68,73,45,26,44,64
"ENSMUSG00000078193",20,10,45,109,42,20,41,56
"ENSMUSG00000078201",2,2,4,18,4,3,6,6
"ENSMUSG00000078247",7,4,12,16,10,10,12,22
"ENSMUSG00000078307",5,11,26,18,30,20,34,31
"ENSMUSG00000078317",0,0,4,3,3,2,7,7
"ENSMUSG00000078348",9,4,25,41,24,14,29,49
"ENSMUSG00000078427",24,22,51,61,36,38,30,101
"ENSMUSG00000078429",1,2,13,9,8,2,4,7
"ENSMUSG00000078440",8,5,19,29,13,5,29,17
"ENSMUSG00000078451",17,12,23,26,13,33,18,42
"ENSMUSG00000078453",3,1,16,26,13,4,8,13
"ENSMUSG00000078484",1,1,1,2,9,4,5,6
"ENSMUSG00000078490",2,2,8,16,10,6,12,15
"ENSMUSG00000078515",4,12,18,12,16,9,13,29
"ENSMUSG00000078532",3,0,4,3,7,2,4,7
"ENSMUSG00000078546",3,0,4,4,2,3,3,2
"ENSMUSG00000078566",8,6,16,28,11,9,12,34
"ENSMUSG00000078570",8,2,20,28,20,17,17,29
"ENSMUSG00000078572",7,7,12,23,12,10,7,19
"ENSMUSG00000078578",10,20,58,81,37,38,39,63
"ENSMUSG00000078584",1,2,8,5,6,5,8,15
"ENSMUSG00000078591",2,5,15,14,12,10,29,28
"ENSMUSG00000078612",5,5,1,26,1,17,0,23
"ENSMUSG00000078619",2,2,4,5,10,6,9,18
"ENSMUSG00000078622",2,2,6,6,6,5,2,7
"ENSMUSG00000078627",0,0,1,0,0,0,1,0
"ENSMUSG00000078632",0,0,3,5,4,0,5,2
"ENSMUSG00000078652",5,3,13,15,7,7,11,14
"ENSMUSG00000078670",1,1,6,10,6,4,6,8
"ENSMUSG00000078671",14,15,34,23,30,19,36,50
"ENSMUSG00000078676",8,6,17,14,28,18,19,32
"ENSMUSG00000078681",15,13,29,48,37,22,30,42
"ENSMUSG00000078695",7,3,16,13,15,7,7,12
"ENSMUSG00000078713",10,9,26,63,29,19,27,54
"ENSMUSG00000078716",4,1,5,9,4,0,6,3
"ENSMUSG00000078722",8,10,25,77,15,27,11,75
"ENSMUSG00000078772",3,1,17,14,10,2,11,18
"ENSMUSG00000078784",12,17,49,64,38,43,38,110
"ENSMUSG00000078789",3,0,5,4,2,3,2,5
"ENSMUSG00000078794",2,1,9,19,2,3,5,6
"ENSMUSG00000078812",22,18,70,122,58,46,76,116
"ENSMUSG00000078813",10,2,10,9,8,6,7,16
"ENSMUSG00000078816",8,2,14,22,11,7,29,19
"ENSMUSG00000078838",3,0,2,1,2,0,5,3
"ENSMUSG00000078862",8,5,28,16,13,10,13,28
"ENSMUSG00000078870",9,5,10,8,8,19,9,17
"ENSMUSG00000078877",3,0,12,10,3,1,1,9
"ENSMUSG00000078879",10,9,23,15,12,7,15,26
"ENSMUSG00000078941",2,8,16,23,19,11,21,20
"ENSMUSG00000078958",1,0,2,6,3,0,2,5
"ENSMUSG00000078970",1,1,4,5,4,3,8,6
"ENSMUSG00000078974",4,2,6,12,6,6,9,12
"ENSMUSG00000079018",1,5,9,14,3,6,9,9
"ENSMUSG00000079020",2,0,4,6,2,3,5,4
"ENSMUSG00000079036",12,5,19,34,25,33,11,56
"ENSMUSG00000079045",0,1,2,1,1,0,2,0
"ENSMUSG00000079048",0,0,0,3,1,2,1,1
"ENSMUSG00000079055",2,2,4,1,5,5,9,10
"ENSMUSG00000079056",7,5,26,24,23,10,25,43
"ENSMUSG00000079065",31,16,53,61,49,54,43,119
"ENSMUSG00000079108",6,2,19,20,14,13,19,32
"ENSMUSG00000079109",2,4,12,9,13,15,14,26
"ENSMUSG00000079111",5,12,28,23,29,18,28,33
"ENSMUSG00000079157",31,31,56,34,44,46,118,61
"ENSMUSG00000079177",8,2,21,6,11,9,10,15
"ENSMUSG00000079179",12,6,10,7,9,11,18,16
"ENSMUSG00000079184",7,9,26,38,32,14,28,60
"ENSMUSG00000079215",6,1,4,16,7,10,8,13
"ENSMUSG00000079227",1,0,0,1,1,1,0,1
"ENSMUSG00000079242",1,0,3,3,5,2,3,7
"ENSMUSG00000079283",2,0,5,11,5,3,2,8
"ENSMUSG00000079316",5,3,16,28,16,11,12,17
"ENSMUSG00000079317",6,2,20,17,9,7,11,13
"ENSMUSG00000079330",1,1,4,3,1,0,6,5
"ENSMUSG00000079353",3,1,10,3,2,4,7,5
"ENSMUSG00000079355",4,4,15,0,6,6,6,15
"ENSMUSG00000079357",0,1,10,3,2,1,1,1
"ENSMUSG00000079418",5,2,2,5,1,5,1,5
"ENSMUSG00000079419",0,0,0,4,1,2,1,3
"ENSMUSG00000079426",1,2,12,5,4,3,13,23
"ENSMUSG00000079427",2,3,8,8,4,3,9,7
"ENSMUSG00000079434",0,0,4,0,5,2,2,4
"ENSMUSG00000079436",1,0,1,1,4,0,1,1
"ENSMUSG00000079442",2,3,8,8,7,4,9,22
"ENSMUSG00000079450",2,1,11,5,5,4,7,10
"ENSMUSG00000079467",5,5,9,11,17,1,13,15
"ENSMUSG00000079469",4,2,15,14,9,5,9,4
"ENSMUSG00000079477",12,10,35,42,37,33,32,56
"ENSMUSG00000079478",2,3,13,23,12,5,18,10
"ENSMUSG00000079481",4,1,6,6,8,1,12,6
"ENSMUSG00000079502",1,0,7,6,4,4,8,10
"ENSMUSG00000079508",5,5,7,16,12,10,10,10
"ENSMUSG00000079509",7,3,15,9,7,10,7,17
"ENSMUSG00000079523",31,16,145,187,117,36,75,111
"ENSMUSG00000079557",30,23,53,49,47,48,40,62
"ENSMUSG00000079562",9,4,23,9,13,11,17,20
"ENSMUSG00000079564",9,3,18,11,14,5,6,18
"ENSMUSG00000079598",3,0,6,3,2,2,8,10
"ENSMUSG00000079608",0,3,5,10,6,9,9,5
"ENSMUSG00000079614",1,1,13,12,11,8,8,17
"ENSMUSG00000079641",13,3,25,55,28,15,34,40
"ENSMUSG00000079657",2,0,9,7,7,5,5,8
"ENSMUSG00000079658",11,7,44,62,36,32,40,64
"ENSMUSG00000079659",17,22,45,88,47,45,7,94
"ENSMUSG00000079677",10,6,33,52,27,21,16,46
"ENSMUSG00000079710",6,10,15,30,17,26,18,53
"ENSMUSG00000079834",4,5,22,11,14,10,14,25
"ENSMUSG00000079941",13,6,27,80,24,11,36,32
"ENSMUSG00000080268",9,4,12,15,10,10,11,34
"ENSMUSG00000080316",3,1,2,6,9,13,9,14
"ENSMUSG00000080727",4,3,16,9,10,5,5,25
"ENSMUSG00000081534",39,13,97,66,70,27,67,89
"ENSMUSG00000081769",1,6,8,22,8,16,4,37
"ENSMUSG00000082229",4,1,14,9,7,1,15,12
"ENSMUSG00000083012",5,11,23,20,20,24,16,51
"ENSMUSG00000083282",6,9,18,26,22,22,23,34
"ENSMUSG00000084757",0,1,0,0,0,0,1,0
"ENSMUSG00000084771",6,3,9,4,2,6,2,13
"ENSMUSG00000084786",11,5,31,76,34,26,40,49
"ENSMUSG00000084796",0,0,0,0,1,1,0,0
"ENSMUSG00000084799",21,14,61,54,41,38,35,75
"ENSMUSG00000084845",2,0,8,7,4,4,4,10
"ENSMUSG00000084849",2,1,1,2,2,2,2,2
"ENSMUSG00000084859",1,1,4,4,1,0,1,8
"ENSMUSG00000084865",0,0,1,0,0,0,3,2
"ENSMUSG00000084890",0,0,1,0,0,4,0,6
"ENSMUSG00000084898",0,1,0,1,0,0,2,2
"ENSMUSG00000084908",0,0,0,2,1,1,5,3
"ENSMUSG00000084915",1,2,2,3,13,5,6,9
"ENSMUSG00000084925",10,4,9,13,4,13,6,33
"ENSMUSG00000084929",2,10,1,28,9,44,3,50
"ENSMUSG00000084946",1,1,3,2,4,1,4,7
"ENSMUSG00000084947",0,2,5,3,13,0,12,0
"ENSMUSG00000084950",1,0,4,2,3,2,15,6
"ENSMUSG00000084957",16,10,39,48,30,28,33,64
"ENSMUSG00000084984",13,17,8,65,3,30,7,72
"ENSMUSG00000085007",4,2,6,18,12,9,9,19
"ENSMUSG00000085030",1,1,4,1,2,2,1,5
"ENSMUSG00000085048",0,3,5,3,4,4,3,5
"ENSMUSG00000085054",5,5,15,7,10,13,11,15
"ENSMUSG00000085067",1,1,8,0,5,2,1,3
"ENSMUSG00000085070",0,0,0,0,0,1,0,0
"ENSMUSG00000085084",1,1,5,2,2,1,4,5
"ENSMUSG00000085102",2,0,7,4,7,4,6,8
"ENSMUSG00000085106",0,0,7,2,3,1,0,1
"ENSMUSG00000085125",0,0,0,0,1,1,2,1
"ENSMUSG00000085130",70,60,90,189,94,157,21,230
"ENSMUSG00000085134",8,5,19,10,13,6,25,9
"ENSMUSG00000085143",1,1,4,4,4,4,2,3
"ENSMUSG00000085181",6,1,27,14,24,16,13,18
"ENSMUSG00000085201",2,2,11,6,10,4,15,5
"ENSMUSG00000085208",8,6,27,33,17,15,19,36
"ENSMUSG00000085222",1,1,2,1,4,0,5,1
"ENSMUSG00000085234",13,5,27,40,6,17,17,31
"ENSMUSG00000085235",0,1,1,2,2,0,1,1
"ENSMUSG00000085245",11,8,160,13,56,7,39,33
"ENSMUSG00000085247",17,3,135,15,12,84,14,40
"ENSMUSG00000085253",9,7,30,11,22,14,14,27
"ENSMUSG00000085265",2,3,7,5,0,3,3,4
"ENSMUSG00000085279",2,2,6,9,9,10,7,8
"ENSMUSG00000085284",1,1,4,2,3,3,4,4
"ENSMUSG00000085316",2,0,1,4,2,1,1,5
"ENSMUSG00000085352",0,1,1,5,1,3,0,3
"ENSMUSG00000085363",10,13,49,22,29,41,20,58
"ENSMUSG00000085417",4,4,7,1,3,5,3,9
"ENSMUSG00000085436",7,4,40,25,16,19,30,31
"ENSMUSG00000085438",20,6,50,51,44,20,52,48
"ENSMUSG00000085439",1,4,2,8,3,2,3,15
"ENSMUSG00000085440",1,2,4,2,2,8,19,6
"ENSMUSG00000085448",2,1,1,2,2,2,2,4
"ENSMUSG00000085456",19,7,2,15,4,11,17,17
"ENSMUSG00000085457",2,0,6,8,8,8,6,7
"ENSMUSG00000085522",0,1,3,8,0,0,5,3
"ENSMUSG00000085526",1,0,0,3,4,1,2,3
"ENSMUSG00000085549",0,1,0,0,0,0,0,1
"ENSMUSG00000085622",5,5,31,30,27,21,19,47
"ENSMUSG00000085631",9,16,36,51,21,35,24,69
"ENSMUSG00000085655",7,15,32,20,22,10,21,49
"ENSMUSG00000085672",2,0,5,4,5,1,5,2
"ENSMUSG00000085709",4,3,14,10,6,2,2,13
"ENSMUSG00000085714",5,2,3,5,3,3,0,10
"ENSMUSG00000085720",1,2,0,0,0,2,5,3
"ENSMUSG00000085776",4,3,10,5,9,4,4,6
"ENSMUSG00000085792",3,6,2,3,2,6,9,9
"ENSMUSG00000085793",11,9,46,28,20,17,13,54
"ENSMUSG00000085816",0,0,0,2,1,0,0,0
"ENSMUSG00000085819",1,10,3,0,6,17,15,4
"ENSMUSG00000085822",3,4,5,4,1,0,1,5
"ENSMUSG00000085845",3,3,2,1,2,6,10,3
"ENSMUSG00000085873",1,0,1,0,0,1,0,0
"ENSMUSG00000085875",0,2,3,4,7,4,3,9
"ENSMUSG00000085886",61,39,159,97,70,25,41,194
"ENSMUSG00000085914",1,0,2,0,4,1,1,2
"ENSMUSG00000086016",2,2,10,13,11,4,6,16
"ENSMUSG00000086020",2,1,1,5,4,2,9,3
"ENSMUSG00000086022",1,0,0,3,0,0,2,1
"ENSMUSG00000086027",3,0,8,9,7,15,3,31
"ENSMUSG00000086040",9,3,17,22,12,28,17,36
"ENSMUSG00000086052",0,2,4,2,3,0,3,1
"ENSMUSG00000086067",0,0,0,1,1,1,4,2
"ENSMUSG00000086155",13,16,40,29,37,21,11,61
"ENSMUSG00000086166",2,0,1,1,0,2,1,1
"ENSMUSG00000086171",1,2,0,0,5,3,7,6
"ENSMUSG00000086186",1,0,4,3,2,0,6,1
"ENSMUSG00000086193",5,1,8,10,4,3,6,10
"ENSMUSG00000086199",12,7,29,35,21,20,16,31
"ENSMUSG00000086212",4,1,6,4,3,4,2,10
"ENSMUSG00000086219",0,0,0,0,2,0,1,0
"ENSMUSG00000086220",10,16,47,40,34,30,26,48
"ENSMUSG00000086224",1,0,0,0,0,0,1,0
"ENSMUSG00000086277",0,0,0,0,0,0,2,1
"ENSMUSG00000086282",0,3,6,8,3,4,8,17
"ENSMUSG00000086290",4,1,10,7,6,3,10,21
"ENSMUSG00000086296",8,2,36,3,59,9,20,5
"ENSMUSG00000086308",4,1,6,1,8,3,6,1
"ENSMUSG00000086312",0,0,2,2,3,0,2,3
"ENSMUSG00000086316",3,3,19,17,16,5,13,10
"ENSMUSG00000086353",0,2,3,3,1,1,2,2
"ENSMUSG00000086363",2,3,6,3,3,4,9,7
"ENSMUSG00000086368",4,2,12,8,15,4,14,8
"ENSMUSG00000086370",10,7,19,21,27,30,37,38
"ENSMUSG00000086387",3,3,10,5,3,4,13,9
"ENSMUSG00000086391",3,1,1,3,0,0,3,2
"ENSMUSG00000086401",2,0,5,4,4,7,5,10
"ENSMUSG00000086429",5,0,15,8,10,14,11,25
"ENSMUSG00000086433",17,8,34,31,15,21,16,44
"ENSMUSG00000086507",1,0,1,1,0,0,5,1
"ENSMUSG00000086509",11,1,12,9,24,3,10,3
"ENSMUSG00000086523",0,0,0,0,0,5,1,0
"ENSMUSG00000086527",1,0,0,4,0,2,0,2
"ENSMUSG00000086554",5,1,12,4,7,7,3,7
"ENSMUSG00000086584",0,0,2,0,1,1,1,4
"ENSMUSG00000086585",1,0,0,0,1,1,2,4
"ENSMUSG00000086592",1,3,5,5,2,3,1,3
"ENSMUSG00000086606",8,0,7,14,6,4,2,11
"ENSMUSG00000086612",3,1,6,1,5,3,3,4
"ENSMUSG00000086614",9,3,4,4,19,17,29,16
"ENSMUSG00000086728",8,5,16,10,13,7,14,21
"ENSMUSG00000086739",0,0,5,1,1,2,3,3
"ENSMUSG00000086756",0,1,3,2,1,4,2,6
"ENSMUSG00000086758",0,1,4,4,3,1,1,5
"ENSMUSG00000086804",0,0,0,3,0,0,2,0
"ENSMUSG00000086838",0,0,1,0,2,0,0,0
"ENSMUSG00000086859",6,6,33,21,38,10,27,43
"ENSMUSG00000086907",0,2,4,0,0,0,0,18
"ENSMUSG00000086914",7,5,16,20,14,10,12,14
"ENSMUSG00000086942",7,5,15,17,10,9,8,21
"ENSMUSG00000086968",6,5,22,11,16,12,16,20
"ENSMUSG00000086971",1,0,0,0,0,1,1,0
"ENSMUSG00000086994",2,5,18,11,6,10,7,25
"ENSMUSG00000087006",1,0,1,6,1,4,1,9
"ENSMUSG00000087038",1,0,7,4,3,1,2,9
"ENSMUSG00000087086",1,1,0,3,1,1,2,2
"ENSMUSG00000087088",0,1,1,0,3,1,3,7
"ENSMUSG00000087089",16,11,34,35,11,28,0,19
"ENSMUSG00000087095",12,13,51,20,31,11,6,26
"ENSMUSG00000087104",0,1,1,2,0,0,3,0
"ENSMUSG00000087108",1,1,5,6,7,6,13,3
"ENSMUSG00000087115",0,0,0,0,1,0,1,3
"ENSMUSG00000087131",0,1,1,6,1,6,6,9
"ENSMUSG00000087141",2,1,2,11,4,5,12,14
"ENSMUSG00000087143",16,11,52,26,52,25,31,48
"ENSMUSG00000087153",3,0,5,8,3,9,7,12
"ENSMUSG00000087193",1,5,9,32,10,4,15,14
"ENSMUSG00000087194",6,0,14,21,9,4,12,17
"ENSMUSG00000087241",0,0,0,0,0,0,2,0
"ENSMUSG00000087259",9,2,79,21,60,7,28,14
"ENSMUSG00000087260",14,8,47,51,23,16,27,43
"ENSMUSG00000087266",1,0,1,1,1,1,1,1
"ENSMUSG00000087292",1,1,3,2,3,3,6,4
"ENSMUSG00000087301",4,1,1,1,1,3,9,11
"ENSMUSG00000087336",1,0,3,2,4,1,3,3
"ENSMUSG00000087338",7,7,14,12,14,8,6,19
"ENSMUSG00000087341",4,1,4,4,2,2,3,11
"ENSMUSG00000087361",3,0,6,10,7,2,3,7
"ENSMUSG00000087366",0,1,4,2,2,6,1,1
"ENSMUSG00000087370",5,4,6,6,12,2,6,7
"ENSMUSG00000087373",4,0,7,3,9,12,4,8
"ENSMUSG00000087403",9,5,28,17,18,8,16,15
"ENSMUSG00000087413",10,4,32,8,34,11,28,14
"ENSMUSG00000087465",0,0,2,0,1,2,2,7
"ENSMUSG00000087467",0,0,0,0,1,1,1,3
"ENSMUSG00000087475",3,8,7,11,6,11,25,22
"ENSMUSG00000087476",0,0,0,0,0,1,2,1
"ENSMUSG00000087497",5,1,1,1,8,7,6,16
"ENSMUSG00000087516",0,0,1,1,0,0,0,3
"ENSMUSG00000087518",1,0,0,3,1,0,0,1
"ENSMUSG00000087526",35,32,27,47,25,62,24,99
"ENSMUSG00000087534",6,11,1,1,8,13,22,20
"ENSMUSG00000087549",4,7,29,14,20,14,4,27
"ENSMUSG00000087564",1,1,0,2,1,0,3,1
"ENSMUSG00000087574",8,9,29,12,44,24,20,24
"ENSMUSG00000087597",7,4,12,53,11,33,12,49
"ENSMUSG00000087620",10,5,14,8,11,15,27,22
"ENSMUSG00000087625",0,3,0,0,0,3,0,6
"ENSMUSG00000087640",3,3,11,8,7,4,12,15
"ENSMUSG00000087644",2,1,7,1,4,5,4,4
"ENSMUSG00000087651",4,1,6,8,7,3,8,15
"ENSMUSG00000087679",1,2,8,7,7,3,9,5
"ENSMUSG00000087684",0,0,0,2,0,7,1,3
"ENSMUSG00000087687",16,5,21,31,26,21,24,29
"ENSMUSG00000089665",0,0,5,7,4,0,4,7
"ENSMUSG00000089699",5,0,4,0,3,8,2,7
"ENSMUSG00000089710",2,6,2,3,2,2,6,9
"ENSMUSG00000089729",2,1,15,9,5,3,7,18
"ENSMUSG00000089762",4,1,8,7,6,2,5,7
"ENSMUSG00000089788",4,1,7,9,12,3,9,18
"ENSMUSG00000089809",4,5,5,2,5,12,15,8
"ENSMUSG00000089833",1,0,5,11,2,4,1,7
"ENSMUSG00000089837",0,0,1,3,0,4,4,2
"ENSMUSG00000089865",4,0,7,2,4,2,1,5
"ENSMUSG00000089872",5,3,7,5,5,4,9,9
"ENSMUSG00000089889",7,2,4,13,6,2,3,5
"ENSMUSG00000089900",3,2,15,6,4,7,7,12
"ENSMUSG00000089911",5,6,22,29,24,16,14,23
"ENSMUSG00000089914",0,0,0,0,0,0,0,0
"ENSMUSG00000089917",6,0,10,7,2,4,4,7
"ENSMUSG00000089941",4,5,12,5,10,1,10,9
"ENSMUSG00000089945",0,0,5,1,3,2,5,1
"ENSMUSG00000089957",0,0,0,0,3,1,4,1
"ENSMUSG00000090000",1,0,8,6,9,7,7,9
"ENSMUSG00000090015",5,2,4,10,5,5,1,9
"ENSMUSG00000090053",5,4,8,4,3,7,7,6
"ENSMUSG00000090061",5,4,11,4,17,4,18,10
"ENSMUSG00000090063",0,0,6,5,8,2,7,1
"ENSMUSG00000090069",0,0,3,1,0,0,3,7
"ENSMUSG00000090071",3,7,15,22,7,6,15,12
"ENSMUSG00000090093",0,0,6,9,9,1,9,13
"ENSMUSG00000090112",5,3,19,18,13,11,10,22
"ENSMUSG00000090117",3,1,24,15,10,6,8,23
"ENSMUSG00000090125",2,0,9,8,8,4,5,12
"ENSMUSG00000090213",3,1,6,1,3,2,3,12
"ENSMUSG00000090223",57,70,274,540,204,153,285,445
"ENSMUSG00000090255",0,1,0,4,0,5,5,9
"ENSMUSG00000090266",4,3,26,20,14,6,22,29
"ENSMUSG00000090356",0,0,0,0,1,0,0,0
"ENSMUSG00000090387",4,11,11,15,14,17,5,21
"ENSMUSG00000090399",0,3,3,1,1,3,3,8
"ENSMUSG00000090523",0,0,1,0,1,0,0,3
"ENSMUSG00000090553",5,3,13,30,14,11,14,29
"ENSMUSG00000090558",2,1,2,0,2,3,5,3
"ENSMUSG00000090626",4,1,14,11,8,10,15,23
"ENSMUSG00000090667",0,0,0,2,0,3,1,4
"ENSMUSG00000090698",0,1,0,0,1,0,3,5
"ENSMUSG00000090758",6,3,13,16,9,12,6,19
"ENSMUSG00000090812",0,1,1,2,3,3,3,4
"ENSMUSG00000090841",26,12,61,96,42,36,66,86
"ENSMUSG00000090862",6,4,8,20,13,8,10,19
"ENSMUSG00000090942",0,1,0,1,0,1,0,1
"ENSMUSG00000090957",1,0,5,3,3,0,2,1
"ENSMUSG00000091002",1,2,2,1,3,0,3,2
"ENSMUSG00000091061",1,1,4,2,3,5,2,5
"ENSMUSG00000091086",32,18,96,153,67,38,81,125
"ENSMUSG00000091155",12,6,25,39,14,20,21,34
"ENSMUSG00000091177",0,1,0,1,3,1,0,1
"ENSMUSG00000091183",7,12,26,18,22,15,14,34
"ENSMUSG00000091264",12,3,37,46,25,9,31,36
"ENSMUSG00000091337",8,5,29,37,22,8,26,35
"ENSMUSG00000091351",2,8,18,14,4,9,10,26
"ENSMUSG00000091387",2,2,7,4,6,2,0,9
"ENSMUSG00000091457",0,1,1,0,0,2,1,2
"ENSMUSG00000091474",1,3,7,3,2,1,2,11
"ENSMUSG00000091476",5,7,17,9,16,9,13,19
"ENSMUSG00000091511",0,2,2,6,0,4,6,3
"ENSMUSG00000091512",2,0,11,3,6,4,8,9
"ENSMUSG00000091537",28,14,54,97,73,31,55,99
"ENSMUSG00000091558",7,1,19,16,10,3,14,17
"ENSMUSG00000091636",1,0,1,1,0,0,3,4
"ENSMUSG00000091685",4,4,13,4,2,4,4,9
"ENSMUSG00000091712",0,1,1,0,9,7,6,6
"ENSMUSG00000091722",0,0,3,1,1,0,0,1
"ENSMUSG00000091735",0,0,3,3,2,1,3,2
"ENSMUSG00000091780",5,5,8,13,16,1,8,11
"ENSMUSG00000091811",3,0,7,7,5,4,7,5
"ENSMUSG00000091896",17,14,84,70,61,37,55,93
"ENSMUSG00000091898",4,0,3,5,5,4,6,4
"ENSMUSG00000091908",5,6,25,24,29,16,20,24
"ENSMUSG00000091955",3,1,43,33,30,9,21,30
"ENSMUSG00000091985",4,3,11,9,8,13,9,23
"ENSMUSG00000092048",0,2,1,2,3,3,1,5
"ENSMUSG00000092083",14,14,16,23,24,32,64,32
"ENSMUSG00000092090",0,1,0,1,3,1,4,3
"ENSMUSG00000092094",12,5,12,5,12,7,24,17
"ENSMUSG00000092116",3,2,14,15,11,2,14,17
"ENSMUSG00000092157",0,13,0,40,0,23,0,80
"ENSMUSG00000092196",0,0,0,1,1,0,5,0
"ENSMUSG00000092232",4,8,6,19,15,10,14,24
"ENSMUSG00000092274",60,96,142,315,165,236,79,490
"ENSMUSG00000092286",15,6,22,31,27,26,18,39
"ENSMUSG00000092329",200,182,583,744,451,351,381,913
"ENSMUSG00000092341",9145,9033,27310,25941,25920,26428,26927,53693
"ENSMUSG00000092365",0,3,16,26,0,11,10,48
"ENSMUSG00000092368",9,6,19,26,19,11,14,38
"ENSMUSG00000092399",7,4,10,8,10,3,7,8
"ENSMUSG00000092416",6,4,9,7,11,7,5,12
"ENSMUSG00000092500",0,0,1,3,1,1,1,3
"ENSMUSG00000092607",2,1,6,10,6,6,5,10
"ENSMUSG00000092625",7,4,8,5,6,10,14,29
"ENSMUSG00000093383",9,8,6,4,14,16,30,33
"ENSMUSG00000093387",6,5,15,17,9,6,8,14
"ENSMUSG00000093511",4,4,6,8,1,2,1,8
"ENSMUSG00000093514",2,0,4,2,8,1,11,7
"ENSMUSG00000093528",4,6,3,1,11,22,33,21
"ENSMUSG00000093674",109,54,345,638,255,138,240,349
"ENSMUSG00000093846",0,0,0,2,0,1,2,1
"ENSMUSG00000093904",21,16,84,103,69,59,78,109
"ENSMUSG00000093930",13,4,25,36,26,29,23,33
"ENSMUSG00000094002",1,0,3,5,3,2,7,9
"ENSMUSG00000094083",2,0,1,0,1,1,4,0
"ENSMUSG00000094296",0,0,4,1,4,0,7,1
"ENSMUSG00000094483",11,6,44,47,28,13,40,37
"ENSMUSG00000094500",2,0,11,11,4,9,7,16
"ENSMUSG00000094626",0,2,4,5,2,3,7,3
"ENSMUSG00000094685",2,7,18,22,14,5,15,26
"ENSMUSG00000094870",4,3,14,19,12,6,9,6
"ENSMUSG00000094910",3,2,1,4,2,3,9,7
"ENSMUSG00000094958",7,2,14,7,8,5,8,13
"ENSMUSG00000095041",9,5,28,17,23,21,44,33
"ENSMUSG00000095098",2,2,35,31,12,12,15,37
"ENSMUSG00000095139",7,6,26,12,17,14,17,18
"ENSMUSG00000095253",16,4,21,25,11,14,22,29
"ENSMUSG00000095362",3,3,8,10,5,6,6,11
"ENSMUSG00000095388",6,2,1,3,3,5,3,6
"ENSMUSG00000095403",17,37,66,72,116,61,60,205
"ENSMUSG00000095407",0,0,3,1,5,2,5,7
"ENSMUSG00000095567",2,1,6,4,11,4,11,9
"ENSMUSG00000095595",5,3,10,16,22,7,12,14
"ENSMUSG00000095779",92,138,256,945,97,251,101,625
"ENSMUSG00000095930",32,9,99,59,75,40,42,55
"ENSMUSG00000096054",48,27,100,95,113,72,121,142
"ENSMUSG00000096141",1,0,3,4,4,4,3,4
"ENSMUSG00000096188",3,2,7,7,6,3,13,11
"ENSMUSG00000096199",5,0,10,19,9,2,7,15
"ENSMUSG00000096210",5,5,14,25,21,15,20,25
"ENSMUSG00000096370",4,12,20,16,23,16,21,32
"ENSMUSG00000096433",2,0,3,4,5,3,5,8
"ENSMUSG00000096472",6,8,18,22,20,13,21,48
"ENSMUSG00000096537",0,0,0,0,0,0,0,0
"ENSMUSG00000096768",5,4,26,13,15,17,1,25
"ENSMUSG00000096795",1,1,3,6,3,4,1,10
"ENSMUSG00000096847",6,2,9,7,6,17,8,9
"ENSMUSG00000096883",2,0,1,8,4,2,5,2
"ENSMUSG00000096914",22,13,22,18,30,15,111,38
"ENSMUSG00000096938",0,1,3,1,0,0,2,3
"ENSMUSG00000096941",1,2,1,2,0,0,2,13
"ENSMUSG00000096944",4,3,6,13,2,4,6,12
"ENSMUSG00000096948",0,0,16,11,20,9,6,7
"ENSMUSG00000096958",5,5,21,35,15,14,16,22
"ENSMUSG00000096972",7,4,12,7,1,2,7,7
"ENSMUSG00000096977",3,0,1,1,2,4,12,3
"ENSMUSG00000096988",1,1,2,4,4,3,3,6
"ENSMUSG00000096990",8,2,23,39,35,17,15,56
"ENSMUSG00000096993",3,3,8,8,9,2,6,2
"ENSMUSG00000096995",0,0,3,2,4,1,2,4
"ENSMUSG00000096999",1,0,1,1,0,5,3,4
"ENSMUSG00000097023",18,10,50,27,39,13,51,37
"ENSMUSG00000097026",1,3,6,5,2,1,1,3
"ENSMUSG00000097030",3,2,24,19,2,4,7,18
"ENSMUSG00000097039",3,8,11,17,12,15,14,46
"ENSMUSG00000097048",9,8,11,14,7,10,11,13
"ENSMUSG00000097051",19,16,69,72,50,33,30,70
"ENSMUSG00000097061",4,0,8,8,12,6,11,10
"ENSMUSG00000097068",0,0,3,2,2,0,2,1
"ENSMUSG00000097071",19,13,29,20,27,32,13,39
"ENSMUSG00000097090",19,17,53,61,50,20,33,71
"ENSMUSG00000097098",3,3,14,12,9,4,20,13
"ENSMUSG00000097101",8,9,36,13,22,17,23,23
"ENSMUSG00000097119",0,1,3,2,4,2,4,5
"ENSMUSG00000097122",3,0,11,3,12,6,7,7
"ENSMUSG00000097131",0,0,1,5,5,3,5,5
"ENSMUSG00000097156",220,115,1035,361,1171,432,698,781
"ENSMUSG00000097164",0,3,4,8,8,8,6,17
"ENSMUSG00000097166",4,3,4,7,11,2,3,8
"ENSMUSG00000097167",1,2,5,7,4,11,6,11
"ENSMUSG00000097168",2,2,14,13,8,5,8,18
"ENSMUSG00000097182",3,1,1,3,3,7,5,14
"ENSMUSG00000097189",1,0,6,11,4,6,5,10
"ENSMUSG00000097206",37,32,131,145,76,92,77,195
"ENSMUSG00000097207",3,3,14,5,16,6,5,19
"ENSMUSG00000097213",7,7,12,8,14,15,15,13
"ENSMUSG00000097217",3,1,9,4,2,3,7,10
"ENSMUSG00000097219",6,4,24,17,23,21,33,50
"ENSMUSG00000097234",2,6,14,15,14,8,11,28
"ENSMUSG00000097243",0,2,3,13,11,13,4,16
"ENSMUSG00000097248",2,0,1,2,1,0,10,2
"ENSMUSG00000097253",2,2,3,4,5,5,1,5
"ENSMUSG00000097258",0,2,11,1,7,2,4,10
"ENSMUSG00000097263",18,34,69,71,62,54,57,168
"ENSMUSG00000097276",0,2,2,5,1,4,7,8
"ENSMUSG00000097277",4,4,30,16,22,8,21,19
"ENSMUSG00000097282",3,2,4,3,9,2,5,2
"ENSMUSG00000097289",0,0,0,0,0,2,1,1
"ENSMUSG00000097300",10,36,25,72,24,56,17,102
"ENSMUSG00000097305",0,5,10,7,5,8,9,15
"ENSMUSG00000097316",6,2,6,6,9,7,10,15
"ENSMUSG00000097335",3,3,8,10,6,5,5,16
"ENSMUSG00000097337",6,8,10,3,10,5,8,12
"ENSMUSG00000097348",65,72,189,204,140,129,76,226
"ENSMUSG00000097350",4,4,8,8,9,15,13,17
"ENSMUSG00000097360",2,0,1,4,3,2,2,7
"ENSMUSG00000097364",4,0,10,3,1,2,1,6
"ENSMUSG00000097380",10,10,15,16,8,12,11,23
"ENSMUSG00000097383",1,0,3,3,1,3,2,2
"ENSMUSG00000097390",4,1,16,12,15,1,1,22
"ENSMUSG00000097391",1,0,1,5,1,6,5,12
"ENSMUSG00000097392",6,2,21,11,6,13,20,25
"ENSMUSG00000097393",0,0,3,0,0,0,2,1
"ENSMUSG00000097410",2,1,15,22,3,16,8,34
"ENSMUSG00000097414",1,0,2,2,1,0,3,1
"ENSMUSG00000097423",0,1,0,3,2,2,1,8
"ENSMUSG00000097431",5,2,6,6,14,3,10,8
"ENSMUSG00000097440",6,7,14,12,28,19,13,34
"ENSMUSG00000097441",1,0,0,0,1,0,0,0
"ENSMUSG00000097445",1,4,7,10,15,11,6,13
"ENSMUSG00000097452",0,1,2,0,2,4,6,6
"ENSMUSG00000097462",16,36,44,72,23,47,13,91
"ENSMUSG00000097466",0,0,0,0,0,0,1,0
"ENSMUSG00000097469",59,40,122,126,102,79,82,235
"ENSMUSG00000097479",3,3,5,9,6,7,6,11
"ENSMUSG00000097494",1,0,2,1,2,3,3,2
"ENSMUSG00000097497",1,1,1,0,1,1,0,2
"ENSMUSG00000097505",1,1,5,6,5,3,3,10
"ENSMUSG00000097516",3,0,1,3,0,9,3,10
"ENSMUSG00000097518",52,31,155,223,102,59,102,160
"ENSMUSG00000097520",11,4,45,14,38,8,25,22
"ENSMUSG00000097536",9,6,26,17,15,18,26,34
"ENSMUSG00000097545",1,5,2,5,16,12,22,19
"ENSMUSG00000097546",4,3,9,11,6,7,8,16
"ENSMUSG00000097554",2,2,14,12,11,9,7,30
"ENSMUSG00000097560",37,23,103,91,46,38,62,103
"ENSMUSG00000097577",3,1,11,8,10,5,7,11
"ENSMUSG00000097591",6,2,30,13,25,5,14,26
"ENSMUSG00000097596",1,0,1,0,0,3,1,2
"ENSMUSG00000097616",11,5,32,14,18,7,9,22
"ENSMUSG00000097622",24,10,21,35,42,24,14,37
"ENSMUSG00000097625",4,5,15,21,10,8,16,24
"ENSMUSG00000097626",2,0,2,1,2,1,3,3
"ENSMUSG00000097636",2,0,1,4,1,4,2,1
"ENSMUSG00000097649",7,15,36,28,46,9,17,36
"ENSMUSG00000097652",1,0,0,1,1,0,0,1
"ENSMUSG00000097661",2,4,14,24,20,11,14,30
"ENSMUSG00000097672",1,0,14,1,0,9,4,24
"ENSMUSG00000097695",0,2,1,6,0,6,4,2
"ENSMUSG00000097705",0,0,3,2,1,2,1,2
"ENSMUSG00000097707",4,3,21,18,22,19,19,30
"ENSMUSG00000097710",1,0,0,1,1,0,1,2
"ENSMUSG00000097715",0,0,6,1,5,2,10,7
"ENSMUSG00000097723",44,61,182,72,115,141,127,189
"ENSMUSG00000097726",4,6,4,4,7,6,5,6
"ENSMUSG00000097736",7,2,9,8,8,11,21,24
"ENSMUSG00000097746",2,0,1,7,5,3,1,7
"ENSMUSG00000097748",2,0,4,6,9,5,9,10
"ENSMUSG00000097752",0,0,0,0,0,0,1,0
"ENSMUSG00000097756",0,0,10,5,3,1,3,5
"ENSMUSG00000097762",1,0,2,1,0,3,3,6
"ENSMUSG00000097764",1,1,3,4,1,0,1,2
"ENSMUSG00000097767",3,3,6,2,15,15,15,22
"ENSMUSG00000097770",0,1,1,0,1,0,0,1
"ENSMUSG00000097775",3,1,11,4,4,2,7,5
"ENSMUSG00000097784",3,0,4,3,3,6,3,5
"ENSMUSG00000097785",1,1,0,7,2,3,4,1
"ENSMUSG00000097789",4,1,9,3,1,2,9,4
"ENSMUSG00000097804",1,0,0,2,0,1,1,0
"ENSMUSG00000097811",2,0,12,7,4,3,2,14
"ENSMUSG00000097814",0,0,0,1,0,0,0,3
"ENSMUSG00000097827",3,4,13,4,12,4,13,9
"ENSMUSG00000097834",0,0,1,1,0,3,3,2
"ENSMUSG00000097868",2,0,0,6,1,4,5,5
"ENSMUSG00000097875",42,27,163,118,111,100,51,289
"ENSMUSG00000097881",13,7,45,27,52,26,17,50
"ENSMUSG00000097887",9,9,22,16,21,15,11,20
"ENSMUSG00000097899",0,0,2,1,1,3,1,2
"ENSMUSG00000097911",5,5,12,3,21,8,19,17
"ENSMUSG00000097915",1,0,1,4,3,1,6,3
"ENSMUSG00000097922",49,35,120,83,109,46,49,119
"ENSMUSG00000097971",23,16,54,47,62,59,72,234
"ENSMUSG00000098024",2,1,10,9,4,4,5,14
"ENSMUSG00000098041",12,7,13,15,13,15,4,26
"ENSMUSG00000098051",2,0,1,5,3,2,7,10
"ENSMUSG00000098087",15,8,22,6,23,3,14,8
"ENSMUSG00000098088",5,15,80,72,41,33,24,80
"ENSMUSG00000098097",1,0,1,5,1,7,4,2
"ENSMUSG00000098108",0,0,1,1,1,3,0,1
"ENSMUSG00000098178",8,5,17,17,37,22,133,202
"ENSMUSG00000098202",0,3,0,0,1,1,2,2
"ENSMUSG00000098206",1,0,1,0,2,1,4,2
"ENSMUSG00000098233",5,0,12,3,4,3,0,3
"ENSMUSG00000098234",0,2,8,7,2,2,9,19
"ENSMUSG00000098274",17,9,91,118,51,33,47,101
"ENSMUSG00000098284",7,6,20,39,12,10,7,25
"ENSMUSG00000098340",0,5,3,5,1,1,4,7
"ENSMUSG00000098374",0,2,4,2,3,2,5,4
"ENSMUSG00000098449",3,1,1,2,3,7,5,7
"ENSMUSG00000098557",1,0,9,8,8,0,6,2
"ENSMUSG00000098630",1,0,0,0,0,0,0,0
"ENSMUSG00000098682",0,0,3,0,3,0,9,0
"ENSMUSG00000098702",3,0,7,12,4,11,8,6
"ENSMUSG00000098739",1,1,1,3,1,1,4,1
"ENSMUSG00000098760",2,1,3,2,3,6,6,12
"ENSMUSG00000099051",13,6,44,26,28,18,29,33
"ENSMUSG00000099061",2,0,1,3,0,2,5,3
"ENSMUSG00000099190",0,0,0,3,1,2,1,3
"ENSMUSG00000099343",0,0,0,0,1,1,1,2
"ENSMUSG00000099401",6,2,18,8,14,15,13,13
"ENSMUSG00000099510",4,0,9,5,4,5,3,9
"ENSMUSG00000099703",5,1,13,18,20,8,8,39
"ENSMUSG00000099706",4,11,24,6,5,5,4,64
"ENSMUSG00000099718",2,3,3,5,4,5,4,3
"ENSMUSG00000099869",22,18,93,125,47,21,66,105
"ENSMUSG00000099895",6,4,18,25,19,13,12,20
"ENSMUSG00000099908",0,3,14,5,6,4,12,7
"ENSMUSG00000099964",4,2,19,2,8,6,7,8
"ENSMUSG00000099966",1,0,4,7,6,3,10,11
"ENSMUSG00000099994",0,0,0,1,1,1,4,2
"ENSMUSG00000100120",0,0,0,1,0,2,0,0
"ENSMUSG00000100252",32,12,42,23,52,28,31,29
"ENSMUSG00000100303",0,0,3,3,4,3,5,5
"ENSMUSG00000100314",0,0,1,0,0,0,0,0
"ENSMUSG00000100486",7,4,68,71,44,13,36,56
"ENSMUSG00000100536",1,1,3,4,0,4,1,13
"ENSMUSG00000100558",0,0,3,0,2,0,1,1
"ENSMUSG00000100596",0,0,3,0,2,1,2,0
"ENSMUSG00000100632",3,3,5,3,4,5,6,5
"ENSMUSG00000100832",1,1,7,17,23,1,9,4
"ENSMUSG00000100851",42,51,57,12,81,47,178,72
"ENSMUSG00000100891",1,3,5,8,6,4,1,5
"ENSMUSG00000101013",3,1,6,13,6,5,10,10
"ENSMUSG00000101102",1,0,0,1,0,0,1,0
"ENSMUSG00000101156",3,1,0,11,3,9,2,4
"ENSMUSG00000101337",0,1,5,4,2,1,3,3
"ENSMUSG00000101448",2,1,2,7,2,3,1,7
"ENSMUSG00000101585",6,8,22,18,15,10,13,28
"ENSMUSG00000101609",14,14,31,14,35,23,38,36
"ENSMUSG00000101621",3,4,5,6,10,7,25,10
"ENSMUSG00000101640",10,9,15,18,27,28,42,50
"ENSMUSG00000101643",0,0,0,0,0,1,4,0
"ENSMUSG00000101674",0,0,2,1,0,1,0,0
"ENSMUSG00000101693",1,0,1,1,2,2,5,1
"ENSMUSG00000101797",0,0,1,3,2,1,1,2
"ENSMUSG00000101799",1,0,2,2,0,0,2,3
"ENSMUSG00000101845",13,3,40,45,24,18,27,48
"ENSMUSG00000101892",2,3,11,15,4,6,2,18
"ENSMUSG00000101930",1,0,3,1,0,3,2,7
"ENSMUSG00000101952",1,3,2,7,5,4,4,3
"ENSMUSG00000102014",0,0,1,2,1,0,4,7
"ENSMUSG00000102046",0,0,2,1,0,1,0,2
"ENSMUSG00000102252",0,2,2,1,3,3,8,7
"ENSMUSG00000102329",1,3,0,2,0,1,0,1
"ENSMUSG00000102362",2,0,3,2,1,7,0,4
"ENSMUSG00000102368",10,3,2,1,0,10,9,18
"ENSMUSG00000102416",0,1,8,7,1,5,2,6
"ENSMUSG00000102422",0,1,0,0,1,3,0,2
"ENSMUSG00000102540",5,3,15,11,4,3,3,24
"ENSMUSG00000102679",3,1,13,9,0,0,3,0
"ENSMUSG00000102692",1,0,1,1,1,2,1,0
"ENSMUSG00000102758",11,12,56,26,52,38,61,51
"ENSMUSG00000102761",0,0,0,1,0,1,0,0
"ENSMUSG00000102762",2,0,8,6,8,4,4,11
"ENSMUSG00000102784",5,5,9,17,5,12,9,17
"ENSMUSG00000102805",23,13,56,68,42,51,43,87
"ENSMUSG00000102938",0,0,2,0,0,4,5,4
"ENSMUSG00000103034",11,10,32,79,28,19,47,40
"ENSMUSG00000103139",4,3,8,7,4,10,5,7
"ENSMUSG00000103393",1,3,11,12,9,6,9,8
"ENSMUSG00000103428",6,0,12,3,9,21,15,12
"ENSMUSG00000103649",1,1,8,3,7,3,7,5
"ENSMUSG00000103961",0,0,1,2,0,0,0,1
"ENSMUSG00000103971",22,22,42,68,28,42,16,121
"ENSMUSG00000103983",0,4,3,5,8,0,6,8
"ENSMUSG00000104093",4,4,3,4,5,7,5,7
"ENSMUSG00000104106",1,2,1,4,0,0,1,7
"ENSMUSG00000104168",0,2,7,6,2,2,5,4
"ENSMUSG00000104206",6,2,12,8,2,4,14,9
"ENSMUSG00000104208",1,0,2,4,6,0,4,7
"ENSMUSG00000104245",11,10,8,22,11,29,10,30
"ENSMUSG00000104283",0,0,1,2,4,2,2,0
"ENSMUSG00000104302",4,1,15,8,11,8,12,18
"ENSMUSG00000104556",0,3,2,2,1,1,2,0
"ENSMUSG00000104585",1,11,47,28,21,23,20,42
"ENSMUSG00000104586",1,0,0,1,1,0,3,5
"ENSMUSG00000104597",4,2,6,18,14,9,8,12
"ENSMUSG00000104784",0,2,8,3,5,4,6,9
"ENSMUSG00000104861",3,1,11,3,4,5,4,9
"ENSMUSG00000104894",1,1,1,0,5,0,4,3
"ENSMUSG00000104985",6,1,3,14,5,4,4,8
"ENSMUSG00000105068",4,0,5,7,7,4,3,8
"ENSMUSG00000105085",1,0,2,1,0,1,0,2
"ENSMUSG00000105152",0,0,0,0,1,1,0,1
"ENSMUSG00000105153",2,0,0,1,0,2,1,3
"ENSMUSG00000105219",0,0,1,3,0,0,1,1
"ENSMUSG00000105255",5,2,19,16,13,16,17,20
"ENSMUSG00000105279",1,0,1,0,2,1,0,0
"ENSMUSG00000105324",0,1,0,2,0,0,1,1
"ENSMUSG00000105361",5,1,6,3,23,10,118,152
"ENSMUSG00000105503",5,1,7,7,6,3,4,12
"ENSMUSG00000105504",1,18,0,111,1,57,1,125
"ENSMUSG00000105552",21,9,39,59,41,37,33,85
"ENSMUSG00000105640",0,0,0,0,0,1,17,0
"ENSMUSG00000105736",0,1,2,0,1,0,3,2
"ENSMUSG00000105797",0,0,3,3,0,0,0,1
"ENSMUSG00000105867",2,1,8,9,4,5,9,4
"ENSMUSG00000105891",1,0,4,2,5,4,4,4
"ENSMUSG00000106053",0,0,0,2,2,0,0,1
"ENSMUSG00000106093",1,2,0,3,1,1,9,0
"ENSMUSG00000106139",1,0,5,0,5,1,5,4
"ENSMUSG00000106218",19,19,12,92,68,38,62,149
"ENSMUSG00000106261",8,1,18,6,15,2,12,6
"ENSMUSG00000106379",1,0,6,12,15,15,17,8
"ENSMUSG00000106395",22,30,63,125,21,58,34,128
"ENSMUSG00000106515",3,6,2,5,6,4,8,5
"ENSMUSG00000106688",0,0,1,0,2,3,1,3
"ENSMUSG00000106719",0,5,14,6,5,1,1,11
"ENSMUSG00000106777",0,0,1,0,0,0,0,0
"ENSMUSG00000106874",0,0,3,1,2,1,0,4
"ENSMUSG00000106902",9,6,8,23,5,26,3,13
"ENSMUSG00000106918",18,5,40,53,26,42,25,63
"ENSMUSG00000106967",5,0,17,14,9,9,10,9
"ENSMUSG00000107002",17,10,46,61,42,20,50,60
"ENSMUSG00000107102",0,0,8,2,6,0,5,5
"ENSMUSG00000107132",2,0,0,0,3,0,4,0
"ENSMUSG00000107143",2,0,2,2,3,1,4,5
"ENSMUSG00000107230",0,1,0,0,1,0,3,1
"ENSMUSG00000107283",5,5,13,14,18,7,16,16
"ENSMUSG00000107563",0,0,0,1,1,1,1,3
"ENSMUSG00000107722",4,2,7,7,10,7,7,15
"ENSMUSG00000107736",0,10,2,12,3,11,1,21
"ENSMUSG00000107799",1,0,1,2,5,5,3,1
"ENSMUSG00000107802",4,2,2,4,7,5,5,7
"ENSMUSG00000107815",12,14,64,29,30,26,51,49
"ENSMUSG00000107862",29,10,130,52,70,48,55,74
"ENSMUSG00000107872",3,4,13,10,17,13,15,20
"ENSMUSG00000108034",4,6,15,18,15,9,16,19
"ENSMUSG00000108043",0,0,3,5,0,2,1,3
"ENSMUSG00000108141",1,0,0,0,1,0,0,2
"ENSMUSG00000108321",1,3,1,6,6,3,4,13
"ENSMUSG00000108332",6,1,4,12,7,5,1,6
"ENSMUSG00000108434",2,0,1,0,3,3,0,4
"ENSMUSG00000108511",2,0,4,4,3,2,5,6
"ENSMUSG00000108532",1,2,9,3,6,3,7,2
"ENSMUSG00000108563",10,14,36,39,20,6,13,35
"ENSMUSG00000108569",3,3,0,1,2,0,3,3
"ENSMUSG00000108621",3,4,8,10,9,4,11,6
"ENSMUSG00000108801",1,7,13,21,22,13,20,20
"ENSMUSG00000108854",0,0,1,0,1,0,0,0
"ENSMUSG00000108867",0,0,1,0,0,2,2,2
"ENSMUSG00000109006",5,4,18,26,23,16,23,34
"ENSMUSG00000109008",2,0,10,9,14,9,8,10
"ENSMUSG00000109088",0,0,7,1,5,1,6,2
"ENSMUSG00000109121",2,0,1,1,1,5,4,1
"ENSMUSG00000109125",2,1,2,1,2,5,3,3
"ENSMUSG00000109324",1,2,10,20,16,3,11,9
"ENSMUSG00000109327",3,3,5,8,5,8,0,9
"ENSMUSG00000109336",1,5,10,10,6,11,13,12
"ENSMUSG00000109351",3,0,11,2,4,2,3,2
"ENSMUSG00000109372",0,0,0,1,1,1,2,2
"ENSMUSG00000109394",3,1,8,7,6,4,5,4
"ENSMUSG00000109436",1,0,2,1,3,1,2,5
"ENSMUSG00000109554",15,6,14,11,18,18,26,20
